id,answer,aliases,clue_1_40pts,clue_2_30pts,clue_3_20pts,clue_4_10pts,source
custom_lionelmessi,Lionel Messi,ليونيل ميسي;ميسي;ليو ميسي;Lionel Messi,حصلت على جائزة أفضل لاعب في كأس العالم مرتين: ٢٠١٤ و٢٠٢٢.,أحرزت ذهبية أولمبياد بكين ٢٠٠٨ مع منتخب بلدي.,فزت بكأس العالم ٢٠٢٢ مع الأرجنتين.,قضيت أغلب مسيرتي ببرشلونة، واسمي الأول ليونيل.,Authored historical career facts; see SOURCES.md
custom_cristianoronaldo,Cristiano Ronaldo,كريستيانو رونالدو;رونالدو;كرستيانو;Cristiano Ronaldo,وصلت لنهائي يورو ٢٠٠٤ وأنا لاعب شاب.,فزت بدوري الأبطال مع مانشستر يونايتد ثم ريال مدريد.,قُدت البرتغال للتتويج بيورو ٢٠١٦.,اشتهرت بالرقم ٧، ولعبت لريال مدريد ويوفنتوس والنصر.,Authored historical career facts; see SOURCES.md
custom_neymarjr,Neymar Jr,نيمار;نيمار جونيور;Neymar Jr,فزت بكوبا ليبرتادوريس مع سانتوس سنة ٢٠١١.,كنت ضمن ثلاثي هجومي ببرشلونة مع لاعبين من الأرجنتين والأوروغواي.,سجّلت ركلة الترجيح الحاسمة لذهب البرازيل الأولمبي سنة ٢٠١٦.,انتقلت من برشلونة إلى باريس بصفقة قياسية سنة ٢٠١٧، واسمي يبدأ بنيم.,Authored historical career facts; see SOURCES.md
custom_lukamodric,Luka Modrić,لوكا مودريتش;مودريتش;مودرتش;Luka Modrić,لعبت لدينامو زغرب قبل انتقالي للدوري الإنكليزي.,فزت بالكرة الذهبية سنة ٢٠١٨.,وصلت مع كرواتيا لنهائي كأس العالم ٢٠١٨.,لعبت لتوتنهام ثم ريال مدريد؛ لاعب وسط واسمي لوكا.,Authored historical career facts; see SOURCES.md
custom_karimbenzema,Karim Benzema,كريم بنزيما;بنزيما;بنزيمة;Karim Benzema,بدأت تألقي في الدوري الفرنسي مع ليون.,كنت هداف دوري الأبطال في موسم ٢٠٢١–٢٠٢٢.,فزت بالكرة الذهبية سنة ٢٠٢٢.,مهاجم فرنسي لعب طويلاً لريال مدريد قبل الاتحاد السعودي؛ اسمي كريم.,Authored historical career facts; see SOURCES.md
custom_robertlewandowski,Robert Lewandowski,روبرت ليفاندوفسكي;ليفاندوفسكي;ليڤاندوفسكي;Robert Lewandowski,سجّلت أربعة أهداف في مباراة واحدة ضد ريال مدريد بدوري الأبطال ٢٠١٣.,سجّلت خمسة أهداف خلال تسع دقائق مع بايرن ضد فولفسبورغ سنة ٢٠١٥.,مهاجم بولندي لعب لدورتموند ثم بايرن.,انتقلت إلى برشلونة سنة ٢٠٢٢، واسمي الأول روبرت.,Authored historical career facts; see SOURCES.md
custom_luissuarez,Luis Suárez,لويس سواريز;سواريز;سواريس;Luis Suárez,فزت بكوبا أمريكا سنة ٢٠١١، ونلت جائزة أفضل لاعب بالبطولة.,فزت بالحذاء الذهبي الأوروبي وأنا في ليفربول، ثم وأنا في برشلونة.,أنا مهاجم من الأوروغواي، ولعبت مع ميسي ونيمار.,لعبت لأياكس وليفربول وبرشلونة وأتلتيكو؛ اسمي لويس.,Authored historical career facts; see SOURCES.md
custom_mohamedsalah,Mohamed Salah,محمد صلاح;صلاح;مو صلاح;Mohamed Salah,لعبت في الدوري السويسري مع بازل قبل الدوري الإنكليزي.,لعبت لتشيلسي وفيورنتينا وروما قبل فريقي الإنكليزي الأشهر.,فزت بدوري الأبطال ٢٠١٩ مع ليفربول.,جناح مصري يعرف بلقب الملك المصري؛ اسمي محمد.,Authored historical career facts; see SOURCES.md
custom_sadiomane,Sadio Mané,ساديو ماني;ماني;مانيه;Sadio Mané,سجّلت أسرع هاتريك في تاريخ البريميرليغ مع ساوثهامبتون سنة ٢٠١٥.,لعبت لليفربول ضمن خط هجومي مع صلاح وفيرمينو.,حسمت ركلة الترجيح تتويج السنغال بكأس أفريقيا ٢٠٢١ التي أُقيمت سنة ٢٠٢٢.,جناح سنغالي لعب لبايرن والنصر؛ اسمي ساديو.,Authored historical career facts; see SOURCES.md
custom_kevindebruyne,Kevin De Bruyne,كيفن دي بروين;دي بروين;ديبروين;دي بروينه;Kevin De Bruyne,لعبت لفولفسبورغ بعد تجربة قصيرة مع تشيلسي.,اشتهرت بصناعة اللعب والتمريرات الطويلة، وأنا بلجيكي.,كنت لاعباً بمانشستر سيتي عند تحقيق الثلاثية سنة ٢٠٢٣.,اسمي الأول كيفن، واسم عائلتي يتكون من كلمتين يبدأان بـ دي.,Authored historical career facts; see SOURCES.md
custom_erlinghaaland,Erling Haaland,إيرلينغ هالاند;ايرلينغ هالاند;هالاند;هولاند;Erling Haaland,سجّلت تسعة أهداف في مباراة بكأس العالم للشباب سنة ٢٠١٩.,لعبت لمولده وسالزبورغ قبل دورتموند.,مهاجم نرويجي حقق الثلاثية مع مانشستر سيتي سنة ٢٠٢٣.,سجّلت ٣٦ هدفاً في أول موسم لي بالبريميرليغ؛ اسمي إيرلينغ.,Authored historical career facts; see SOURCES.md
custom_kylianmbappe,Kylian Mbappé,كيليان مبابي;مبابي;امبابي;إمبابي;Kylian Mbappé,برزت مع موناكو في موسم تتويجه بالدوري الفرنسي ٢٠١٦–٢٠١٧.,سجّلت في نهائي كأس العالم ٢٠١٨ وأنا بعمر ١٩ سنة.,سجّلت هاتريك في نهائي كأس العالم ٢٠٢٢ مع فرنسا.,لعبت لباريس سان جيرمان وانتقلت لريال مدريد سنة ٢٠٢٤؛ اسمي كيليان.,Authored historical career facts; see SOURCES.md
custom_judebellingham,Jude Bellingham,جود بيلينغهام;بيلينغهام;بيلنغهام;بلينغهام;Jude Bellingham,نادي طفولتي برمنغهام اعتزل رقمي ٢٢ بعد رحيلي.,لعبت لبوروسيا دورتموند قبل الانتقال لإسبانيا.,لاعب وسط إنكليزي، وفزت بدوري الأبطال ٢٠٢٤.,ارتديت الرقم ٥ مع ريال مدريد، واسمي الأول جود.,Authored historical career facts; see SOURCES.md
custom_viniciusjunior,Vinícius Júnior,فينيسيوس جونيور;فينيسيوس;فينسيوس;فيني;Vinícius Júnior,بدأت مسيرتي الاحترافية مع فلامنغو.,سجّلت هدف الفوز في نهائي دوري الأبطال ٢٠٢٢.,سجّلت أيضاً في نهائي دوري الأبطال ٢٠٢٤ مع ريال مدريد.,جناح برازيلي لعب بالرقم ٧ لريال مدريد؛ اسمي يبدأ بفيني.,Authored historical career facts; see SOURCES.md
custom_rodrygo,Rodrygo,رودريغو;رودريجو;Rodrygo,نشأت كروياً في سانتوس البرازيلي.,سجّلت هاتريك بدوري الأبطال وأنا بعمر ١٨ سنة.,سجّلت هدفين متأخرين ضد مانشستر سيتي في إياب نصف نهائي ٢٠٢٢.,جناح برازيلي بريال مدريد، واسمي يبدأ بـ رود.,Authored historical career facts; see SOURCES.md
custom_lamineyamal,Lamine Yamal,لامين يامال;لامين جمال;يامال;لامال;Lamine Yamal,كنت أصغر لاعب يشارك مع منتخب إسبانيا الأول سنة ٢٠٢٣.,سجّلت ضد فرنسا في نصف نهائي يورو ٢٠٢٤ قبل عيد ميلادي السابع عشر.,جناح أعسر تخرّج من لاماسيا، وفاز بيورو ٢٠٢٤.,ألعب لبرشلونة، واسمي الأول لامين.,Authored historical career facts; see SOURCES.md
custom_colepalmer,Cole Palmer,كول بالمر;كول بالمير;بالمر;بالمير;Cole Palmer,سجّلت لمانشستر سيتي في كأس السوبر الأوروبي سنة ٢٠٢٣.,سجّلت أربعة أهداف لتشيلسي ضد إيفرتون في أبريل ٢٠٢٤.,جناح/لاعب وسط هجومي إنكليزي أعسر، وسجّلت في نهائي يورو ٢٠٢٤.,انتقلت من مانشستر سيتي إلى تشيلسي سنة ٢٠٢٣؛ اسمي كول.,Authored historical career facts; see SOURCES.md
custom_kobbiemainoo,Kobbie Mainoo,كوبي ماينو;كوبي مينوو;ماينو;مينو;Kobbie Mainoo,تخرّجت من أكاديمية أحد ناديَي مدينة مانشستر.,سجّلت في نهائي كأس الاتحاد الإنكليزي ٢٠٢٤.,لاعب وسط إنكليزي شاركت مع المنتخب في يورو ٢٠٢٤.,سجّلت مع غارناتشو بنهائي فوز مانشستر يونايتد على سيتي؛ اسمي كوبي.,Authored historical career facts; see SOURCES.md
custom_endrick,Endrick,إندريك;اندريك;إندريك فيليبي;Endrick,فزت بالدوري البرازيلي مع بالميراس وأنا مراهق.,سجّلت للبرازيل ضد إنكلترا في ويمبلي سنة ٢٠٢٤.,مهاجم برازيلي وُلد سنة ٢٠٠٦، واتفق ريال مدريد على ضمي وأنا صغير.,انتقلت من بالميراس إلى ريال مدريد سنة ٢٠٢٤؛ اسمي يبدأ بـ إند.,Authored historical career facts; see SOURCES.md
custom_florianwirtz,Florian Wirtz,فلوريان فيرتز;فيرتز;ويرتز;Florian Wirtz,ظهرت بالدوري الألماني وأنا بعمر ١٧ سنة.,كنت لاعباً أساسياً بموسم ليفركوزن الذي لم يخسر فيه بالدوري ٢٠٢٣–٢٠٢٤.,لاعب وسط هجومي ألماني، وسجّلت الهدف الأول في يورو ٢٠٢٤.,اسمي الأول فلوريان، واشتهرت مع باير ليفركوزن.,Authored historical career facts; see SOURCES.md
custom_jamalmusiala,Jamal Musiala,جمال موسيالا;موسيالا;موسيالا جمال;Jamal Musiala,قضيت جزءاً من نشأتي الكروية في أكاديمية تشيلسي.,مثّلت إنكلترا بالفئات العمرية ثم اخترت منتخباً آخر للكبار.,لاعب وسط هجومي ألماني تألق ببايرن ميونخ.,اسمي الأول جمال ولقبي الكروي بامبي.,Authored historical career facts; see SOURCES.md
custom_bukayosaka,Bukayo Saka,بوكايو ساكا;ساكا;Bukayo Saka,تخرّجت من أكاديمية هيل إند.,لعبت في بداياتي كظهير أيسر، ثم اشتهرت كجناح.,أنا إنكليزي وأعسر، وتألقت في آرسنال.,يرتبط بي لقب Starboy؛ اسمي الأول بوكايو.,Authored historical career facts; see SOURCES.md
custom_pedri,Pedri,بيدري;بيدري غونزاليس;Pedri,بدأت الاحتراف مع لاس بالماس.,نلت جائزتَي الفتى الذهبي وكوبا سنة ٢٠٢١.,لاعب وسط إسباني شارك بيورو ٢٠٢٠ وأولمبياد طوكيو.,انتقلت إلى برشلونة وأشتهر باسم من خمسة أحرف: بيـ... .,Authored historical career facts; see SOURCES.md
custom_gavi,Gavi,غافي;جافي;غافي بايز;Gavi,جئت إلى لاماسيا من فئات ريال بيتيس.,نلت جائزة كوبا والفتى الذهبي سنة ٢٠٢٢.,لاعب وسط إسباني، واسمي الكامل يبدأ ببابلـو.,اشتهرت ببرشلونة باسم قصير يبدأ بـ غا.,Authored historical career facts; see SOURCES.md
custom_eduardocamavinga,Eduardo Camavinga,إدواردو كامافينغا;ادواردو كامافينغا;كامافينغا;كامافينجا;Eduardo Camavinga,وُلدت في أنغولا ومثّلت فرنسا بالكبار.,بدأت مسيرتي الاحترافية مع رين.,لاعب وسط فرنسي، وأستطيع اللعب كظهير أيسر أيضاً.,انتقلت إلى ريال مدريد سنة ٢٠٢١؛ اسمي الأول إدواردو.,Authored historical career facts; see SOURCES.md
custom_federicovalverde,Federico Valverde,فيديريكو فالفيردي;فالفيردي;فالفردي;Federico Valverde,بدأت مسيرتي مع بينيارول.,لعبت مع ديبورتيفو لاكورونيا معاراً.,لاعب وسط من الأوروغواي، وصنعت هدف نهائي دوري الأبطال ٢٠٢٢.,اشتهرت في ريال مدريد بلقب الصقر؛ اسمي فيديريكو.,Authored historical career facts; see SOURCES.md
custom_khvichakvaratskhelia,Khvicha Kvaratskhelia,خفيتشا كفاراتسخيليا;كفاراتسخيليا;كفارا;كفاراتسكيليا;Khvicha Kvaratskhelia,لعبت في روسيا مع روبين كازان.,برزت في موسم تتويج نابولي بالدوري الإيطالي ٢٠٢٢–٢٠٢٣.,جناح من جورجيا، وشاركت مع منتخبها بيورو ٢٠٢٤.,اشتهرت مع نابولي بلقب كفارادونا؛ اسمي المختصر كفارا.,Authored historical career facts; see SOURCES.md
custom_victorosimhen,Victor Osimhen,فيكتور أوسيمين;فيكتور اوسيمين;اوسيمين;أوسيمين;اوسمن;Victor Osimhen,كنت هداف كأس العالم تحت ١٧ سنة سنة ٢٠١٥.,لعبت لفولفسبورغ وشارلروا وليل.,مهاجم نيجيري وكان هداف الدوري الإيطالي ٢٠٢٢–٢٠٢٣.,تألقت مع نابولي، وأشتهر بقناع حماية الوجه؛ اسمي فيكتور.,Authored historical career facts; see SOURCES.md
custom_viktorgyokeres,Viktor Gyökeres,فيكتور غيوكيريس;غيوكيريس;جيوكيريس;غيوكرس;جيوكرس;Viktor Gyökeres,لعبت في إنكلترا لكوفنتري سيتي.,انتقلت من كوفنتري إلى سبورتينغ لشبونة سنة ٢٠٢٣.,مهاجم سويدي، واشتهرت باحتفال أخفي فيه أسفل وجهي.,اسمي الأول فيكتور، وعائلتي يبدأ اسمها بـ غيو.,Authored historical career facts; see SOURCES.md
custom_rafaelleao,Rafael Leão,رافاييل لياو;رافائيل لياو;لياو;Rafael Leão,نشأت في سبورتينغ لشبونة.,لعبت لليل قبل الانتقال لإيطاليا.,جناح برتغالي، وفزت بالدوري الإيطالي مع ميلان ٢٠٢٢.,أشتهر بالسرعة وبالرقم ١٠ في ميلان؛ اسمي رافاييل.,Authored historical career facts; see SOURCES.md
custom_didierdrogba,Didier Drogba,ديدييه دروغبا;دروغبا;دروجبا;Didier Drogba,لعبت لغانغان ثم مرسيليا قبل الانتقال لإنكلترا.,سجّلت التعادل ثم ركلة الترجيح الحاسمة بنهائي دوري الأبطال ٢٠١٢.,مهاجم من ساحل العاج، وفزت بدوري الأبطال مع تشيلسي.,اشتهرت بالقوة والتسجيل في النهائيات؛ اسمي ديدييه.,Authored historical career facts; see SOURCES.md
custom_franklampard,Frank Lampard,فرانك لامبارد;لامبارد;Frank Lampard,بدأت مسيرتي مع وست هام يونايتد.,لعبت لفترة مع مانشستر سيتي بعد مسيرتي الأشهر في لندن.,لاعب وسط إنكليزي وأصبحت الهداف التاريخي لتشيلسي.,دربت تشيلسي بعد الاعتزال؛ اسمي فرانك.,Authored historical career facts; see SOURCES.md
custom_stevengerrard,Steven Gerrard,ستيفن جيرارد;جيرارد;Steven Gerrard,قضيت معظم مسيرتي في نادٍ إنكليزي واحد قبل لوس أنجلوس غالاكسي.,سجّلت أول أهداف عودة فريقي في نهائي إسطنبول ٢٠٠٥.,لاعب وسط إنكليزي وقائد ليفربول.,اشتهرت بالرقم ٨، واسمي الأول ستيفن.,Authored historical career facts; see SOURCES.md
custom_xavihernandez,Xavi Hernández,تشافي هيرنانديز;تشافي;شافي;Xavi Hernández,نلت جائزة أفضل لاعب في يورو ٢٠٠٨.,فزت بكأس العالم ٢٠١٠ وبطولتَي يورو مع إسبانيا.,لاعب وسط صنع اللعب في برشلونة ثم لعب للسد القطري.,رجعت إلى برشلونة مدرباً؛ اسمي يبدأ بـ تشا.,Authored historical career facts; see SOURCES.md
custom_andresiniesta,Andrés Iniesta,أندريس إنييستا;اندريس انييستا;انييستا;إنييستا;انيستا;Andrés Iniesta,نلت جائزة أفضل لاعب في يورو ٢٠١٢.,سجّلت هدفاً متأخراً ضد تشيلسي في نصف نهائي دوري الأبطال ٢٠٠٩.,سجّلت هدف فوز إسبانيا بنهائي كأس العالم ٢٠١٠.,لاعب وسط اشتهر ببرشلونة ثم فيسيل كوبي؛ اسمي أندريس.,Authored historical career facts; see SOURCES.md
custom_fernandotorres,Fernando Torres,فرناندو توريس;توريس;Fernando Torres,كنت أصغر قائد لأتلتيكو مدريد.,سجّلت هدف فوز إسبانيا في نهائي يورو ٢٠٠٨.,مهاجم لعب لليفربول وتشيلسي، وفاز بدوري الأبطال ٢٠١٢.,لقبي الطفل El Niño، واسمي فرناندو.,Authored historical career facts; see SOURCES.md
custom_davidvilla,David Villa,دافيد فيا;ديفيد فيا;فيا;David Villa,تألقت مع فالنسيا قبل برشلونة.,كنت هداف إسبانيا في كأس العالم ٢٠١٠ بخمسة أهداف.,مهاجم إسباني لعب لبرشلونة وأتلتيكو ونيويورك سيتي.,لقبي El Guaje، واسمي الأول دافيد.,Authored historical career facts; see SOURCES.md
custom_francescototti,Francesco Totti,فرانشيسكو توتي;فرانشيسكو توتى;توتي;Francesco Totti,فزت بكأس العالم مع إيطاليا سنة ٢٠٠٦.,بقيت في نادٍ واحد طوال مسيرتي الاحترافية.,قائد روما التاريخي، ولعبت حتى سنة ٢٠١٧.,لقبي ملك روما، واسمي فرانشيسكو.,Authored historical career facts; see SOURCES.md
custom_alessandrodelpiero,Alessandro Del Piero,أليساندرو ديل بييرو;اليساندرو ديل بييرو;ديل بييرو;ديلبييرو;Alessandro Del Piero,فزت بكأس العالم مع إيطاليا سنة ٢٠٠٦.,لعبت في أستراليا مع سيدني بعد رحيلـي عن إيطاليا.,أصبحت الهداف التاريخي ليوفنتوس.,ارتديت الرقم ١٠ في يوفنتوس، واسمي أليساندرو.,Authored historical career facts; see SOURCES.md
custom_andreapirlo,Andrea Pirlo,أندريا بيرلو;اندريا بيرلو;بيرلو;Andrea Pirlo,لعبت لإنتر وميلان ويوفنتوس.,صنعت الهدف الافتتاحي لإيطاليا بنهائي كأس العالم ٢٠٠٦ من ركنية.,لاعب وسط إيطالي اشتهرت ببناء اللعب من العمق.,اشتهرت باللحية والكرات الثابتة؛ اسمي أندريا.,Authored historical career facts; see SOURCES.md
custom_wesleysneijder,Wesley Sneijder,ويسلي شنايدر;شنايدر;سنايدر;Wesley Sneijder,لعبت لأياكس ثم ريال مدريد قبل إيطاليا.,حققت الثلاثية مع إنتر سنة ٢٠١٠.,لاعب وسط هجومي هولندي وصلت لنهائي كأس العالم ٢٠١٠.,لعبت لغلطة سراي أيضاً؛ اسمي ويسلي.,Authored historical career facts; see SOURCES.md
custom_arjenrobben,Arjen Robben,آريين روبن;اريين روبن;أريين روبن;روبن;روبين;Arjen Robben,لعبت لتشيلسي ثم ريال مدريد قبل الدوري الألماني.,سجّلت هدف الفوز بنهائي دوري الأبطال ٢٠١٣.,جناح هولندي أعسر اشتهرت مع بايرن ميونخ.,اشتهرت بالدخول من اليمين والتسديد باليسرى؛ اسمي آريين.,Authored historical career facts; see SOURCES.md
custom_franckribery,Franck Ribéry,فرانك ريبيري;ريبيري;ريبري;Franck Ribéry,لعبت لغلطة سراي ومرسيليا قبل بايرن.,فزت بجائزة أفضل لاعب في أوروبا سنة ٢٠١٣.,جناح فرنسي، وحققت الثلاثية مع بايرن سنة ٢٠١٣.,كنت مع روبن ثنائي Robbery؛ اسمي فرانك.,Authored historical career facts; see SOURCES.md
custom_robinvanpersie,Robin van Persie,روبن فان بيرسي;فان بيرسي;فانبيرسي;Robin van Persie,بدأت مسيرتي مع فينورد.,كنت هداف البريميرليغ مع آرسنال ثم مع مانشستر يونايتد.,مهاجم هولندي أعسر، وسجّلت رأسية شهيرة ضد إسبانيا بمونديال ٢٠١٤.,لقّبت بالهولندي الطائر؛ اسم عائلتي فان بيرسي.,Authored historical career facts; see SOURCES.md
custom_waynerooney,Wayne Rooney,واين روني;وين روني;روني;Wayne Rooney,سجّلت بمرمى آرسنال مع إيفرتون وأنا بعمر ١٦ سنة.,سجّلت هاتريك في أول مباراة لي مع مانشستر يونايتد.,مهاجم إنكليزي وأصبحت الهداف التاريخي لمانشستر يونايتد.,اسمي واين، ولعبت أيضاً لدي سي يونايتد وديربي كاونتي.,Authored historical career facts; see SOURCES.md
custom_paulscholes,Paul Scholes,بول سكولز;سكولز;سكولس;Paul Scholes,تخرّجت ضمن جيل مانشستر يونايتد المعروف بـ Class of 92.,اعتزلت سنة ٢٠١١ ثم عدت للعب سنة ٢٠١٢.,لاعب وسط إنكليزي قضيت كامل مسيرتي الاحترافية مع مانشستر يونايتد.,اشتهرت بالشعر الأحمر والتمرير؛ اسمي بول.,Authored historical career facts; see SOURCES.md
custom_ryangiggs,Ryan Giggs,رايان غيغز;ريان غيغز;غيغز;جيجز;غيغس;Ryan Giggs,مثّلت منتخب ويلز، ثم بريطانيا في أولمبياد ٢٠١٢.,فزت بالدوري الإنكليزي ١٣ مرة.,جناح أعسر قضى مسيرته الاحترافية في مانشستر يونايتد.,اسمي الأول رايان، ولعبت حتى سنة ٢٠١٤.,Authored historical career facts; see SOURCES.md
custom_johnterry,John Terry,جون تيري;تيري;John Terry,تخرّجت من أكاديمية تشيلسي.,لعبت لأستون فيلا في نهاية مسيرتي.,قلب دفاع إنكليزي وقائد تشيلسي لسنوات.,اشتهرت بالرقم ٢٦، واسمي جون.,Authored historical career facts; see SOURCES.md
custom_rioferdinand,Rio Ferdinand,ريو فرديناند;فرديناند;فيرديناند;Rio Ferdinand,لعبت لوست هام وليدز قبل مانشستر.,فزت بدوري الأبطال ٢٠٠٨ مع مانشستر يونايتد.,قلب دفاع إنكليزي شكّلت شراكة شهيرة مع نيمانيا فيديتش.,لعبت لكوينز بارك رينجرز بنهاية مسيرتي؛ اسمي ريو.,Authored historical career facts; see SOURCES.md
custom_nemanjavidic,Nemanja Vidić,نيمانيا فيديتش;فيديچ;فيديتش;فيديتش;Nemanja Vidić,لعبت لسبارتاك موسكو قبل إنكلترا.,فزت بجائزة لاعب موسم البريميرليغ مرتين.,قلب دفاع صربي وقائد سابق لمانشستر يونايتد.,شكّلت شراكة مع ريو فرديناند؛ اسمي نيمانيا.,Authored historical career facts; see SOURCES.md
custom_philipplahm,Philipp Lahm,فيليب لام;فليب لام;لام;Philipp Lahm,لعبت لشتوتغارت معاراً في بداية مسيرتي.,استطعت اللعب كظهير على الجهتين وكلاعب وسط دفاعي.,قُدت ألمانيا للتتويج بكأس العالم ٢٠١٤.,قائد بايرن ميونخ سابقاً؛ اسمي فيليب.,Authored historical career facts; see SOURCES.md
custom_bastianschweinsteiger,Bastian Schweinsteiger,باستيان شفاينشتايغر;شفاينشتايغر;شفاينشتايجر;شفاينشتيغر;Bastian Schweinsteiger,بدأت كجناح ثم تحولت للاعب وسط.,لعبت لمانشستر يونايتد وشيكاغو فاير بعد بايرن.,لاعب وسط ألماني فاز بكأس العالم ٢٠١٤.,اسمي الأول باستيان، واسم عائلتي طويل يبدأ بشفاين.,Authored historical career facts; see SOURCES.md
custom_miroslavklose,Miroslav Klose,ميروسلاف كلوزه;ميروسلاف كلوزة;كلوزه;كلوزة;كلوزي;Miroslav Klose,لعبت لكايزرسلاوترن وفيردر بريمن وبايرن ولاتسيو.,سجّلت خمسة أهداف في كل من مونديالَي ٢٠٠٢ و٢٠٠٦.,مهاجم ألماني وفزت بكأس العالم ٢٠١٤.,أنا الهداف التاريخي لكأس العالم بـ١٦ هدفاً؛ اسمي ميروسلاف.,Authored historical career facts; see SOURCES.md
custom_kaka,Kaká,كاكا;ريكاردو كاكا;Kaká,فزت بالكرة الذهبية سنة ٢٠٠٧.,فزت بدوري الأبطال مع ميلان قبل الانتقال لريال مدريد.,لاعب وسط هجومي برازيلي، ولعبت أيضاً لأورلاندو سيتي.,اسمي الحقيقي ريكاردو، وأشتهر باسم من أربعة أحرف بالعربي.,Authored historical career facts; see SOURCES.md
custom_ronaldinho,Ronaldinho,رونالدينيو;رونالدينو;Ronaldinho,فزت بكوبا ليبرتادوريس مع أتلتيكو مينيرو سنة ٢٠١٣.,فزت بالكرة الذهبية سنة ٢٠٠٥.,برازيلي اشتهرت بالمراوغات والابتسامة ولعبت لبرشلونة وميلان.,لقبي غاوتشو، واسمي الأشهر يبدأ برونالد.,Authored historical career facts; see SOURCES.md
custom_ronaldonazario,Ronaldo Nazário,رونالدو نازاريو;رونالدو البرازيلي;رونالدو الظاهرة;الظاهرة;رونالدو;Ronaldo Nazário,فزت بكأس العالم مرتين مع البرازيل، في ١٩٩٤ و٢٠٠٢.,كنت هداف مونديال ٢٠٠٢ بثمانية أهداف.,لعبت لبرشلونة وإنتر وريال مدريد وميلان.,لقبي الظاهرة، وأنا رونالدو البرازيلي الذي اعتزل سنة ٢٠١١.,Authored historical career facts; see SOURCES.md
custom_samueletoo,Samuel Eto’o,صامويل إيتو;صامويل ايتو;ايتو;إيتو;Samuel Eto’o,فزت بكأس أفريقيا مع الكاميرون سنة ٢٠٠٠ و٢٠٠٢.,حققت ثلاثية مع برشلونة ٢٠٠٩، ثم إنتر ٢٠١٠.,مهاجم كاميروني لعب أيضاً لتشيلسي.,اشتهرت بالتسجيل في نهائيَي دوري الأبطال ٢٠٠٦ و٢٠٠٩؛ اسمي صامويل.,Authored historical career facts; see SOURCES.md
custom_diegoforlan,Diego Forlán,دييغو فورلان;دييجو فورلان;فورلان;Diego Forlán,لعبت لمانشستر يونايتد قبل فياريال وأتلتيكو.,فزت بالحذاء الذهبي الأوروبي مرتين.,نلت جائزة أفضل لاعب بكأس العالم ٢٠١٠ مع الأوروغواي.,مهاجم أشقر اشتهرت بالتسديد البعيد؛ اسمي دييغو.,Authored historical career facts; see SOURCES.md
custom_garethbale,Gareth Bale,غاريث بيل;جاريث بيل;غاريث بيل;بيل;Gareth Bale,بدأت كظهير أيسر في ساوثهامبتون.,سجّلت هاتريك ضد إنتر مع توتنهام سنة ٢٠١٠.,سجّلت هدفاً مقصياً بنهائي دوري الأبطال ٢٠١٨.,جناح ويلزي لعب لريال مدريد؛ اسمي غاريث.,Authored historical career facts; see SOURCES.md
custom_edenhazard,Eden Hazard,إيدين هازارد;ايدين هازارد;هازارد;هازرد;Eden Hazard,فزت بالدوري الفرنسي مع ليل سنة ٢٠١١.,نلت جائزة لاعب موسم البريميرليغ ٢٠١٤–٢٠١٥.,جناح بلجيكي لعب لتشيلسي وريال مدريد.,اسمي إيدين، وعندي أخ لاعب اسمه ثورغان.,Authored historical career facts; see SOURCES.md
custom_zlatanibrahimovic,Zlatan Ibrahimović,زلاتان إبراهيموفيتش;زلاتان ابراهيموفيتش;ابراهيموفيتش;إبراهيموفيتش;زلاتان;Zlatan Ibrahimović,لعبت لأياكس ويوفنتوس وإنتر وبرشلونة وميلان.,سجّلت أربعة أهداف للسويد ضد إنكلترا سنة ٢٠١٢، منها مقصية بعيدة.,مهاجم سويدي، ولعبت أيضاً لباريس ومانشستر يونايتد.,اسمي الأول زلاتان، واشتهرت بالتصريحات الواثقة.,Authored historical career facts; see SOURCES.md
custom_ikercasillas,Iker Casillas,إيكر كاسياس;ايكر كاسياس;كاسياس;Iker Casillas,بدأت بفئات ريال مدريد ولعبت مع الفريق الأول وأنا مراهق.,فزت بيورو ٢٠٠٨ و٢٠١٢ مع منتخب بلدي.,حارس إسباني وقائد المنتخب الفائز بكأس العالم ٢٠١٠.,اشتهرت بريال مدريد قبل بورتو، ولقبي القديس إيكر.,Authored historical career facts; see SOURCES.md
custom_gianluigibuffon,Gianluigi Buffon,جانلويجي بوفون;جيانلويجي بوفون;بوفون;Gianluigi Buffon,بدأت مسيرتي مع بارما.,فزت بكأس العالم مع إيطاليا سنة ٢٠٠٦.,حارس مرمى لعب طويلاً ليوفنتوس، ثم لباريس فترة قصيرة.,لقبي جيجي، واسمي جانلويجي.,Authored historical career facts; see SOURCES.md
custom_manuelneuer,Manuel Neuer,مانويل نوير;مانويل نوير;نوير;Manuel Neuer,بدأت مع شالكه قبل بايرن ميونخ.,اشتهرت بدور الحارس الليبرو والخروج بعيداً عن المرمى.,حارس ألمانيا الفائزة بكأس العالم ٢٠١٤.,حققت الثلاثية مع بايرن في ٢٠١٣ و٢٠٢٠؛ اسمي مانويل.,Authored historical career facts; see SOURCES.md
custom_sergioramos,Sergio Ramos,سيرخيو راموس;سيرجيو راموس;راموس;Sergio Ramos,بدأت مسيرتي الاحترافية مع إشبيلية.,سجّلت التعادل برأسية في الدقيقة ٩٣ بنهائي دوري الأبطال ٢٠١٤.,قلب دفاع إسباني فاز بكأس العالم ٢٠١٠.,كنت قائد ريال مدريد ولعبت لباريس أيضاً؛ اسمي سيرخيو.,Authored historical career facts; see SOURCES.md
custom_sergiobusquets,Sergio Busquets,سيرجيو بوسكيتس;سيرخيو بوسكيتس;بوسكيتس;بوسكتس;Sergio Busquets,صعدت لفريق برشلونة الأول في عهد غوارديولا.,فزت بكأس العالم ٢٠١٠ ويورو ٢٠١٢.,لاعب ارتكاز إسباني اشتهرت بالتمركز والتمرير البسيط.,انتقلت من برشلونة إلى إنتر ميامي سنة ٢٠٢٣؛ اسمي سيرجيو.,Authored historical career facts; see SOURCES.md
custom_tonikroos,Toni Kroos,توني كروس;كروس;Toni Kroos,بدأت في بايرن ولعبت لليفركوزن معاراً.,سجّلت هدفين متقاربين زمنياً في نصف نهائي مونديال ٢٠١٤ ضد البرازيل.,لاعب وسط ألماني وفزت بكأس العالم ٢٠١٤.,اشتهرت بالتمرير الدقيق مع ريال مدريد؛ اسمي توني.,Authored historical career facts; see SOURCES.md
custom_mesutozil,Mesut Özil,مسعود أوزيل;مسعود اوزيل;اوزيل;أوزيل;Mesut Özil,برزت مع فيردر بريمن قبل ريال مدريد.,فزت بكأس العالم ٢٠١٤ مع ألمانيا.,صانع ألعاب أعسر لعب لريال مدريد وآرسنال.,اسمي الأول مسعود واسم عائلتي يبدأ بأو.,Authored historical career facts; see SOURCES.md
custom_alexissanchez,Alexis Sánchez,أليكسيس سانشيز;اليكسيس سانشيز;سانشيز;سانشيس;Alexis Sánchez,لعبت لأودينيزي قبل برشلونة.,فزت بكوبا أمريكا ٢٠١٥ و٢٠١٦.,مهاجم/جناح تشيلي لعب لآرسنال ومانشستر يونايتد.,لقبي الطفل المعجزة El Niño Maravilla؛ اسمي أليكسيس.,Authored historical career facts; see SOURCES.md
custom_jamesrodriguez,James Rodríguez,خاميس رودريغيز;خاميس رودريجيز;خاميس;جيمس رودريغيز;James Rodríguez,برزت مع بورتو ثم موناكو.,كنت هداف كأس العالم ٢٠١٤ بستة أهداف.,لاعب وسط هجومي كولومبي أعسر لعب لريال مدريد وبايرن.,اسمي يُنطق خاميس، واشتهرت بهدف طائر ضد الأوروغواي سنة ٢٠١٤.,Authored historical career facts; see SOURCES.md
custom_radamelfalcao,Radamel Falcao,راداميل فالكاو;فالكاو;Radamel Falcao,فزت بالدوري الأوروبي مع بورتو ثم أتلتيكو مدريد.,سجّلت هاتريك ضد تشيلسي في السوبر الأوروبي ٢٠١٢.,مهاجم كولومبي لعب لموناكو ومانشستر يونايتد وتشيلسي.,لقبي النمر El Tigre؛ اسمي راداميل.,Authored historical career facts; see SOURCES.md
custom_carlostevez,Carlos Tévez,كارلوس تيفيز;كارلوس تيفز;تيفيز;تيفز;Carlos Tévez,بدأت مع بوكا جونيورز وفزت بذهب أولمبياد ٢٠٠٤.,لعبت لمانشستر يونايتد ثم مانشستر سيتي.,مهاجم أرجنتيني لعب أيضاً ليوفنتوس.,لقبي الأباتشي، واسمي كارلوس.,Authored historical career facts; see SOURCES.md
custom_sergioaguero,Sergio Agüero,سيرجيو أغويرو;سيرجيو اغويرو;اغويرو;أغويرو;اجويرو;كون اغويرو;Sergio Agüero,لعبت لإنديبندينتي وأتلتيكو مدريد قبل إنكلترا.,سجّلت هدف حسم لقب البريميرليغ بالدقيقة ٩٣:٢٠ سنة ٢٠١٢.,مهاجم أرجنتيني وأصبحت الهداف التاريخي لمانشستر سيتي.,لقبي كون، واسمي سيرجيو.,Authored historical career facts; see SOURCES.md
custom_davidsilva,David Silva,دافيد سيلفا;ديفيد سيلفا;سيلفا;David Silva,لعبت لفالنسيا قبل الدوري الإنكليزي.,فزت بكأس العالم ٢٠١٠ ويورو ٢٠٠٨ و٢٠١٢.,صانع ألعاب إسباني أعسر تألق مع مانشستر سيتي.,لعبت لريال سوسيداد بآخر مسيرتي؛ اسمي دافيد.,Authored historical career facts; see SOURCES.md
custom_yayatoure,Yaya Touré,يايا توريه;يايا توري;توريه;يايا;Yaya Touré,لعبت لأولمبياكوس وموناكو قبل برشلونة.,سجّلت هدف فوز مانشستر سيتي بنهائي كأس الاتحاد ٢٠١١.,لاعب وسط من ساحل العاج، وفزت بكأس أفريقيا ٢٠١٥.,عندي أخ مدافع اسمه كولو؛ اسمي يايا.,Authored historical career facts; see SOURCES.md
custom_ngolokante,N’Golo Kanté,نغولو كانتي;نجولو كانتي;انغولو كانتي;كانتي;N’Golo Kanté,لعبت لكاين قبل الانتقال للدوري الإنكليزي.,فزت بالبريميرليغ مع ليستر ثم تشيلسي بموسمين متتاليين.,لاعب وسط فرنسي وفزت بكأس العالم ٢٠١٨.,اشتهرت بافتكاك الكرة والركض، ولعبت للاتحاد السعودي؛ اسمي نغولو.,Authored historical career facts; see SOURCES.md
fifa22_233049,Jadon Sancho,J. Sancho;Jadon Sancho;Sancho;جادون سانشو;سانشو,سنة ميلادي 2000، وطولي المدوّن ببيانات موسم ٢٠٢١–٢٠٢٢ حوالي 180 سم.,قدمي المفضلة اليمنى، ومن مراكزي وسط/جناح أيمن.,جنسيتي الكروية إنكلترا، وألعب بمركز وسط/جناح أيمن.,في بيانات موسم ٢٠٢١–٢٠٢٢ كنت مع Manchester United. ورقم قميصي المدوّن 25. اسمي الكروي يبدأ بالحرف S.,"FIFA 22 player dataset (2021 snapshot), SoFIFA-based"
fifa22_231677,Marcus Rashford,M. Rashford;Marcus Rashford;Rashford;ماركوس راشفورد;راشفورد,سنة ميلادي 1997، وطولي المدوّن ببيانات موسم ٢٠٢١–٢٠٢٢ حوالي 186 سم.,قدمي المفضلة اليمنى، ومن مراكزي وسط/جناح أيسر.,جنسيتي الكروية إنكلترا، وألعب بمركز وسط/جناح أيسر.,في بيانات موسم ٢٠٢١–٢٠٢٢ كنت مع Manchester United. ورقم قميصي المدوّن 10. اسمي الكروي يبدأ بالحرف R.,"FIFA 22 player dataset (2021 snapshot), SoFIFA-based"
fifa22_235212,Achraf Hakimi,A. Hakimi;Achraf Hakimi Mouh;Achraf Hakimi;Hakimi;أشرف حكيمي;اشرف حكيمي;حكيمي,سنة ميلادي 1998، وطولي المدوّن ببيانات موسم ٢٠٢١–٢٠٢٢ حوالي 181 سم.,قدمي المفضلة اليمنى، ومن مراكزي ظهير أيمن.,جنسيتي الكروية المغرب، وألعب بمركز ظهير أيمن.,في بيانات موسم ٢٠٢١–٢٠٢٢ كنت مع Paris Saint-Germain. ورقم قميصي المدوّن 2. اسمي الكروي يبدأ بالحرف H.,"FIFA 22 player dataset (2021 snapshot), SoFIFA-based"
fifa22_235790,Kai Havertz,K. Havertz;Kai Lukas Havertz;Kai Havertz;Havertz;كاي هافرتز;هافرتز;هافيرتز,سنة ميلادي 1999، وطولي المدوّن ببيانات موسم ٢٠٢١–٢٠٢٢ حوالي 188 سم.,قدمي المفضلة اليسرى، ومن مراكزي وسط هجومي.,جنسيتي الكروية ألمانيا، وألعب بمركز وسط هجومي.,في بيانات موسم ٢٠٢١–٢٠٢٢ كنت مع Chelsea. ورقم قميصي المدوّن 29. اسمي الكروي يبدأ بالحرف H.,"FIFA 22 player dataset (2021 snapshot), SoFIFA-based"
fifa22_237692,Philip Foden,P. Foden;Philip Foden;Foden;فيل فودين;فودين,سنة ميلادي 2000، وطولي المدوّن ببيانات موسم ٢٠٢١–٢٠٢٢ حوالي 171 سم.,قدمي المفضلة اليسرى، ومن مراكزي وسط هجومي.,جنسيتي الكروية إنكلترا، وألعب بمركز وسط هجومي.,في بيانات موسم ٢٠٢١–٢٠٢٢ كنت مع Manchester City. ورقم قميصي المدوّن 47. اسمي الكروي يبدأ بالحرف F.,"FIFA 22 player dataset (2021 snapshot), SoFIFA-based"
fifa22_235805,Federico Chiesa,F. Chiesa;Federico Chiesa;Chiesa;فيديريكو كييزا;كييزا;كييزه;كيزا,سنة ميلادي 1997، وطولي المدوّن ببيانات موسم ٢٠٢١–٢٠٢٢ حوالي 175 سم.,قدمي المفضلة اليمنى، ومن مراكزي جناح أيمن.,جنسيتي الكروية إيطاليا، وألعب بمركز جناح أيمن.,في بيانات موسم ٢٠٢١–٢٠٢٢ كنت مع Juventus. ورقم قميصي المدوّن 22. اسمي الكروي يبدأ بالحرف C.,"FIFA 22 player dataset (2021 snapshot), SoFIFA-based"
fifa22_233064,Mason Mount,M. Mount;Mason Mount;Mount;مايسون ماونت;ماسون ماونت;ماونت,سنة ميلادي 1999، وطولي المدوّن ببيانات موسم ٢٠٢١–٢٠٢٢ حوالي 178 سم.,قدمي المفضلة اليمنى، ومن مراكزي وسط هجومي.,جنسيتي الكروية إنكلترا، وألعب بمركز وسط هجومي.,في بيانات موسم ٢٠٢١–٢٠٢٢ كنت مع Chelsea. ورقم قميصي المدوّن 19. اسمي الكروي يبدأ بالحرف M.,"FIFA 22 player dataset (2021 snapshot), SoFIFA-based"
fifa22_244260,Dani Olmo,Dani Olmo;Daniel Olmo Carvajal;Daniel Dani Olmo;داني أولمو;داني اولمو;أولمو;اولمو,سنة ميلادي 1998، وطولي المدوّن ببيانات موسم ٢٠٢١–٢٠٢٢ حوالي 179 سم.,قدمي المفضلة اليمنى، ومن مراكزي وسط هجومي.,جنسيتي الكروية إسبانيا، وألعب بمركز وسط هجومي.,في بيانات موسم ٢٠٢١–٢٠٢٢ كنت مع RB Leipzig. ورقم قميصي المدوّن 25. اسمي الكروي يبدأ بالحرف D.,"FIFA 22 player dataset (2021 snapshot), SoFIFA-based"
fifa22_233731,Alexander Isak,A. Isak;Alexander Isak;Isak;ألكسندر إيزاك;الكسندر ايزاك;إيزاك;ايزاك,سنة ميلادي 1999، وطولي المدوّن ببيانات موسم ٢٠٢١–٢٠٢٢ حوالي 192 سم.,قدمي المفضلة اليمنى، ومن مراكزي رأس حربة.,جنسيتي الكروية السويد، وألعب بمركز رأس حربة.,في بيانات موسم ٢٠٢١–٢٠٢٢ كنت مع Real Sociedad. ورقم قميصي المدوّن 19. اسمي الكروي يبدأ بالحرف I.,"FIFA 22 player dataset (2021 snapshot), SoFIFA-based"
fifa22_235410,Youssef En-Nesyri,Y. En-Nesyri;Youssef En-Nesyri;En-Nesyri;يوسف النصيري;النصيري,سنة ميلادي 1997، وطولي المدوّن ببيانات موسم ٢٠٢١–٢٠٢٢ حوالي 188 سم.,قدمي المفضلة اليسرى، ومن مراكزي رأس حربة.,جنسيتي الكروية المغرب، وألعب بمركز رأس حربة.,في بيانات موسم ٢٠٢١–٢٠٢٢ كنت مع Sevilla FC. ورقم قميصي المدوّن 15. اسمي الكروي يبدأ بالحرف E.,"FIFA 22 player dataset (2021 snapshot), SoFIFA-based"
fifa22_234378,Declan Rice,D. Rice;Declan Rice;Rice;ديكلان رايس;رايس,سنة ميلادي 1999، وطولي المدوّن ببيانات موسم ٢٠٢١–٢٠٢٢ حوالي 185 سم.,قدمي المفضلة اليمنى، ومن مراكزي وسط دفاعي.,جنسيتي الكروية إنكلترا، وألعب بمركز وسط دفاعي.,في بيانات موسم ٢٠٢١–٢٠٢٢ كنت مع West Ham United. ورقم قميصي المدوّن 41. اسمي الكروي يبدأ بالحرف R.,"FIFA 22 player dataset (2021 snapshot), SoFIFA-based"
fifa22_247394,Dejan Kulusevski,D. Kulusevski;Dejan Kulusevski;Kulusevski;ديان كولوسيفسكي;كولوسيفسكي,سنة ميلادي 2000، وطولي المدوّن ببيانات موسم ٢٠٢١–٢٠٢٢ حوالي 186 سم.,قدمي المفضلة اليسرى، ومن مراكزي جناح أيمن.,جنسيتي الكروية السويد، وألعب بمركز جناح أيمن.,في بيانات موسم ٢٠٢١–٢٠٢٢ كنت مع Juventus. ورقم قميصي المدوّن 44. اسمي الكروي يبدأ بالحرف K.,"FIFA 22 player dataset (2021 snapshot), SoFIFA-based"
fifa22_241852,Moussa Diaby,M. Diaby;Moussa Diaby;Diaby;موسى ديابي;ديابي,سنة ميلادي 1999، وطولي المدوّن ببيانات موسم ٢٠٢١–٢٠٢٢ حوالي 170 سم.,قدمي المفضلة اليسرى، ومن مراكزي جناح أيسر.,جنسيتي الكروية فرنسا، وألعب بمركز جناح أيسر.,في بيانات موسم ٢٠٢١–٢٠٢٢ كنت مع Bayer 04 Leverkusen. ورقم قميصي المدوّن 19. اسمي الكروي يبدأ بالحرف D.,"FIFA 22 player dataset (2021 snapshot), SoFIFA-based"
fifa22_236401,Noussair Mazraoui,N. Mazraoui;Noussair Mazraoui;Mazraoui;نصير مزراوي;مزراوي,سنة ميلادي 1997، وطولي المدوّن ببيانات موسم ٢٠٢١–٢٠٢٢ حوالي 183 سم.,قدمي المفضلة اليمنى، ومن مراكزي ظهير أيمن.,جنسيتي الكروية المغرب، وألعب بمركز ظهير أيمن.,في بيانات موسم ٢٠٢١–٢٠٢٢ كنت مع Ajax. ورقم قميصي المدوّن 12. اسمي الكروي يبدأ بالحرف M.,"FIFA 22 player dataset (2021 snapshot), SoFIFA-based"
fifa22_246104,Ryan Gravenberch,R. Gravenberch;Ryan Jiro Gravenberch;Ryan Gravenberch;Gravenberch;رايان غرافينبيرخ;غرافينبيرخ;غرافنبرخ,سنة ميلادي 2002، وطولي المدوّن ببيانات موسم ٢٠٢١–٢٠٢٢ حوالي 190 سم.,قدمي المفضلة اليمنى، ومن مراكزي وسط مركزي.,جنسيتي الكروية هولندا، وألعب بمركز وسط مركزي.,في بيانات موسم ٢٠٢١–٢٠٢٢ كنت مع Ajax. ورقم قميصي المدوّن 8. اسمي الكروي يبدأ بالحرف G.,"FIFA 22 player dataset (2021 snapshot), SoFIFA-based"
fifa22_252145,Nuno Mendes,Nuno Mendes;Nuno Alexandre Tavares Mendes;Nuno Nuno Mendes;نونو مينديش;نونو مينديز,سنة ميلادي 2002، وطولي المدوّن ببيانات موسم ٢٠٢١–٢٠٢٢ حوالي 176 سم.,قدمي المفضلة اليسرى، ومن مراكزي ظهير أيسر هجومي.,جنسيتي الكروية البرتغال، وألعب بمركز ظهير أيسر هجومي.,في بيانات موسم ٢٠٢١–٢٠٢٢ كنت مع Paris Saint-Germain. ورقم قميصي المدوّن 25. اسمي الكروي يبدأ بالحرف N.,"FIFA 22 player dataset (2021 snapshot), SoFIFA-based"
fifa22_246420,Jérémy Doku,J. Doku;Jérémy Doku;Doku;جيريمي دوكو;دوكو,سنة ميلادي 2002، وطولي المدوّن ببيانات موسم ٢٠٢١–٢٠٢٢ حوالي 171 سم.,قدمي المفضلة اليمنى، ومن مراكزي جناح أيمن.,جنسيتي الكروية بلجيكا، وألعب بمركز جناح أيمن.,في بيانات موسم ٢٠٢١–٢٠٢٢ كنت مع Stade Rennais FC. ورقم قميصي المدوّن 11. اسمي الكروي يبدأ بالحرف D.,"FIFA 22 player dataset (2021 snapshot), SoFIFA-based"
fifa22_236772,Dominik Szoboszlai,D. Szoboszlai;Dominik Szoboszlai;Szoboszlai;دومينيك سوبوسلاي;سوبوسلاي,سنة ميلادي 2000، وطولي المدوّن ببيانات موسم ٢٠٢١–٢٠٢٢ حوالي 186 سم.,قدمي المفضلة اليمنى، ومن مراكزي وسط هجومي.,جنسيتي الكروية المجر، وألعب بمركز وسط هجومي.,في بيانات موسم ٢٠٢١–٢٠٢٢ كنت مع RB Leipzig. ورقم قميصي المدوّن 17. اسمي الكروي يبدأ بالحرف S.,"FIFA 22 player dataset (2021 snapshot), SoFIFA-based"
fifa22_245155,Mohammed Kudus,M. Kudus;Mohammed Kudus;Kudus;محمد قدوس;قدوس;كودوس,سنة ميلادي 2000، وطولي المدوّن ببيانات موسم ٢٠٢١–٢٠٢٢ حوالي 177 سم.,قدمي المفضلة اليسرى، ومن مراكزي وسط هجومي.,جنسيتي الكروية غانا، وألعب بمركز وسط هجومي.,في بيانات موسم ٢٠٢١–٢٠٢٢ كنت مع Ajax. ورقم قميصي المدوّن 20. اسمي الكروي يبدأ بالحرف K.,"FIFA 22 player dataset (2021 snapshot), SoFIFA-based"
fifa22_241096,Sandro Tonali,S. Tonali;Sandro Tonali;Tonali;ساندرو تونالي;تونالي,سنة ميلادي 2000، وطولي المدوّن ببيانات موسم ٢٠٢١–٢٠٢٢ حوالي 181 سم.,قدمي المفضلة اليمنى، ومن مراكزي وسط دفاعي.,جنسيتي الكروية إيطاليا، وألعب بمركز وسط دفاعي.,في بيانات موسم ٢٠٢١–٢٠٢٢ كنت مع AC Milan. ورقم قميصي المدوّن 8. اسمي الكروي يبدأ بالحرف T.,"FIFA 22 player dataset (2021 snapshot), SoFIFA-based"
fifa22_224158,Sofyan Amrabat,S. Amrabat;Sofyan Amrabat;Amrabat;سفيان أمرابط;سفيان امرابط;أمرابط;امرابط,سنة ميلادي 1996، وطولي المدوّن ببيانات موسم ٢٠٢١–٢٠٢٢ حوالي 185 سم.,قدمي المفضلة اليمنى، ومن مراكزي وسط دفاعي.,جنسيتي الكروية المغرب، وألعب بمركز وسط دفاعي.,في بيانات موسم ٢٠٢١–٢٠٢٢ كنت مع Fiorentina. ورقم قميصي المدوّن 34. اسمي الكروي يبدأ بالحرف A.,"FIFA 22 player dataset (2021 snapshot), SoFIFA-based"
fifa22_243715,William Saliba,W. Saliba;William Alain André Gabriel Saliba;William Saliba;Saliba;ويليام ساليبا;ساليبا,سنة ميلادي 2001، وطولي المدوّن ببيانات موسم ٢٠٢١–٢٠٢٢ حوالي 192 سم.,قدمي المفضلة اليمنى، ومن مراكزي قلب دفاع.,جنسيتي الكروية فرنسا، وألعب بمركز قلب دفاع.,في بيانات موسم ٢٠٢١–٢٠٢٢ كنت مع Olympique de Marseille. ورقم قميصي المدوّن 2. اسمي الكروي يبدأ بالحرف S.,"FIFA 22 player dataset (2021 snapshot), SoFIFA-based"
fifa22_246191,Julián Álvarez,J. Álvarez;Julián Álvarez;Álvarez;جوليان ألفاريز;جوليان الفاريز;الفاريز,سنة ميلادي 2000، وطولي المدوّن ببيانات موسم ٢٠٢١–٢٠٢٢ حوالي 170 سم.,قدمي المفضلة اليمنى، ومن مراكزي جناح أيمن.,جنسيتي الكروية الأرجنتين، وألعب بمركز جناح أيمن.,في بيانات موسم ٢٠٢١–٢٠٢٢ كنت مع River Plate. ورقم قميصي المدوّن 9. اسمي الكروي يبدأ بالحرف Á.,"FIFA 22 player dataset (2021 snapshot), SoFIFA-based"
fifa22_251470,Charles De Ketelaere,C. De Ketelaere;Charles De Ketelaere;De Ketelaere;شارل دي كيتيلاري;دي كيتيلاري;ديكيتيلاري,سنة ميلادي 2001، وطولي المدوّن ببيانات موسم ٢٠٢١–٢٠٢٢ حوالي 192 سم.,قدمي المفضلة اليسرى، ومن مراكزي جناح أيسر.,جنسيتي الكروية بلجيكا، وألعب بمركز جناح أيسر.,في بيانات موسم ٢٠٢١–٢٠٢٢ كنت مع Club Brugge KV. ورقم قميصي المدوّن 90. اسمي الكروي يبدأ بالحرف D.,"FIFA 22 player dataset (2021 snapshot), SoFIFA-based"
fifa22_251517,Joško Gvardiol,J. Gvardiol;Joško Gvardiol;Gvardiol;يوشكو غفارديول;غفارديول;جفارديول;غڤارديول,سنة ميلادي 2002، وطولي المدوّن ببيانات موسم ٢٠٢١–٢٠٢٢ حوالي 185 سم.,قدمي المفضلة اليسرى، ومن مراكزي قلب دفاع.,جنسيتي الكروية كرواتيا، وألعب بمركز قلب دفاع.,في بيانات موسم ٢٠٢١–٢٠٢٢ كنت مع RB Leipzig. ورقم قميصي المدوّن 32. اسمي الكروي يبدأ بالحرف G.,"FIFA 22 player dataset (2021 snapshot), SoFIFA-based"
fifa22_253002,Giacomo Raspadori,G. Raspadori;Giacomo Raspadori;Raspadori;جاكومو راسبادوري;راسبادوري,سنة ميلادي 2000، وطولي المدوّن ببيانات موسم ٢٠٢١–٢٠٢٢ حوالي 172 سم.,قدمي المفضلة اليمنى، ومن مراكزي رأس حربة.,جنسيتي الكروية إيطاليا، وألعب بمركز رأس حربة.,في بيانات موسم ٢٠٢١–٢٠٢٢ كنت مع U.S. Sassuolo Calcio. ورقم قميصي المدوّن 18. اسمي الكروي يبدأ بالحرف R.,"FIFA 22 player dataset (2021 snapshot), SoFIFA-based"
fifa22_247827,Michael Olise,M. Olise;Michael Olise;Olise;مايكل أوليسيه;مايكل اوليسيه;اوليسيه;أوليسيه,سنة ميلادي 2001، وطولي المدوّن ببيانات موسم ٢٠٢١–٢٠٢٢ حوالي 184 سم.,قدمي المفضلة اليسرى، ومن مراكزي وسط هجومي.,جنسيتي الكروية فرنسا، وألعب بمركز وسط هجومي.,في بيانات موسم ٢٠٢١–٢٠٢٢ كنت مع Crystal Palace. ورقم قميصي المدوّن 7. اسمي الكروي يبدأ بالحرف O.,"FIFA 22 player dataset (2021 snapshot), SoFIFA-based"
fifa22_253149,Jeremie Frimpong,J. Frimpong;Jeremie Agyekum Frimpong;Jeremie Frimpong;Frimpong;جيريمي فريمبونغ;فريمبونغ;فريمبونج,سنة ميلادي 2000، وطولي المدوّن ببيانات موسم ٢٠٢١–٢٠٢٢ حوالي 171 سم.,قدمي المفضلة اليمنى، ومن مراكزي ظهير أيمن.,جنسيتي الكروية هولندا، وألعب بمركز ظهير أيمن.,في بيانات موسم ٢٠٢١–٢٠٢٢ كنت مع Bayer 04 Leverkusen. ورقم قميصي المدوّن 30. اسمي الكروي يبدأ بالحرف F.,"FIFA 22 player dataset (2021 snapshot), SoFIFA-based"
fifa22_256903,Gonçalo Ramos,Gonçalo Ramos;Gonçalo Matias Ramos;Gonçalo Gonçalo Ramos;غونزالو راموس;جونزالو راموس,سنة ميلادي 2001، وطولي المدوّن ببيانات موسم ٢٠٢١–٢٠٢٢ حوالي 184 سم.,قدمي المفضلة اليمنى، ومن مراكزي مهاجم مساند.,جنسيتي الكروية البرتغال، وألعب بمركز مهاجم مساند.,في بيانات موسم ٢٠٢١–٢٠٢٢ كنت مع SL Benfica. ورقم قميصي المدوّن 88. اسمي الكروي يبدأ بالحرف G.,"FIFA 22 player dataset (2021 snapshot), SoFIFA-based"
fifa22_243057,Neco Williams,N. Williams;Neco Williams;Williams;نيكو ويليامز;نيكو وليامز,سنة ميلادي 2001، وطولي المدوّن ببيانات موسم ٢٠٢١–٢٠٢٢ حوالي 183 سم.,قدمي المفضلة اليمنى، ومن مراكزي ظهير أيمن.,جنسيتي الكروية ويلز، وألعب بمركز ظهير أيمن.,في بيانات موسم ٢٠٢١–٢٠٢٢ كنت مع Liverpool. ورقم قميصي المدوّن 76. اسمي الكروي يبدأ بالحرف W.,"FIFA 22 player dataset (2021 snapshot), SoFIFA-based"
fifa22_242964,Anthony Gordon,A. Gordon;Anthony Gordon;Gordon;أنتوني غوردون;انتوني غوردون;غوردون;جوردون,سنة ميلادي 2001، وطولي المدوّن ببيانات موسم ٢٠٢١–٢٠٢٢ حوالي 185 سم.,قدمي المفضلة اليمنى، ومن مراكزي وسط/جناح أيسر.,جنسيتي الكروية إنكلترا، وألعب بمركز وسط/جناح أيسر.,في بيانات موسم ٢٠٢١–٢٠٢٢ كنت مع Everton. ورقم قميصي المدوّن 42. اسمي الكروي يبدأ بالحرف G.,"FIFA 22 player dataset (2021 snapshot), SoFIFA-based"
fifa22_246340,Mykhailo Mudryk,M. Mudryk;Mykhailo Mudryk;Mudryk;ميخايلو مودريك;مودريك,سنة ميلادي 2001، وطولي المدوّن ببيانات موسم ٢٠٢١–٢٠٢٢ حوالي 175 سم.,قدمي المفضلة اليمنى، ومن مراكزي وسط/جناح أيسر.,جنسيتي الكروية أوكرانيا، وألعب بمركز وسط/جناح أيسر.,في بيانات موسم ٢٠٢١–٢٠٢٢ كنت مع Shakhtar Donetsk. ورقم قميصي المدوّن 20. اسمي الكروي يبدأ بالحرف M.,"FIFA 22 player dataset (2021 snapshot), SoFIFA-based"
fifa22_257470,Anthony Elanga,A. Elanga;Anthony David Junior Elanga;Anthony Elanga;Elanga;أنتوني إيلانغا;انتوني ايلانغا;إيلانغا;ايلانغا,سنة ميلادي 2002، وطولي المدوّن ببيانات موسم ٢٠٢١–٢٠٢٢ حوالي 180 سم.,قدمي المفضلة اليمنى، ومن مراكزي وسط/جناح أيسر.,جنسيتي الكروية السويد، وألعب بمركز وسط/جناح أيسر.,في بيانات موسم ٢٠٢١–٢٠٢٢ كنت مع Manchester United. ورقم قميصي المدوّن 36. اسمي الكروي يبدأ بالحرف E.,"FIFA 22 player dataset (2021 snapshot), SoFIFA-based"
fifa22_259399,Rasmus Højlund,R. Højlund;Rasmus Winther Højlund;Rasmus Højlund;Højlund;راسموس هويلوند;هويلوند;هوجلوند,سنة ميلادي 2003، وطولي المدوّن ببيانات موسم ٢٠٢١–٢٠٢٢ حوالي 192 سم.,قدمي المفضلة اليسرى، ومن مراكزي رأس حربة.,جنسيتي الكروية الدنمارك، وألعب بمركز رأس حربة.,في بيانات موسم ٢٠٢١–٢٠٢٢ كنت مع F.C. København. ورقم قميصي المدوّن 28. اسمي الكروي يبدأ بالحرف H.,"FIFA 22 player dataset (2021 snapshot), SoFIFA-based"
fifa22_200389,Jan Oblak,J. Oblak;Jan Oblak;Oblak;يان أوبلاك;يان اوبلاك;اوبلاك;أوبلاك,سنة ميلادي 1993، وطولي المدوّن ببيانات موسم ٢٠٢١–٢٠٢٢ حوالي 188 سم.,قدمي المفضلة اليمنى، ومن مراكزي حارس مرمى.,جنسيتي الكروية سلوفينيا، وألعب بمركز حارس مرمى.,في بيانات موسم ٢٠٢١–٢٠٢٢ كنت مع Atlético de Madrid. ورقم قميصي المدوّن 13. اسمي الكروي يبدأ بالحرف O.,"FIFA 22 player dataset (2021 snapshot), SoFIFA-based"
fifa22_202126,Harry Kane,H. Kane;Harry Kane;Kane;هاري كين;كين,سنة ميلادي 1993، وطولي المدوّن ببيانات موسم ٢٠٢١–٢٠٢٢ حوالي 188 سم.,قدمي المفضلة اليمنى، ومن مراكزي رأس حربة.,جنسيتي الكروية إنكلترا، وألعب بمركز رأس حربة.,في بيانات موسم ٢٠٢١–٢٠٢٢ كنت مع Tottenham Hotspur. ورقم قميصي المدوّن 10. اسمي الكروي يبدأ بالحرف K.,"FIFA 22 player dataset (2021 snapshot), SoFIFA-based"
fifa22_192448,Marc-André ter Stegen,M. ter Stegen;Marc-André ter Stegen;ter Stegen;مارك أندريه تير شتيغن;تير شتيغن;تير شتيجن;تيرستيغن;تير شتيكن,سنة ميلادي 1992، وطولي المدوّن ببيانات موسم ٢٠٢١–٢٠٢٢ حوالي 187 سم.,قدمي المفضلة اليمنى، ومن مراكزي حارس مرمى.,جنسيتي الكروية ألمانيا، وألعب بمركز حارس مرمى.,في بيانات موسم ٢٠٢١–٢٠٢٢ كنت مع FC Barcelona. ورقم قميصي المدوّن 1. اسمي الكروي يبدأ بالحرف t.,"FIFA 22 player dataset (2021 snapshot), SoFIFA-based"
fifa22_212622,Joshua Kimmich,J. Kimmich;Joshua Walter Kimmich;Joshua Kimmich;Kimmich;يوشوا كيميش;جوشوا كيميش;كيميش;كيمتش,سنة ميلادي 1995، وطولي المدوّن ببيانات موسم ٢٠٢١–٢٠٢٢ حوالي 177 سم.,قدمي المفضلة اليمنى، ومن مراكزي وسط دفاعي.,جنسيتي الكروية ألمانيا، وألعب بمركز وسط دفاعي.,في بيانات موسم ٢٠٢١–٢٠٢٢ كنت مع FC Bayern München. ورقم قميصي المدوّن 6. اسمي الكروي يبدأ بالحرف K.,"FIFA 22 player dataset (2021 snapshot), SoFIFA-based"
fifa22_200104,Son Heung-min,H. Son;손흥민 孙兴慜;Son Heung-min;손흥민 Son;سون هيونغ مين;سون,سنة ميلادي 1992، وطولي المدوّن ببيانات موسم ٢٠٢١–٢٠٢٢ حوالي 183 سم.,قدمي المفضلة اليمنى، ومن مراكزي وسط/جناح أيسر.,جنسيتي الكروية كوريا الجنوبية، وألعب بمركز وسط/جناح أيسر.,في بيانات موسم ٢٠٢١–٢٠٢٢ كنت مع Tottenham Hotspur. ورقم قميصي المدوّن 7. اسمي الكروي يبدأ بالحرف S.,"FIFA 22 player dataset (2021 snapshot), SoFIFA-based"
fifa22_203376,Virgil van Dijk,V. van Dijk;Virgil van Dijk;van Dijk;فيرجيل فان دايك;فان دايك;فاندايك;فان ديك,سنة ميلادي 1991، وطولي المدوّن ببيانات موسم ٢٠٢١–٢٠٢٢ حوالي 193 سم.,قدمي المفضلة اليمنى، ومن مراكزي قلب دفاع.,جنسيتي الكروية هولندا، وألعب بمركز قلب دفاع.,في بيانات موسم ٢٠٢١–٢٠٢٢ كنت مع Liverpool. ورقم قميصي المدوّن 4. اسمي الكروي يبدأ بالحرف v.,"FIFA 22 player dataset (2021 snapshot), SoFIFA-based"
fifa22_192119,Thibaut Courtois,T. Courtois;Thibaut Courtois;Courtois;تيبو كورتوا;كورتوا;كورتويس,سنة ميلادي 1992، وطولي المدوّن ببيانات موسم ٢٠٢١–٢٠٢٢ حوالي 199 سم.,قدمي المفضلة اليسرى، ومن مراكزي حارس مرمى.,جنسيتي الكروية بلجيكا، وألعب بمركز حارس مرمى.,في بيانات موسم ٢٠٢١–٢٠٢٢ كنت مع Real Madrid CF. ورقم قميصي المدوّن 1. اسمي الكروي يبدأ بالحرف C.,"FIFA 22 player dataset (2021 snapshot), SoFIFA-based"
fifa22_230621,Gianluigi Donnarumma,G. Donnarumma;Gianluigi Donnarumma;Donnarumma;جانلويجي دوناروما;دوناروما;دونارما,سنة ميلادي 1999، وطولي المدوّن ببيانات موسم ٢٠٢١–٢٠٢٢ حوالي 196 سم.,قدمي المفضلة اليمنى، ومن مراكزي حارس مرمى.,جنسيتي الكروية إيطاليا، وألعب بمركز حارس مرمى.,في بيانات موسم ٢٠٢١–٢٠٢٢ كنت مع Paris Saint-Germain. ورقم قميصي المدوّن 50. اسمي الكروي يبدأ بالحرف D.,"FIFA 22 player dataset (2021 snapshot), SoFIFA-based"
fifa22_210257,Ederson,Ederson;Ederson Santana de Moraes;Ederson Ederson;إيدرسون;ايدرسون;ادرسون,سنة ميلادي 1993، وطولي المدوّن ببيانات موسم ٢٠٢١–٢٠٢٢ حوالي 188 سم.,قدمي المفضلة اليسرى، ومن مراكزي حارس مرمى.,جنسيتي الكروية البرازيل، وألعب بمركز حارس مرمى.,في بيانات موسم ٢٠٢١–٢٠٢٢ كنت مع Manchester City. ورقم قميصي المدوّن 31. اسمي الكروي يبدأ بالحرف E.,"FIFA 22 player dataset (2021 snapshot), SoFIFA-based"
fifa22_200145,Casemiro,Casemiro;Carlos Henrique Venancio Casimiro;Carlos Casemiro;كاسيميرو;كاسيمرو,سنة ميلادي 1992، وطولي المدوّن ببيانات موسم ٢٠٢١–٢٠٢٢ حوالي 185 سم.,قدمي المفضلة اليمنى، ومن مراكزي وسط دفاعي.,جنسيتي الكروية البرازيل، وألعب بمركز وسط دفاعي.,في بيانات موسم ٢٠٢١–٢٠٢٢ كنت مع Real Madrid CF. ورقم قميصي المدوّن 14. اسمي الكروي يبدأ بالحرف C.,"FIFA 22 player dataset (2021 snapshot), SoFIFA-based"
fifa22_212831,Alisson,Alisson;Alisson Ramsés Becker;Alisson Alisson;أليسون;اليسون;أليسون بيكر;اليسون بيكر,سنة ميلادي 1992، وطولي المدوّن ببيانات موسم ٢٠٢١–٢٠٢٢ حوالي 191 سم.,قدمي المفضلة اليمنى، ومن مراكزي حارس مرمى.,جنسيتي الكروية البرازيل، وألعب بمركز حارس مرمى.,في بيانات موسم ٢٠٢١–٢٠٢٢ كنت مع Liverpool. ورقم قميصي المدوّن 1. اسمي الكروي يبدأ بالحرف A.,"FIFA 22 player dataset (2021 snapshot), SoFIFA-based"
fifa22_202652,Raheem Sterling,R. Sterling;Raheem Sterling;Sterling;رحيم سترلينغ;سترلينغ;ستيرلينغ;سترلينج,سنة ميلادي 1994، وطولي المدوّن ببيانات موسم ٢٠٢١–٢٠٢٢ حوالي 170 سم.,قدمي المفضلة اليمنى، ومن مراكزي جناح أيسر.,جنسيتي الكروية إنكلترا، وألعب بمركز جناح أيسر.,في بيانات موسم ٢٠٢١–٢٠٢٢ كنت مع Manchester City. ورقم قميصي المدوّن 7. اسمي الكروي يبدأ بالحرف S.,"FIFA 22 player dataset (2021 snapshot), SoFIFA-based"
fifa22_192505,Romelu Lukaku,R. Lukaku;Romelu Lukaku Menama;Romelu Lukaku;Lukaku;روميلو لوكاكو;لوكاكو,سنة ميلادي 1993، وطولي المدوّن ببيانات موسم ٢٠٢١–٢٠٢٢ حوالي 191 سم.,قدمي المفضلة اليسرى، ومن مراكزي رأس حربة.,جنسيتي الكروية بلجيكا، وألعب بمركز رأس حربة.,في بيانات موسم ٢٠٢١–٢٠٢٢ كنت مع Chelsea. ورقم قميصي المدوّن 9. اسمي الكروي يبدأ بالحرف L.,"FIFA 22 player dataset (2021 snapshot), SoFIFA-based"
fifa22_212198,Bruno Fernandes,Bruno Fernandes;Bruno Miguel Borges Fernandes;Bruno Bruno Fernandes;برونو فرنانديز;برونو فيرنانديز;برونو,سنة ميلادي 1994، وطولي المدوّن ببيانات موسم ٢٠٢١–٢٠٢٢ حوالي 179 سم.,قدمي المفضلة اليمنى، ومن مراكزي وسط هجومي.,جنسيتي الكروية البرتغال، وألعب بمركز وسط هجومي.,في بيانات موسم ٢٠٢١–٢٠٢٢ كنت مع Manchester United. ورقم قميصي المدوّن 18. اسمي الكروي يبدأ بالحرف B.,"FIFA 22 player dataset (2021 snapshot), SoFIFA-based"
fifa22_193041,Keylor Navas,K. Navas;Keylor Navas Gamboa;Keylor Navas;Navas;كيلور نافاس;نافاس,سنة ميلادي 1986، وطولي المدوّن ببيانات موسم ٢٠٢١–٢٠٢٢ حوالي 185 سم.,قدمي المفضلة اليمنى، ومن مراكزي حارس مرمى.,جنسيتي الكروية كوستاريكا، وألعب بمركز حارس مرمى.,في بيانات موسم ٢٠٢١–٢٠٢٢ كنت مع Paris Saint-Germain. ورقم قميصي المدوّن 1. اسمي الكروي يبدأ بالحرف N.,"FIFA 22 player dataset (2021 snapshot), SoFIFA-based"
fifa22_209658,Leon Goretzka,L. Goretzka;Leon Christoph Goretzka;Leon Goretzka;Goretzka;ليون غوريتسكا;غوريتسكا;غوريتزكا;جوريتسكا,سنة ميلادي 1995، وطولي المدوّن ببيانات موسم ٢٠٢١–٢٠٢٢ حوالي 189 سم.,قدمي المفضلة اليمنى، ومن مراكزي وسط مركزي.,جنسيتي الكروية ألمانيا، وألعب بمركز وسط مركزي.,في بيانات موسم ٢٠٢١–٢٠٢٢ كنت مع FC Bayern München. ورقم قميصي المدوّن 8. اسمي الكروي يبدأ بالحرف G.,"FIFA 22 player dataset (2021 snapshot), SoFIFA-based"
fifa22_195864,Paul Pogba,P. Pogba;Paul Pogba;Pogba;بول بوغبا;بوغبا;بوغبه;بوجبا,سنة ميلادي 1993، وطولي المدوّن ببيانات موسم ٢٠٢١–٢٠٢٢ حوالي 191 سم.,قدمي المفضلة اليمنى، ومن مراكزي وسط مركزي.,جنسيتي الكروية فرنسا، وألعب بمركز وسط مركزي.,في بيانات موسم ٢٠٢١–٢٠٢٢ كنت مع Manchester United. ورقم قميصي المدوّن 6. اسمي الكروي يبدأ بالحرف P.,"FIFA 22 player dataset (2021 snapshot), SoFIFA-based"
fifa22_192387,Ciro Immobile,C. Immobile;Ciro Immobile;Immobile;تشيرو إيموبيلي;تشيرو ايموبيلي;ايموبيلي;إيموبيلي;اموبيلي,سنة ميلادي 1990، وطولي المدوّن ببيانات موسم ٢٠٢١–٢٠٢٢ حوالي 185 سم.,قدمي المفضلة اليمنى، ومن مراكزي رأس حربة.,جنسيتي الكروية إيطاليا، وألعب بمركز رأس حربة.,في بيانات موسم ٢٠٢١–٢٠٢٢ كنت مع Lazio. ورقم قميصي المدوّن 17. اسمي الكروي يبدأ بالحرف I.,"FIFA 22 player dataset (2021 snapshot), SoFIFA-based"
fifa22_189596,Thomas Müller,T. Müller;Thomas Müller;Müller;توماس مولر;مولر,سنة ميلادي 1989، وطولي المدوّن ببيانات موسم ٢٠٢١–٢٠٢٢ حوالي 185 سم.,قدمي المفضلة اليمنى، ومن مراكزي وسط هجومي.,جنسيتي الكروية ألمانيا، وألعب بمركز وسط هجومي.,في بيانات موسم ٢٠٢١–٢٠٢٢ كنت مع FC Bayern München. ورقم قميصي المدوّن 25. اسمي الكروي يبدأ بالحرف M.,"FIFA 22 player dataset (2021 snapshot), SoFIFA-based"
fifa22_183898,Ángel Di María,Á. Di María;Ángel Fabián Di María Hernández;Ángel Di María;Di María;أنخيل دي ماريا;انخيل دي ماريا;دي ماريا;ديماريا,سنة ميلادي 1988، وطولي المدوّن ببيانات موسم ٢٠٢١–٢٠٢٢ حوالي 180 سم.,قدمي المفضلة اليسرى، ومن مراكزي جناح أيمن.,جنسيتي الكروية الأرجنتين، وألعب بمركز جناح أيمن.,في بيانات موسم ٢٠٢١–٢٠٢٢ كنت مع Paris Saint-Germain. ورقم قميصي المدوّن 11. اسمي الكروي يبدأ بالحرف D.,"FIFA 22 player dataset (2021 snapshot), SoFIFA-based"
fifa22_167948,Hugo Lloris,H. Lloris;Hugo Lloris;Lloris;هوغو لوريس;لوريس,سنة ميلادي 1986، وطولي المدوّن ببيانات موسم ٢٠٢١–٢٠٢٢ حوالي 188 سم.,قدمي المفضلة اليسرى، ومن مراكزي حارس مرمى.,جنسيتي الكروية فرنسا، وألعب بمركز حارس مرمى.,في بيانات موسم ٢٠٢١–٢٠٢٢ كنت مع Tottenham Hotspur. ورقم قميصي المدوّن 1. اسمي الكروي يبدأ بالحرف L.,"FIFA 22 player dataset (2021 snapshot), SoFIFA-based"
fifa22_228702,Frenkie de Jong,F. de Jong;Frenkie de Jong;de Jong;فرينكي دي يونغ;فرينكي دي يونج;فرانكي دي يونغ;دي يونغ;دي يونج,سنة ميلادي 1997، وطولي المدوّن ببيانات موسم ٢٠٢١–٢٠٢٢ حوالي 180 سم.,قدمي المفضلة اليمنى، ومن مراكزي وسط مركزي.,جنسيتي الكروية هولندا، وألعب بمركز وسط مركزي.,في بيانات موسم ٢٠٢١–٢٠٢٢ كنت مع FC Barcelona. ورقم قميصي المدوّن 21. اسمي الكروي يبدأ بالحرف d.,"FIFA 22 player dataset (2021 snapshot), SoFIFA-based"
fifa22_231281,Trent Alexander-Arnold,T. Alexander-Arnold;Trent Alexander-Arnold;Alexander-Arnold;ترينت ألكسندر أرنولد;ترينت الكسندر ارنولد;ارنولد;أرنولد,سنة ميلادي 1998، وطولي المدوّن ببيانات موسم ٢٠٢١–٢٠٢٢ حوالي 180 سم.,قدمي المفضلة اليمنى، ومن مراكزي ظهير أيمن.,جنسيتي الكروية إنكلترا، وألعب بمركز ظهير أيمن.,في بيانات موسم ٢٠٢١–٢٠٢٢ كنت مع Liverpool. ورقم قميصي المدوّن 66. اسمي الكروي يبدأ بالحرف A.,"FIFA 22 player dataset (2021 snapshot), SoFIFA-based"
fifa22_239818,Rúben Dias,Rúben Dias;Rúben dos Santos Gato Alves Dias;Rúben Rúben Dias;روبن دياز;روبين دياز;دياز,سنة ميلادي 1997، وطولي المدوّن ببيانات موسم ٢٠٢١–٢٠٢٢ حوالي 187 سم.,قدمي المفضلة اليمنى، ومن مراكزي قلب دفاع.,جنسيتي الكروية البرتغال، وألعب بمركز قلب دفاع.,في بيانات موسم ٢٠٢١–٢٠٢٢ كنت مع Manchester City. ورقم قميصي المدوّن 3. اسمي الكروي يبدأ بالحرف R.,"FIFA 22 player dataset (2021 snapshot), SoFIFA-based"
fifa22_211110,Paulo Dybala,P. Dybala;Paulo Bruno Exequiel Dybala;Paulo Dybala;Dybala;باولو ديبالا;ديبالا,سنة ميلادي 1993، وطولي المدوّن ببيانات موسم ٢٠٢١–٢٠٢٢ حوالي 177 سم.,قدمي المفضلة اليسرى، ومن مراكزي مهاجم مساند.,جنسيتي الكروية الأرجنتين، وألعب بمركز مهاجم مساند.,في بيانات موسم ٢٠٢١–٢٠٢٢ كنت مع Juventus. ورقم قميصي المدوّن 10. اسمي الكروي يبدأ بالحرف D.,"FIFA 22 player dataset (2021 snapshot), SoFIFA-based"
fifa22_207865,Marquinhos,Marquinhos;Marcos Aoás Corrêa;Marcos Marquinhos;ماركينيوس;ماركينهوس;ماركينوس,سنة ميلادي 1994، وطولي المدوّن ببيانات موسم ٢٠٢١–٢٠٢٢ حوالي 183 سم.,قدمي المفضلة اليمنى، ومن مراكزي قلب دفاع.,جنسيتي الكروية البرازيل، وألعب بمركز قلب دفاع.,في بيانات موسم ٢٠٢١–٢٠٢٢ كنت مع Paris Saint-Germain. ورقم قميصي المدوّن 5. اسمي الكروي يبدأ بالحرف M.,"FIFA 22 player dataset (2021 snapshot), SoFIFA-based"
fifa22_216267,Andrew Robertson,A. Robertson;Andrew Robertson;Robertson;أندرو روبرتسون;اندرو روبرتسون;روبرتسون,سنة ميلادي 1994، وطولي المدوّن ببيانات موسم ٢٠٢١–٢٠٢٢ حوالي 178 سم.,قدمي المفضلة اليسرى، ومن مراكزي ظهير أيسر.,جنسيتي الكروية اسكتلندا، وألعب بمركز ظهير أيسر.,في بيانات موسم ٢٠٢١–٢٠٢٢ كنت مع Liverpool. ورقم قميصي المدوّن 26. اسمي الكروي يبدأ بالحرف R.,"FIFA 22 player dataset (2021 snapshot), SoFIFA-based"
fifa22_199556,Marco Verratti,M. Verratti;Marco Verratti;Verratti;ماركو فيراتي;فيراتي;ڤيراتي,سنة ميلادي 1992، وطولي المدوّن ببيانات موسم ٢٠٢١–٢٠٢٢ حوالي 165 سم.,قدمي المفضلة اليمنى، ومن مراكزي وسط مركزي.,جنسيتي الكروية إيطاليا، وألعب بمركز وسط مركزي.,في بيانات موسم ٢٠٢١–٢٠٢٢ كنت مع Paris Saint-Germain. ورقم قميصي المدوّن 6. اسمي الكروي يبدأ بالحرف V.,"FIFA 22 player dataset (2021 snapshot), SoFIFA-based"
fifa22_186153,Wojciech Szczęsny,W. Szczęsny;Wojciech Tomasz Szczęsny;Wojciech Szczęsny;Szczęsny;فويتشيك تشيزني;تشيزني;شيزني;شتيزني,سنة ميلادي 1990، وطولي المدوّن ببيانات موسم ٢٠٢١–٢٠٢٢ حوالي 195 سم.,قدمي المفضلة اليمنى، ومن مراكزي حارس مرمى.,جنسيتي الكروية بولندا، وألعب بمركز حارس مرمى.,في بيانات موسم ٢٠٢١–٢٠٢٢ كنت مع Juventus. ورقم قميصي المدوّن 1. اسمي الكروي يبدأ بالحرف S.,"FIFA 22 player dataset (2021 snapshot), SoFIFA-based"
fifa22_213345,Kingsley Coman,K. Coman;Kingsley Junior Coman;Kingsley Coman;Coman;كينغسلي كومان;كومان,سنة ميلادي 1996، وطولي المدوّن ببيانات موسم ٢٠٢١–٢٠٢٢ حوالي 180 سم.,قدمي المفضلة اليمنى، ومن مراكزي وسط/جناح أيسر.,جنسيتي الكروية فرنسا، وألعب بمركز وسط/جناح أيسر.,في بيانات موسم ٢٠٢١–٢٠٢٢ كنت مع FC Bayern München. ورقم قميصي المدوّن 11. اسمي الكروي يبدأ بالحرف C.,"FIFA 22 player dataset (2021 snapshot), SoFIFA-based"
fifa22_198219,Lorenzo Insigne,L. Insigne;Lorenzo Insigne;Insigne;لورينزو إنسيني;لورينزو انسيني;إنسيني;انسيني;انسينيي,سنة ميلادي 1991، وطولي المدوّن ببيانات موسم ٢٠٢١–٢٠٢٢ حوالي 163 سم.,قدمي المفضلة اليمنى، ومن مراكزي جناح أيسر.,جنسيتي الكروية إيطاليا، وألعب بمركز جناح أيسر.,في بيانات موسم ٢٠٢١–٢٠٢٢ كنت مع Napoli. ورقم قميصي المدوّن 24. اسمي الكروي يبدأ بالحرف I.,"FIFA 22 player dataset (2021 snapshot), SoFIFA-based"
fifa22_178603,Mats Hummels,M. Hummels;Mats Hummels;Hummels;ماتس هوملز;هوملز;هاملز,سنة ميلادي 1988، وطولي المدوّن ببيانات موسم ٢٠٢١–٢٠٢٢ حوالي 191 سم.,قدمي المفضلة اليمنى، ومن مراكزي قلب دفاع.,جنسيتي الكروية ألمانيا، وألعب بمركز قلب دفاع.,في بيانات موسم ٢٠٢١–٢٠٢٢ كنت مع Borussia Dortmund. ورقم قميصي المدوّن 15. اسمي الكروي يبدأ بالحرف H.,"FIFA 22 player dataset (2021 snapshot), SoFIFA-based"
fifa22_138956,Giorgio Chiellini,G. Chiellini;Giorgio Chiellini;Chiellini;جورجيو كيليني;كيليني;كييليني,سنة ميلادي 1984، وطولي المدوّن ببيانات موسم ٢٠٢١–٢٠٢٢ حوالي 187 سم.,قدمي المفضلة اليسرى، ومن مراكزي قلب دفاع.,جنسيتي الكروية إيطاليا، وألعب بمركز قلب دفاع.,في بيانات موسم ٢٠٢١–٢٠٢٢ كنت مع Juventus. ورقم قميصي المدوّن 3. اسمي الكروي يبدأ بالحرف C.,"FIFA 22 player dataset (2021 snapshot), SoFIFA-based"
fifa22_226161,Marcos Llorente,Marcos Llorente;Marcos Llorente Moreno;Marcos Marcos Llorente;ماركوس يورينتي;ماركوس لورينتي;يورينتي;لورينتي,سنة ميلادي 1995، وطولي المدوّن ببيانات موسم ٢٠٢١–٢٠٢٢ حوالي 184 سم.,قدمي المفضلة اليمنى، ومن مراكزي وسط مركزي.,جنسيتي الكروية إسبانيا، وألعب بمركز وسط مركزي.,في بيانات موسم ٢٠٢١–٢٠٢٢ كنت مع Atlético de Madrid. ورقم قميصي المدوّن 14. اسمي الكروي يبدأ بالحرف M.,"FIFA 22 player dataset (2021 snapshot), SoFIFA-based"
fifa22_231866,Rodri,Rodri;Rodrigo Hernández Cascante;Rodrigo Rodri;رودري;رودريغو هيرنانديز,سنة ميلادي 1996، وطولي المدوّن ببيانات موسم ٢٠٢١–٢٠٢٢ حوالي 191 سم.,قدمي المفضلة اليمنى، ومن مراكزي وسط دفاعي.,جنسيتي الكروية إسبانيا، وألعب بمركز وسط دفاعي.,في بيانات موسم ٢٠٢١–٢٠٢٢ كنت مع Manchester City. ورقم قميصي المدوّن 16. اسمي الكروي يبدأ بالحرف R.,"FIFA 22 player dataset (2021 snapshot), SoFIFA-based"
fifa22_212218,Aymeric Laporte,A. Laporte;Aymeric Laporte;Laporte;إيمريك لابورت;ايمريك لابورت;لابورت,سنة ميلادي 1994، وطولي المدوّن ببيانات موسم ٢٠٢١–٢٠٢٢ حوالي 191 سم.,قدمي المفضلة اليسرى، ومن مراكزي قلب دفاع.,جنسيتي الكروية إسبانيا، وألعب بمركز قلب دفاع.,في بيانات موسم ٢٠٢١–٢٠٢٢ كنت مع Manchester City. ورقم قميصي المدوّن 14. اسمي الكروي يبدأ بالحرف L.,"FIFA 22 player dataset (2021 snapshot), SoFIFA-based"
fifa22_232363,Milan Škriniar,M. Škriniar;Milan Škriniar;Škriniar;ميلان شكرينيار;شكرينيار;سكرينيار,سنة ميلادي 1995، وطولي المدوّن ببيانات موسم ٢٠٢١–٢٠٢٢ حوالي 188 سم.,قدمي المفضلة اليمنى، ومن مراكزي قلب دفاع.,جنسيتي الكروية سلوفاكيا، وألعب بمركز قلب دفاع.,في بيانات موسم ٢٠٢١–٢٠٢٢ كنت مع Inter. ورقم قميصي المدوّن 37. اسمي الكروي يبدأ بالحرف Š.,"FIFA 22 player dataset (2021 snapshot), SoFIFA-based"
fifa22_209499,Fabinho,Fabinho;Fábio Henrique Tavares;Fábio Fabinho;فابينيو;فابينو;فابينهو,سنة ميلادي 1993، وطولي المدوّن ببيانات موسم ٢٠٢١–٢٠٢٢ حوالي 188 سم.,قدمي المفضلة اليمنى، ومن مراكزي وسط دفاعي.,جنسيتي الكروية البرازيل، وألعب بمركز وسط دفاعي.,في بيانات موسم ٢٠٢١–٢٠٢٢ كنت مع Liverpool. ورقم قميصي المدوّن 3. اسمي الكروي يبدأ بالحرف F.,"FIFA 22 player dataset (2021 snapshot), SoFIFA-based"
fifa22_210514,João Cancelo,João Cancelo;João Pedro Cavaco Cancelo;João João Cancelo;جواو كانسيلو;كانسيلو;كانسلو,سنة ميلادي 1994، وطولي المدوّن ببيانات موسم ٢٠٢١–٢٠٢٢ حوالي 182 سم.,قدمي المفضلة اليمنى، ومن مراكزي ظهير أيمن.,جنسيتي الكروية البرتغال، وألعب بمركز ظهير أيمن.,في بيانات موسم ٢٠٢١–٢٠٢٢ كنت مع Manchester City. ورقم قميصي المدوّن 27. اسمي الكروي يبدأ بالحرف J.,"FIFA 22 player dataset (2021 snapshot), SoFIFA-based"
fifa22_201535,Raphaël Varane,R. Varane;Raphaël Varane;Varane;رافاييل فاران;فاران;ڤاران,سنة ميلادي 1993، وطولي المدوّن ببيانات موسم ٢٠٢١–٢٠٢٢ حوالي 191 سم.,قدمي المفضلة اليمنى، ومن مراكزي قلب دفاع.,جنسيتي الكروية فرنسا، وألعب بمركز قلب دفاع.,في بيانات موسم ٢٠٢١–٢٠٢٢ كنت مع Manchester United. ورقم قميصي المدوّن 19. اسمي الكروي يبدأ بالحرف V.,"FIFA 22 player dataset (2021 snapshot), SoFIFA-based"
fifa22_204485,Riyad Mahrez,R. Mahrez;Riyad Mahrez;Mahrez;رياض محرز;محرز,سنة ميلادي 1991، وطولي المدوّن ببيانات موسم ٢٠٢١–٢٠٢٢ حوالي 179 سم.,قدمي المفضلة اليسرى، ومن مراكزي جناح أيمن.,جنسيتي الكروية الجزائر، وألعب بمركز جناح أيمن.,في بيانات موسم ٢٠٢١–٢٠٢٢ كنت مع Manchester City. ورقم قميصي المدوّن 26. اسمي الكروي يبدأ بالحرف M.,"FIFA 22 player dataset (2021 snapshot), SoFIFA-based"
fifa22_189509,Thiago,Thiago;Thiago Alcântara do Nascimento;Thiago Thiago;تياغو ألكانتارا;تياغو الكانتارا;تياغو;تياجو الكانتارا;تياجو,سنة ميلادي 1991، وطولي المدوّن ببيانات موسم ٢٠٢١–٢٠٢٢ حوالي 174 سم.,قدمي المفضلة اليمنى، ومن مراكزي وسط مركزي.,جنسيتي الكروية إسبانيا، وألعب بمركز وسط مركزي.,في بيانات موسم ٢٠٢١–٢٠٢٢ كنت مع Liverpool. ورقم قميصي المدوّن 6. اسمي الكروي يبدأ بالحرف T.,"FIFA 22 player dataset (2021 snapshot), SoFIFA-based"
fifa22_201024,Kalidou Koulibaly,K. Koulibaly;Kalidou Koulibaly;Koulibaly;كاليدو كوليبالي;كوليبالي,سنة ميلادي 1991، وطولي المدوّن ببيانات موسم ٢٠٢١–٢٠٢٢ حوالي 187 سم.,قدمي المفضلة اليمنى، ومن مراكزي قلب دفاع.,جنسيتي الكروية السنغال، وألعب بمركز قلب دفاع.,في بيانات موسم ٢٠٢١–٢٠٢٢ كنت مع Napoli. ورقم قميصي المدوّن 26. اسمي الكروي يبدأ بالحرف K.,"FIFA 22 player dataset (2021 snapshot), SoFIFA-based"
fifa22_192984,Koen Casteels,K. Casteels;Koen Casteels;Casteels;كوين كاستيلس;كاستيلس,سنة ميلادي 1992، وطولي المدوّن ببيانات موسم ٢٠٢١–٢٠٢٢ حوالي 197 سم.,قدمي المفضلة اليسرى، ومن مراكزي حارس مرمى.,جنسيتي الكروية بلجيكا، وألعب بمركز حارس مرمى.,في بيانات موسم ٢٠٢١–٢٠٢٢ كنت مع VfL Wolfsburg. ورقم قميصي المدوّن 1. اسمي الكروي يبدأ بالحرف C.,"FIFA 22 player dataset (2021 snapshot), SoFIFA-based"
fifa22_189332,Jordi Alba,Jordi Alba;Jordi Alba Ramos;Jordi Jordi Alba;جوردي ألبا;جوردي البا;البا;ألبا,سنة ميلادي 1989، وطولي المدوّن ببيانات موسم ٢٠٢١–٢٠٢٢ حوالي 170 سم.,قدمي المفضلة اليسرى، ومن مراكزي ظهير أيسر.,جنسيتي الكروية إسبانيا، وألعب بمركز ظهير أيسر.,في بيانات موسم ٢٠٢١–٢٠٢٢ كنت مع FC Barcelona. ورقم قميصي المدوّن 18. اسمي الكروي يبدأ بالحرف J.,"FIFA 22 player dataset (2021 snapshot), SoFIFA-based"
fifa22_208830,Jamie Vardy,J. Vardy;Jamie Vardy;Vardy;جيمي فاردي;فاردي;ڤاردي,سنة ميلادي 1987، وطولي المدوّن ببيانات موسم ٢٠٢١–٢٠٢٢ حوالي 179 سم.,قدمي المفضلة اليمنى، ومن مراكزي رأس حربة.,جنسيتي الكروية إنكلترا، وألعب بمركز رأس حربة.,في بيانات موسم ٢٠٢١–٢٠٢٢ كنت مع Leicester City. ورقم قميصي المدوّن 9. اسمي الكروي يبدأ بالحرف V.,"FIFA 22 player dataset (2021 snapshot), SoFIFA-based"
fifa22_162835,Samir Handanovič,S. Handanovič;Samir Handanovič;Handanovič;سمير هاندانوفيتش;هاندانوفيتش;هندانوفش,سنة ميلادي 1984، وطولي المدوّن ببيانات موسم ٢٠٢١–٢٠٢٢ حوالي 193 سم.,قدمي المفضلة اليمنى، ومن مراكزي حارس مرمى.,جنسيتي الكروية سلوفينيا، وألعب بمركز حارس مرمى.,في بيانات موسم ٢٠٢١–٢٠٢٢ كنت مع Inter. ورقم قميصي المدوّن 1. اسمي الكروي يبدأ بالحرف H.,"FIFA 22 player dataset (2021 snapshot), SoFIFA-based"
fifa22_218667,Bernardo Silva,Bernardo Silva;Bernardo Mota Veiga de Carvalho e Silva;Bernardo Bernardo Silva;برناردو سيلفا;بيرناردو سيلفا,سنة ميلادي 1994، وطولي المدوّن ببيانات موسم ٢٠٢١–٢٠٢٢ حوالي 173 سم.,قدمي المفضلة اليسرى، ومن مراكزي وسط هجومي.,جنسيتي الكروية البرتغال، وألعب بمركز وسط هجومي.,في بيانات موسم ٢٠٢١–٢٠٢٢ كنت مع Manchester City. ورقم قميصي المدوّن 20. اسمي الكروي يبدأ بالحرف B.,"FIFA 22 player dataset (2021 snapshot), SoFIFA-based"
fifa22_208093,Gerard Moreno,Gerard Moreno;Gerard Moreno Balagueró;Gerard Gerard Moreno;جيرارد مورينو,سنة ميلادي 1992، وطولي المدوّن ببيانات موسم ٢٠٢١–٢٠٢٢ حوالي 180 سم.,قدمي المفضلة اليسرى، ومن مراكزي رأس حربة.,جنسيتي الكروية إسبانيا، وألعب بمركز رأس حربة.,في بيانات موسم ٢٠٢١–٢٠٢٢ كنت مع Villarreal CF. ورقم قميصي المدوّن 7. اسمي الكروي يبدأ بالحرف G.,"FIFA 22 player dataset (2021 snapshot), SoFIFA-based"
fifa22_189513,Parejo,Parejo;Daniel Parejo Muñoz;Daniel Parejo;داني باريخو;باريخو,سنة ميلادي 1989، وطولي المدوّن ببيانات موسم ٢٠٢١–٢٠٢٢ حوالي 182 سم.,قدمي المفضلة اليمنى، ومن مراكزي وسط مركزي.,جنسيتي الكروية إسبانيا، وألعب بمركز وسط مركزي.,في بيانات موسم ٢٠٢١–٢٠٢٢ كنت مع Villarreal CF. ورقم قميصي المدوّن 5. اسمي الكروي يبدأ بالحرف P.,"FIFA 22 player dataset (2021 snapshot), SoFIFA-based"
fifa22_206113,Serge Gnabry,S. Gnabry;Serge David Gnabry;Serge Gnabry;Gnabry;سيرج غنابري;غنابري;جنابري,سنة ميلادي 1995، وطولي المدوّن ببيانات موسم ٢٠٢١–٢٠٢٢ حوالي 176 سم.,قدمي المفضلة اليمنى، ومن مراكزي وسط/جناح أيمن.,جنسيتي الكروية ألمانيا، وألعب بمركز وسط/جناح أيمن.,في بيانات موسم ٢٠٢١–٢٠٢٢ كنت مع FC Bayern München. ورقم قميصي المدوّن 7. اسمي الكروي يبدأ بالحرف G.,"FIFA 22 player dataset (2021 snapshot), SoFIFA-based"
fifa22_194765,Antoine Griezmann,A. Griezmann;Antoine Griezmann;Griezmann;أنطوان غريزمان;انطوان غريزمان;غريزمان;جريزمان,سنة ميلادي 1991، وطولي المدوّن ببيانات موسم ٢٠٢١–٢٠٢٢ حوالي 176 سم.,قدمي المفضلة اليسرى، ومن مراكزي رأس حربة.,جنسيتي الكروية فرنسا، وألعب بمركز رأس حربة.,في بيانات موسم ٢٠٢١–٢٠٢٢ كنت مع Atlético de Madrid. ورقم قميصي المدوّن 17. اسمي الكروي يبدأ بالحرف G.,"FIFA 22 player dataset (2021 snapshot), SoFIFA-based"
fifa22_188350,Marco Reus,M. Reus;Marco Reus;Reus;ماركو رويس;رويس;رويز,سنة ميلادي 1989، وطولي المدوّن ببيانات موسم ٢٠٢١–٢٠٢٢ حوالي 180 سم.,قدمي المفضلة اليمنى، ومن مراكزي وسط هجومي.,جنسيتي الكروية ألمانيا، وألعب بمركز وسط هجومي.,في بيانات موسم ٢٠٢١–٢٠٢٢ كنت مع Borussia Dortmund. ورقم قميصي المدوّن 11. اسمي الكروي يبدأ بالحرف R.,"FIFA 22 player dataset (2021 snapshot), SoFIFA-based"
fifa22_179813,Edinson Cavani,E. Cavani;Edinson Roberto Cavani Gómez;Edinson Cavani;Cavani;إدينسون كافاني;ادينسون كافاني;كافاني;كڤاني,سنة ميلادي 1987، وطولي المدوّن ببيانات موسم ٢٠٢١–٢٠٢٢ حوالي 185 سم.,قدمي المفضلة اليمنى، ومن مراكزي رأس حربة.,جنسيتي الكروية الأوروغواي، وألعب بمركز رأس حربة.,في بيانات موسم ٢٠٢١–٢٠٢٢ كنت مع Manchester United. ورقم قميصي المدوّن 21. اسمي الكروي يبدأ بالحرف C.,"FIFA 22 player dataset (2021 snapshot), SoFIFA-based"
fifa22_164240,Thiago Silva,Thiago Silva;Thiago Emiliano da Silva;Thiago Thiago Silva;تياغو سيلفا;تياجو سيلفا,سنة ميلادي 1984، وطولي المدوّن ببيانات موسم ٢٠٢١–٢٠٢٢ حوالي 183 سم.,قدمي المفضلة اليمنى، ومن مراكزي قلب دفاع.,جنسيتي الكروية البرازيل، وألعب بمركز قلب دفاع.,في بيانات موسم ٢٠٢١–٢٠٢٢ كنت مع Chelsea. ورقم قميصي المدوّن 6. اسمي الكروي يبدأ بالحرف T.,"FIFA 22 player dataset (2021 snapshot), SoFIFA-based"
fifa22_231478,Lautaro Martínez,L. Martínez;Lautaro Javier Martínez;Lautaro Martínez;Martínez;لاوتارو مارتينيز;لاوتارو,سنة ميلادي 1997، وطولي المدوّن ببيانات موسم ٢٠٢١–٢٠٢٢ حوالي 174 سم.,قدمي المفضلة اليمنى، ومن مراكزي رأس حربة.,جنسيتي الكروية الأرجنتين، وألعب بمركز رأس حربة.,في بيانات موسم ٢٠٢١–٢٠٢٢ كنت مع Inter. ورقم قميصي المدوّن 10. اسمي الكروي يبدأ بالحرف M.,"FIFA 22 player dataset (2021 snapshot), SoFIFA-based"
fifa22_235243,Matthijs de Ligt,M. de Ligt;Matthijs de Ligt;de Ligt;ماتياس دي ليخت;دي ليخت;ديليخت;دي ليغت,سنة ميلادي 1999، وطولي المدوّن ببيانات موسم ٢٠٢١–٢٠٢٢ حوالي 189 سم.,قدمي المفضلة اليمنى، ومن مراكزي قلب دفاع.,جنسيتي الكروية هولندا، وألعب بمركز قلب دفاع.,في بيانات موسم ٢٠٢١–٢٠٢٢ كنت مع Juventus. ورقم قميصي المدوّن 4. اسمي الكروي يبدأ بالحرف d.,"FIFA 22 player dataset (2021 snapshot), SoFIFA-based"
fifa22_223848,Sergej Milinković-Savić,S. Milinković-Savić;Sergej Milinković-Savić;Milinković-Savić;سيرغي ميلينكوفيتش سافيتش;ميلينكوفيتش;ميلينكوفيتش سافيتش;سيرجي سافيتش,سنة ميلادي 1995، وطولي المدوّن ببيانات موسم ٢٠٢١–٢٠٢٢ حوالي 191 سم.,قدمي المفضلة اليمنى، ومن مراكزي وسط مركزي.,جنسيتي الكروية صربيا، وألعب بمركز وسط مركزي.,في بيانات موسم ٢٠٢١–٢٠٢٢ كنت مع Lazio. ورقم قميصي المدوّن 21. اسمي الكروي يبدأ بالحرف M.,"FIFA 22 player dataset (2021 snapshot), SoFIFA-based"
fifa22_202556,Memphis Depay,M. Depay;Memphis Depay;Depay;ممفيس ديباي;ميمفيس ديباي;ديباي,سنة ميلادي 1994، وطولي المدوّن ببيانات موسم ٢٠٢١–٢٠٢٢ حوالي 176 سم.,قدمي المفضلة اليمنى، ومن مراكزي مهاجم مساند.,جنسيتي الكروية هولندا، وألعب بمركز مهاجم مساند.,في بيانات موسم ٢٠٢١–٢٠٢٢ كنت مع FC Barcelona. ورقم قميصي المدوّن 9. اسمي الكروي يبدأ بالحرف D.,"FIFA 22 player dataset (2021 snapshot), SoFIFA-based"
fifa22_201942,Roberto Firmino,Roberto Firmino;Roberto Firmino Barbosa de Oliveira;Roberto Roberto Firmino;روبرتو فيرمينو;فيرمينو,سنة ميلادي 1991، وطولي المدوّن ببيانات موسم ٢٠٢١–٢٠٢٢ حوالي 181 سم.,قدمي المفضلة اليمنى، ومن مراكزي مهاجم مساند.,جنسيتي الكروية البرازيل، وألعب بمركز مهاجم مساند.,في بيانات موسم ٢٠٢١–٢٠٢٢ كنت مع Liverpool. ورقم قميصي المدوّن 9. اسمي الكروي يبدأ بالحرف R.,"FIFA 22 player dataset (2021 snapshot), SoFIFA-based"
fifa22_193747,Koke,Koke;Jorge Resurrección Merodio;Jorge Koke;كوكي;كوكى;كوكي ريسوريكسيون,سنة ميلادي 1992، وطولي المدوّن ببيانات موسم ٢٠٢١–٢٠٢٢ حوالي 176 سم.,قدمي المفضلة اليمنى، ومن مراكزي وسط مركزي.,جنسيتي الكروية إسبانيا، وألعب بمركز وسط مركزي.,في بيانات موسم ٢٠٢١–٢٠٢٢ كنت مع Atlético de Madrid. ورقم قميصي المدوّن 6. اسمي الكروي يبدأ بالحرف K.,"FIFA 22 player dataset (2021 snapshot), SoFIFA-based"
fifa22_186942,İlkay Gündoğan,İ. Gündoğan;İlkay Gündoğan;Gündoğan;إلكاي غوندوغان;الكاي غوندوغان;غوندوغان;غندوغان;جوندوجان,سنة ميلادي 1990، وطولي المدوّن ببيانات موسم ٢٠٢١–٢٠٢٢ حوالي 180 سم.,قدمي المفضلة اليمنى، ومن مراكزي وسط مركزي.,جنسيتي الكروية ألمانيا، وألعب بمركز وسط مركزي.,في بيانات موسم ٢٠٢١–٢٠٢٢ كنت مع Manchester City. ورقم قميصي المدوّن 8. اسمي الكروي يبدأ بالحرف G.,"FIFA 22 player dataset (2021 snapshot), SoFIFA-based"
fifa22_204963,Carvajal,Carvajal;Daniel Carvajal Ramos;Daniel Carvajal;داني كارفاخال;كارفاخال;كارڤاخال,سنة ميلادي 1992، وطولي المدوّن ببيانات موسم ٢٠٢١–٢٠٢٢ حوالي 173 سم.,قدمي المفضلة اليمنى، ومن مراكزي ظهير أيمن.,جنسيتي الكروية إسبانيا، وألعب بمركز ظهير أيمن.,في بيانات موسم ٢٠٢١–٢٠٢٢ كنت مع Real Madrid CF. ورقم قميصي المدوّن 2. اسمي الكروي يبدأ بالحرف C.,"FIFA 22 player dataset (2021 snapshot), SoFIFA-based"
fifa22_198176,Stefan de Vrij,S. de Vrij;Stefan de Vrij;de Vrij;ستيفان دي فري;دي فري;ديفري,سنة ميلادي 1992، وطولي المدوّن ببيانات موسم ٢٠٢١–٢٠٢٢ حوالي 189 سم.,قدمي المفضلة اليمنى، ومن مراكزي قلب دفاع.,جنسيتي الكروية هولندا، وألعب بمركز قلب دفاع.,في بيانات موسم ٢٠٢١–٢٠٢٢ كنت مع Inter. ورقم قميصي المدوّن 6. اسمي الكروي يبدأ بالحرف d.,"FIFA 22 player dataset (2021 snapshot), SoFIFA-based"
fifa22_188567,Pierre-Emerick Aubameyang,P. Aubameyang;Pierre-Emerick Emiliano François Aubameyang;Pierre-Emerick Aubameyang;Aubameyang;بيير إيمريك أوباميانغ;اوباميانغ;أوباميانغ;اوباميانج,سنة ميلادي 1989، وطولي المدوّن ببيانات موسم ٢٠٢١–٢٠٢٢ حوالي 187 سم.,قدمي المفضلة اليمنى، ومن مراكزي رأس حربة.,جنسيتي الكروية الغابون، وألعب بمركز رأس حربة.,في بيانات موسم ٢٠٢١–٢٠٢٢ كنت مع Arsenal. ورقم قميصي المدوّن 14. اسمي الكروي يبدأ بالحرف A.,"FIFA 22 player dataset (2021 snapshot), SoFIFA-based"
fifa22_188377,Kyle Walker,K. Walker;Kyle Walker;Walker;كايل ووكر;ووكر;وكر,سنة ميلادي 1990، وطولي المدوّن ببيانات موسم ٢٠٢١–٢٠٢٢ حوالي 183 سم.,قدمي المفضلة اليمنى، ومن مراكزي ظهير أيمن.,جنسيتي الكروية إنكلترا، وألعب بمركز ظهير أيمن.,في بيانات موسم ٢٠٢١–٢٠٢٢ كنت مع Manchester City. ورقم قميصي المدوّن 2. اسمي الكروي يبدأ بالحرف W.,"FIFA 22 player dataset (2021 snapshot), SoFIFA-based"
fifa22_143076,Alejandro Gómez,A. Gómez;Alejandro Darío Gómez;Alejandro Gómez;Gómez;أليخاندرو غوميز;بابو غوميز;بابو جوميز,سنة ميلادي 1988، وطولي المدوّن ببيانات موسم ٢٠٢١–٢٠٢٢ حوالي 167 سم.,قدمي المفضلة اليمنى، ومن مراكزي وسط هجومي.,جنسيتي الكروية الأرجنتين، وألعب بمركز وسط هجومي.,في بيانات موسم ٢٠٢١–٢٠٢٢ كنت مع Sevilla FC. ورقم قميصي المدوّن 24. اسمي الكروي يبدأ بالحرف G.,"FIFA 22 player dataset (2021 snapshot), SoFIFA-based"
fifa22_185122,Péter Gulácsi,P. Gulácsi;Péter Gulácsi;Gulácsi;بيتر غولاشي;غولاشي;غولاسي,سنة ميلادي 1990، وطولي المدوّن ببيانات موسم ٢٠٢١–٢٠٢٢ حوالي 191 سم.,قدمي المفضلة اليمنى، ومن مراكزي حارس مرمى.,جنسيتي الكروية المجر، وألعب بمركز حارس مرمى.,في بيانات موسم ٢٠٢١–٢٠٢٢ كنت مع RB Leipzig. ورقم قميصي المدوّن 1. اسمي الكروي يبدأ بالحرف G.,"FIFA 22 player dataset (2021 snapshot), SoFIFA-based"
fifa22_177683,Yann Sommer,Y. Sommer;Yann Sommer;Sommer;يان سومر;سومر,سنة ميلادي 1988، وطولي المدوّن ببيانات موسم ٢٠٢١–٢٠٢٢ حوالي 183 سم.,قدمي المفضلة اليمنى، ومن مراكزي حارس مرمى.,جنسيتي الكروية سويسرا، وألعب بمركز حارس مرمى.,في بيانات موسم ٢٠٢١–٢٠٢٢ كنت مع Borussia Mönchengladbach. ورقم قميصي المدوّن 1. اسمي الكروي يبدأ بالحرف S.,"FIFA 22 player dataset (2021 snapshot), SoFIFA-based"
fifa22_184344,Leonardo Bonucci,L. Bonucci;Leonardo Bonucci;Bonucci;ليوناردو بونوتشي;بونوتشي;بونوشي,سنة ميلادي 1987، وطولي المدوّن ببيانات موسم ٢٠٢١–٢٠٢٢ حوالي 190 سم.,قدمي المفضلة اليمنى، ومن مراكزي قلب دفاع.,جنسيتي الكروية إيطاليا، وألعب بمركز قلب دفاع.,في بيانات موسم ٢٠٢١–٢٠٢٢ كنت مع Juventus. ورقم قميصي المدوّن 19. اسمي الكروي يبدأ بالحرف B.,"FIFA 22 player dataset (2021 snapshot), SoFIFA-based"
fifa22_230142,Oyarzabal,Oyarzabal;Mikel Oyarzabal Ugarte;Mikel Oyarzabal;ميكيل أويارزابال;ميكيل اويارزابال;أويارزابال;اويارزابال,سنة ميلادي 1997، وطولي المدوّن ببيانات موسم ٢٠٢١–٢٠٢٢ حوالي 181 سم.,قدمي المفضلة اليسرى، ومن مراكزي جناح أيسر.,جنسيتي الكروية إسبانيا، وألعب بمركز جناح أيسر.,في بيانات موسم ٢٠٢١–٢٠٢٢ كنت مع Real Sociedad. ورقم قميصي المدوّن 10. اسمي الكروي يبدأ بالحرف O.,"FIFA 22 player dataset (2021 snapshot), SoFIFA-based"
fifa22_205498,Jorginho,Jorginho;Luiz Frello Filho Jorge;Luiz Jorginho;جورجينيو;جورجينو;جورجينهو,سنة ميلادي 1991، وطولي المدوّن ببيانات موسم ٢٠٢١–٢٠٢٢ حوالي 180 سم.,قدمي المفضلة اليمنى، ومن مراكزي وسط مركزي.,جنسيتي الكروية إيطاليا، وألعب بمركز وسط مركزي.,في بيانات موسم ٢٠٢١–٢٠٢٢ كنت مع Chelsea. ورقم قميصي المدوّن 5. اسمي الكروي يبدأ بالحرف J.,"FIFA 22 player dataset (2021 snapshot), SoFIFA-based"
fifa22_163587,Kasper Schmeichel,K. Schmeichel;Kasper Peter Schmeichel;Kasper Schmeichel;Schmeichel;كاسبر شمايكل;شمايكل;شميكل,سنة ميلادي 1986، وطولي المدوّن ببيانات موسم ٢٠٢١–٢٠٢٢ حوالي 189 سم.,قدمي المفضلة اليمنى، ومن مراكزي حارس مرمى.,جنسيتي الكروية الدنمارك، وألعب بمركز حارس مرمى.,في بيانات موسم ٢٠٢١–٢٠٢٢ كنت مع Leicester City. ورقم قميصي المدوّن 1. اسمي الكروي يبدأ بالحرف S.,"FIFA 22 player dataset (2021 snapshot), SoFIFA-based"
fifa22_226790,Wilfred Ndidi,W. Ndidi;Onyinye Wilfred Ndidi;Wilfred Ndidi;Ndidi;Onyinye Ndidi;ويلفريد نديدي;نديدي,سنة ميلادي 1996، وطولي المدوّن ببيانات موسم ٢٠٢١–٢٠٢٢ حوالي 183 سم.,قدمي المفضلة اليمنى، ومن مراكزي وسط دفاعي.,جنسيتي الكروية نيجيريا، وألعب بمركز وسط دفاعي.,في بيانات موسم ٢٠٢١–٢٠٢٢ كنت مع Leicester City. ورقم قميصي المدوّن 25. اسمي الكروي يبدأ بالحرف N.,"FIFA 22 player dataset (2021 snapshot), SoFIFA-based"
fifa22_197445,David Alaba,D. Alaba;David Olatukunbo Alaba;David Alaba;Alaba;دافيد ألابا;دافيد الابا;ألابا;الابا,سنة ميلادي 1992، وطولي المدوّن ببيانات موسم ٢٠٢١–٢٠٢٢ حوالي 180 سم.,قدمي المفضلة اليسرى، ومن مراكزي قلب دفاع.,جنسيتي الكروية النمسا، وألعب بمركز قلب دفاع.,في بيانات موسم ٢٠٢١–٢٠٢٢ كنت مع Real Madrid CF. ورقم قميصي المدوّن 4. اسمي الكروي يبدأ بالحرف A.,"FIFA 22 player dataset (2021 snapshot), SoFIFA-based"
fifa22_193080,De Gea,De Gea;David De Gea Quintana;David De Gea;دافيد دي خيا;دي خيا;ديخيا;ديجيا,سنة ميلادي 1990، وطولي المدوّن ببيانات موسم ٢٠٢١–٢٠٢٢ حوالي 192 سم.,قدمي المفضلة اليمنى، ومن مراكزي حارس مرمى.,جنسيتي الكروية إسبانيا، وألعب بمركز حارس مرمى.,في بيانات موسم ٢٠٢١–٢٠٢٢ كنت مع Manchester United. ورقم قميصي المدوّن 1. اسمي الكروي يبدأ بالحرف D.,"FIFA 22 player dataset (2021 snapshot), SoFIFA-based"
fifa22_152729,Piqué,Piqué;Gerard Piqué Bernabéu;Gerard Piqué;جيرارد بيكيه;بيكيه;بيكي,سنة ميلادي 1987، وطولي المدوّن ببيانات موسم ٢٠٢١–٢٠٢٢ حوالي 194 سم.,قدمي المفضلة اليمنى، ومن مراكزي قلب دفاع.,جنسيتي الكروية إسبانيا، وألعب بمركز قلب دفاع.,في بيانات موسم ٢٠٢١–٢٠٢٢ كنت مع FC Barcelona. ورقم قميصي المدوّن 3. اسمي الكروي يبدأ بالحرف P.,"FIFA 22 player dataset (2021 snapshot), SoFIFA-based"
fifa22_224232,Nicolò Barella,N. Barella;Nicolò Barella;Barella;نيكولو باريلا;باريلا,سنة ميلادي 1997، وطولي المدوّن ببيانات موسم ٢٠٢١–٢٠٢٢ حوالي 172 سم.,قدمي المفضلة اليمنى، ومن مراكزي وسط مركزي.,جنسيتي الكروية إيطاليا، وألعب بمركز وسط مركزي.,في بيانات موسم ٢٠٢١–٢٠٢٢ كنت مع Inter. ورقم قميصي المدوّن 23. اسمي الكروي يبدأ بالحرف B.,"FIFA 22 player dataset (2021 snapshot), SoFIFA-based"
fifa22_232656,Theo Hernández,T. Hernández;Theo Bernard François Hernández;Theo Hernández;Hernández;ثيو هيرنانديز;ثيو هيرناندز;تيو هيرنانديز,سنة ميلادي 1997، وطولي المدوّن ببيانات موسم ٢٠٢١–٢٠٢٢ حوالي 184 سم.,قدمي المفضلة اليسرى، ومن مراكزي ظهير أيسر.,جنسيتي الكروية فرنسا، وألعب بمركز ظهير أيسر.,في بيانات موسم ٢٠٢١–٢٠٢٢ كنت مع AC Milan. ورقم قميصي المدوّن 19. اسمي الكروي يبدأ بالحرف H.,"FIFA 22 player dataset (2021 snapshot), SoFIFA-based"
fifa22_212188,Timo Werner,T. Werner;Timo Werner;Werner;تيمو فيرنر;فيرنر;ڤيرنر,سنة ميلادي 1996، وطولي المدوّن ببيانات موسم ٢٠٢١–٢٠٢٢ حوالي 180 سم.,قدمي المفضلة اليمنى، ومن مراكزي رأس حربة.,جنسيتي الكروية ألمانيا، وألعب بمركز رأس حربة.,في بيانات موسم ٢٠٢١–٢٠٢٢ كنت مع Chelsea. ورقم قميصي المدوّن 11. اسمي الكروي يبدأ بالحرف W.,"FIFA 22 player dataset (2021 snapshot), SoFIFA-based"
fifa22_222492,Leroy Sané,L. Sané;Leroy Aziz Sané;Leroy Sané;Sané;ليروي ساني;ساني;سانه,سنة ميلادي 1996، وطولي المدوّن ببيانات موسم ٢٠٢١–٢٠٢٢ حوالي 183 سم.,قدمي المفضلة اليسرى، ومن مراكزي وسط/جناح أيمن.,جنسيتي الكروية ألمانيا، وألعب بمركز وسط/جناح أيمن.,في بيانات موسم ٢٠٢١–٢٠٢٢ كنت مع FC Bayern München. ورقم قميصي المدوّن 10. اسمي الكروي يبدأ بالحرف S.,"FIFA 22 player dataset (2021 snapshot), SoFIFA-based"
fifa22_228941,André Silva,André Silva;André Miguel Valente da Silva;André André Silva;أندريه سيلفا;اندريه سيلفا,سنة ميلادي 1995، وطولي المدوّن ببيانات موسم ٢٠٢١–٢٠٢٢ حوالي 185 سم.,قدمي المفضلة اليمنى، ومن مراكزي رأس حربة.,جنسيتي الكروية البرتغال، وألعب بمركز رأس حربة.,في بيانات موسم ٢٠٢١–٢٠٢٢ كنت مع RB Leipzig. ورقم قميصي المدوّن 33. اسمي الكروي يبدأ بالحرف A.,"FIFA 22 player dataset (2021 snapshot), SoFIFA-based"
fifa22_206517,Jack Grealish,J. Grealish;Jack Grealish;Grealish;جاك غريليش;غريليش;جريليش;كريليش,سنة ميلادي 1995، وطولي المدوّن ببيانات موسم ٢٠٢١–٢٠٢٢ حوالي 180 سم.,قدمي المفضلة اليمنى، ومن مراكزي جناح أيسر.,جنسيتي الكروية إنكلترا، وألعب بمركز جناح أيسر.,في بيانات موسم ٢٠٢١–٢٠٢٢ كنت مع Manchester City. ورقم قميصي المدوّن 10. اسمي الكروي يبدأ بالحرف G.,"FIFA 22 player dataset (2021 snapshot), SoFIFA-based"
fifa22_230938,Franck Kessié,F. Kessié;Franck Yannick Kessié;Franck Kessié;Kessié;فرانك كيسي;كيسي;كيسيه,سنة ميلادي 1996، وطولي المدوّن ببيانات موسم ٢٠٢١–٢٠٢٢ حوالي 183 سم.,قدمي المفضلة اليمنى، ومن مراكزي وسط دفاعي.,جنسيتي الكروية ساحل العاج، وألعب بمركز وسط دفاعي.,في بيانات موسم ٢٠٢١–٢٠٢٢ كنت مع AC Milan. ورقم قميصي المدوّن 79. اسمي الكروي يبدأ بالحرف K.,"FIFA 22 player dataset (2021 snapshot), SoFIFA-based"
fifa22_204923,Marcel Sabitzer,M. Sabitzer;Marcel Sabitzer;Sabitzer;مارسيل سابيتزر;سابيتزر;سابيتسر,سنة ميلادي 1994، وطولي المدوّن ببيانات موسم ٢٠٢١–٢٠٢٢ حوالي 178 سم.,قدمي المفضلة اليمنى، ومن مراكزي وسط مركزي.,جنسيتي الكروية النمسا، وألعب بمركز وسط مركزي.,في بيانات موسم ٢٠٢١–٢٠٢٢ كنت مع FC Bayern München. ورقم قميصي المدوّن 18. اسمي الكروي يبدأ بالحرف S.,"FIFA 22 player dataset (2021 snapshot), SoFIFA-based"
fifa22_208418,Yannick Carrasco,Y. Carrasco;Yannick Ferreira Carrasco;Yannick Carrasco;Carrasco;يانيك كاراسكو;كاراسكو,سنة ميلادي 1993، وطولي المدوّن ببيانات موسم ٢٠٢١–٢٠٢٢ حوالي 185 سم.,قدمي المفضلة اليمنى، ومن مراكزي وسط/جناح أيسر.,جنسيتي الكروية بلجيكا، وألعب بمركز وسط/جناح أيسر.,في بيانات موسم ٢٠٢١–٢٠٢٢ كنت مع Atlético de Madrid. ورقم قميصي المدوّن 21. اسمي الكروي يبدأ بالحرف C.,"FIFA 22 player dataset (2021 snapshot), SoFIFA-based"
fifa22_216594,Nabil Fekir,N. Fekir;Nabil Fekir;Fekir;نبيل فقير;فقير,سنة ميلادي 1993، وطولي المدوّن ببيانات موسم ٢٠٢١–٢٠٢٢ حوالي 173 سم.,قدمي المفضلة اليسرى، ومن مراكزي وسط هجومي.,جنسيتي الكروية فرنسا، وألعب بمركز وسط هجومي.,في بيانات موسم ٢٠٢١–٢٠٢٢ كنت مع Real Betis Balompié. ورقم قميصي المدوّن 8. اسمي الكروي يبدأ بالحرف F.,"FIFA 22 player dataset (2021 snapshot), SoFIFA-based"
fifa22_203263,Harry Maguire,H. Maguire;Harry Maguire;Maguire;هاري ماغواير;ماغواير;ماجواير;ماكواير,سنة ميلادي 1993، وطولي المدوّن ببيانات موسم ٢٠٢١–٢٠٢٢ حوالي 194 سم.,قدمي المفضلة اليمنى، ومن مراكزي قلب دفاع.,جنسيتي الكروية إنكلترا، وألعب بمركز قلب دفاع.,في بيانات موسم ٢٠٢١–٢٠٢٢ كنت مع Manchester United. ورقم قميصي المدوّن 5. اسمي الكروي يبدأ بالحرف M.,"FIFA 22 player dataset (2021 snapshot), SoFIFA-based"
fifa22_207862,Matthias Ginter,M. Ginter;Matthias Ginter;Ginter;ماتياس غينتر;غينتر;جينتر,سنة ميلادي 1994، وطولي المدوّن ببيانات موسم ٢٠٢١–٢٠٢٢ حوالي 191 سم.,قدمي المفضلة اليمنى، ومن مراكزي قلب دفاع.,جنسيتي الكروية ألمانيا، وألعب بمركز قلب دفاع.,في بيانات موسم ٢٠٢١–٢٠٢٢ كنت مع Borussia Mönchengladbach. ورقم قميصي المدوّن 28. اسمي الكروي يبدأ بالحرف G.,"FIFA 22 player dataset (2021 snapshot), SoFIFA-based"
fifa22_208574,Filip Kostić,F. Kostić;Filip Kostić;Kostić;فيليب كوستيتش;كوستيتش;كوستش,سنة ميلادي 1992، وطولي المدوّن ببيانات موسم ٢٠٢١–٢٠٢٢ حوالي 184 سم.,قدمي المفضلة اليسرى، ومن مراكزي وسط/جناح أيسر.,جنسيتي الكروية صربيا، وألعب بمركز وسط/جناح أيسر.,في بيانات موسم ٢٠٢١–٢٠٢٢ كنت مع Eintracht Frankfurt. ورقم قميصي المدوّن 10. اسمي الكروي يبدأ بالحرف K.,"FIFA 22 player dataset (2021 snapshot), SoFIFA-based"
fifa22_208670,Hakim Ziyech,H. Ziyech;Hakim Ziyech;Ziyech;حكيم زياش;زياش,سنة ميلادي 1993، وطولي المدوّن ببيانات موسم ٢٠٢١–٢٠٢٢ حوالي 181 سم.,قدمي المفضلة اليسرى، ومن مراكزي جناح أيمن.,جنسيتي الكروية المغرب، وألعب بمركز جناح أيمن.,في بيانات موسم ٢٠٢١–٢٠٢٢ كنت مع Chelsea. ورقم قميصي المدوّن 22. اسمي الكروي يبدأ بالحرف Z.,"FIFA 22 player dataset (2021 snapshot), SoFIFA-based"
fifa22_181291,Georginio Wijnaldum,G. Wijnaldum;Georginio Wijnaldum;Wijnaldum;جورجينيو فينالدوم;فينالدوم;وينالدوم,سنة ميلادي 1990، وطولي المدوّن ببيانات موسم ٢٠٢١–٢٠٢٢ حوالي 175 سم.,قدمي المفضلة اليمنى، ومن مراكزي وسط مركزي.,جنسيتي الكروية هولندا، وألعب بمركز وسط مركزي.,في بيانات موسم ٢٠٢١–٢٠٢٢ كنت مع Paris Saint-Germain. ورقم قميصي المدوّن 18. اسمي الكروي يبدأ بالحرف W.,"FIFA 22 player dataset (2021 snapshot), SoFIFA-based"
fifa22_209889,Raphaël Guerreiro,R. Guerreiro;Raphaël Adelino José Guerreiro;Raphaël Guerreiro;Guerreiro;رافاييل غيريرو;غيريرو;جيريرو,سنة ميلادي 1993، وطولي المدوّن ببيانات موسم ٢٠٢١–٢٠٢٢ حوالي 170 سم.,قدمي المفضلة اليسرى، ومن مراكزي ظهير أيسر.,جنسيتي الكروية البرتغال، وألعب بمركز ظهير أيسر.,في بيانات موسم ٢٠٢١–٢٠٢٢ كنت مع Borussia Dortmund. ورقم قميصي المدوّن 13. اسمي الكروي يبدأ بالحرف G.,"FIFA 22 player dataset (2021 snapshot), SoFIFA-based"
fifa22_210243,Ricardo Pereira,Ricardo Pereira;Ricardo Domingos Barbosa Pereira;Ricardo Ricardo Pereira;ريكاردو بيريرا,سنة ميلادي 1993، وطولي المدوّن ببيانات موسم ٢٠٢١–٢٠٢٢ حوالي 175 سم.,قدمي المفضلة اليمنى، ومن مراكزي ظهير أيمن.,جنسيتي الكروية البرتغال، وألعب بمركز ظهير أيمن.,في بيانات موسم ٢٠٢١–٢٠٢٢ كنت مع Leicester City. ورقم قميصي المدوّن 21. اسمي الكروي يبدأ بالحرف R.,"FIFA 22 player dataset (2021 snapshot), SoFIFA-based"
fifa22_216352,Marcelo Brozović,M. Brozović;Marcelo Brozović;Brozović;مارسيلو بروزوفيتش;بروزوفيتش;بروزوڤيتش,سنة ميلادي 1992، وطولي المدوّن ببيانات موسم ٢٠٢١–٢٠٢٢ حوالي 181 سم.,قدمي المفضلة اليمنى، ومن مراكزي وسط دفاعي.,جنسيتي الكروية كرواتيا، وألعب بمركز وسط دفاعي.,في بيانات موسم ٢٠٢١–٢٠٢٢ كنت مع Inter. ورقم قميصي المدوّن 77. اسمي الكروي يبدأ بالحرف B.,"FIFA 22 player dataset (2021 snapshot), SoFIFA-based"
fifa22_199434,Dušan Tadić,D. Tadić;Dušan Tadić;Tadić;دوشان تاديتش;تاديتش;تاديش,سنة ميلادي 1988، وطولي المدوّن ببيانات موسم ٢٠٢١–٢٠٢٢ حوالي 181 سم.,قدمي المفضلة اليسرى، ومن مراكزي جناح أيسر.,جنسيتي الكروية صربيا، وألعب بمركز جناح أيسر.,في بيانات موسم ٢٠٢١–٢٠٢٢ كنت مع Ajax. ورقم قميصي المدوّن 10. اسمي الكروي يبدأ بالحرف T.,"FIFA 22 player dataset (2021 snapshot), SoFIFA-based"
fifa22_202811,Damián Martínez,E. Martínez;Damián Emiliano Martínez;Damián Martínez;Martínez;إيميليانو مارتينيز;ايميليانو مارتينيز;ديبو مارتينيز;داميان مارتينيز,سنة ميلادي 1992، وطولي المدوّن ببيانات موسم ٢٠٢١–٢٠٢٢ حوالي 195 سم.,قدمي المفضلة اليمنى، ومن مراكزي حارس مرمى.,جنسيتي الكروية الأرجنتين، وألعب بمركز حارس مرمى.,في بيانات موسم ٢٠٢١–٢٠٢٢ كنت مع Aston Villa. ورقم قميصي المدوّن 1. اسمي الكروي يبدأ بالحرف M.,"FIFA 22 player dataset (2021 snapshot), SoFIFA-based"
fifa22_183711,Jordan Henderson,J. Henderson;Jordan Henderson;Henderson;جوردان هندرسون,سنة ميلادي 1990، وطولي المدوّن ببيانات موسم ٢٠٢١–٢٠٢٢ حوالي 182 سم.,قدمي المفضلة اليمنى، ومن مراكزي وسط دفاعي.,جنسيتي الكروية إنكلترا، وألعب بمركز وسط دفاعي.,في بيانات موسم ٢٠٢١–٢٠٢٢ كنت مع Liverpool. ورقم قميصي المدوّن 14. اسمي الكروي يبدأ بالحرف H.,"FIFA 22 player dataset (2021 snapshot), SoFIFA-based"
fifa22_207863,Felipe,Felipe;Felipe Augusto de Almeida Monteiro;Felipe Felipe;فيليبي;فيليبي مونتيرو,سنة ميلادي 1989، وطولي المدوّن ببيانات موسم ٢٠٢١–٢٠٢٢ حوالي 190 سم.,قدمي المفضلة اليمنى، ومن مراكزي قلب دفاع.,جنسيتي الكروية البرازيل، وألعب بمركز قلب دفاع.,في بيانات موسم ٢٠٢١–٢٠٢٢ كنت مع Atlético de Madrid. ورقم قميصي المدوّن 18. اسمي الكروي يبدأ بالحرف F.,"FIFA 22 player dataset (2021 snapshot), SoFIFA-based"
fifa22_200647,Josip Iličić,J. Iličić;Josip Iličić;Iličić;يوسيب إيليتشيتش;يوسيب ايليتشيتش;ايليتشيتش;إيليتشيتش,سنة ميلادي 1988، وطولي المدوّن ببيانات موسم ٢٠٢١–٢٠٢٢ حوالي 190 سم.,قدمي المفضلة اليسرى، ومن مراكزي مهاجم مساند.,جنسيتي الكروية سلوفينيا، وألعب بمركز مهاجم مساند.,في بيانات موسم ٢٠٢١–٢٠٢٢ كنت مع Atalanta. ورقم قميصي المدوّن 72. اسمي الكروي يبدأ بالحرف I.,"FIFA 22 player dataset (2021 snapshot), SoFIFA-based"
fifa22_175943,Dries Mertens,D. Mertens;Dries Mertens;Mertens;دريس ميرتينز;ميرتينز;ميرتنس,سنة ميلادي 1987، وطولي المدوّن ببيانات موسم ٢٠٢١–٢٠٢٢ حوالي 169 سم.,قدمي المفضلة اليمنى، ومن مراكزي مهاجم مساند.,جنسيتي الكروية بلجيكا، وألعب بمركز مهاجم مساند.,في بيانات موسم ٢٠٢١–٢٠٢٢ كنت مع Napoli. ورقم قميصي المدوّن 14. اسمي الكروي يبدأ بالحرف M.,"FIFA 22 player dataset (2021 snapshot), SoFIFA-based"
fifa22_216393,Youri Tielemans,Y. Tielemans;Youri Tielemans;Tielemans;يوري تيليمانس;تيليمانس;تيليمنس,سنة ميلادي 1997، وطولي المدوّن ببيانات موسم ٢٠٢١–٢٠٢٢ حوالي 176 سم.,قدمي المفضلة اليمنى، ومن مراكزي وسط مركزي.,جنسيتي الكروية بلجيكا، وألعب بمركز وسط مركزي.,في بيانات موسم ٢٠٢١–٢٠٢٢ كنت مع Leicester City. ورقم قميصي المدوّن 8. اسمي الكروي يبدأ بالحرف T.,"FIFA 22 player dataset (2021 snapshot), SoFIFA-based"
fifa22_216460,José Giménez,J. Giménez;José María Giménez de Vargas;José Giménez;Giménez;خوسيه خيمينيز;خيمينيز;خيمينز,سنة ميلادي 1995، وطولي المدوّن ببيانات موسم ٢٠٢١–٢٠٢٢ حوالي 185 سم.,قدمي المفضلة اليمنى، ومن مراكزي قلب دفاع.,جنسيتي الكروية الأوروغواي، وألعب بمركز قلب دفاع.,في بيانات موسم ٢٠٢١–٢٠٢٢ كنت مع Atlético de Madrid. ورقم قميصي المدوّن 2. اسمي الكروي يبدأ بالحرف G.,"FIFA 22 player dataset (2021 snapshot), SoFIFA-based"
fifa22_215698,Mike Maignan,M. Maignan;Mike Maignan;Maignan;مايك مينيان;مينيان;ماينان,سنة ميلادي 1995، وطولي المدوّن ببيانات موسم ٢٠٢١–٢٠٢٢ حوالي 191 سم.,قدمي المفضلة اليمنى، ومن مراكزي حارس مرمى.,جنسيتي الكروية فرنسا، وألعب بمركز حارس مرمى.,في بيانات موسم ٢٠٢١–٢٠٢٢ كنت مع AC Milan. ورقم قميصي المدوّن 16. اسمي الكروي يبدأ بالحرف M.,"FIFA 22 player dataset (2021 snapshot), SoFIFA-based"
fifa22_205988,Luke Shaw,L. Shaw;Luke Shaw;Shaw;لوك شاو;شاو,سنة ميلادي 1995، وطولي المدوّن ببيانات موسم ٢٠٢١–٢٠٢٢ حوالي 181 سم.,قدمي المفضلة اليسرى، ومن مراكزي ظهير أيسر.,جنسيتي الكروية إنكلترا، وألعب بمركز ظهير أيسر.,في بيانات موسم ٢٠٢١–٢٠٢٢ كنت مع Manchester United. ورقم قميصي المدوّن 23. اسمي الكروي يبدأ بالحرف S.,"FIFA 22 player dataset (2021 snapshot), SoFIFA-based"
fifa22_198706,Luis Alberto,Luis Alberto;Luis Alberto Romero Alconchel;Luis Luis Alberto;لويس ألبرتو;لويس البرتو,سنة ميلادي 1992، وطولي المدوّن ببيانات موسم ٢٠٢١–٢٠٢٢ حوالي 183 سم.,قدمي المفضلة اليمنى، ومن مراكزي وسط هجومي.,جنسيتي الكروية إسبانيا، وألعب بمركز وسط هجومي.,في بيانات موسم ٢٠٢١–٢٠٢٢ كنت مع Lazio. ورقم قميصي المدوّن 10. اسمي الكروي يبدأ بالحرف L.,"FIFA 22 player dataset (2021 snapshot), SoFIFA-based"
fifa22_199451,Wissam Ben Yedder,W. Ben Yedder;Wissam Ben Yedder;Ben Yedder;وسام بن يدر;بن يدر;بنيدر,سنة ميلادي 1990، وطولي المدوّن ببيانات موسم ٢٠٢١–٢٠٢٢ حوالي 170 سم.,قدمي المفضلة اليمنى، ومن مراكزي رأس حربة.,جنسيتي الكروية فرنسا، وألعب بمركز رأس حربة.,في بيانات موسم ٢٠٢١–٢٠٢٢ كنت مع AS Monaco. ورقم قميصي المدوّن 10. اسمي الكروي يبدأ بالحرف B.,"FIFA 22 player dataset (2021 snapshot), SoFIFA-based"
fifa22_200458,Lucas Digne,L. Digne;Lucas Digne;Digne;لوكاس ديني;ديني;دينيه,سنة ميلادي 1993، وطولي المدوّن ببيانات موسم ٢٠٢١–٢٠٢٢ حوالي 178 سم.,قدمي المفضلة اليسرى، ومن مراكزي ظهير أيسر.,جنسيتي الكروية فرنسا، وألعب بمركز ظهير أيسر.,في بيانات موسم ٢٠٢١–٢٠٢٢ كنت مع Everton. ورقم قميصي المدوّن 12. اسمي الكروي يبدأ بالحرف D.,"FIFA 22 player dataset (2021 snapshot), SoFIFA-based"
fifa22_224334,Marcos Acuña,M. Acuña;Marcos Javier Acuña;Marcos Acuña;Acuña;ماركوس أكونيا;ماركوس اكونيا;أكونيا;اكونيا,سنة ميلادي 1991، وطولي المدوّن ببيانات موسم ٢٠٢١–٢٠٢٢ حوالي 172 سم.,قدمي المفضلة اليسرى، ومن مراكزي ظهير أيسر.,جنسيتي الكروية الأرجنتين، وألعب بمركز ظهير أيسر.,في بيانات موسم ٢٠٢١–٢٠٢٢ كنت مع Sevilla FC. ورقم قميصي المدوّن 19. اسمي الكروي يبدأ بالحرف A.,"FIFA 22 player dataset (2021 snapshot), SoFIFA-based"
fifa22_186345,Kieran Trippier,K. Trippier;Kieran Trippier;Trippier;كيران تريبيير;تريبيير;تريبييه,سنة ميلادي 1990، وطولي المدوّن ببيانات موسم ٢٠٢١–٢٠٢٢ حوالي 173 سم.,قدمي المفضلة اليمنى، ومن مراكزي ظهير أيمن.,جنسيتي الكروية إنكلترا، وألعب بمركز ظهير أيمن.,في بيانات موسم ٢٠٢١–٢٠٢٢ كنت مع Atlético de Madrid. ورقم قميصي المدوّن 23. اسمي الكروي يبدأ بالحرف T.,"FIFA 22 player dataset (2021 snapshot), SoFIFA-based"
fifa22_204639,Stefan Savić,S. Savić;Stefan Savić;Savić;ستيفان سافيتش,سنة ميلادي 1991، وطولي المدوّن ببيانات موسم ٢٠٢١–٢٠٢٢ حوالي 187 سم.,قدمي المفضلة اليمنى، ومن مراكزي قلب دفاع.,جنسيتي الكروية الجبل الأسود، وألعب بمركز قلب دفاع.,في بيانات موسم ٢٠٢١–٢٠٢٢ كنت مع Atlético de Madrid. ورقم قميصي المدوّن 15. اسمي الكروي يبدأ بالحرف S.,"FIFA 22 player dataset (2021 snapshot), SoFIFA-based"
fifa22_192629,Iago Aspas,Iago Aspas;Iago Aspas Juncal;Iago Iago Aspas;ياغو أسباس;ياغو اسباس;أسباس;اسباس,سنة ميلادي 1987، وطولي المدوّن ببيانات موسم ٢٠٢١–٢٠٢٢ حوالي 176 سم.,قدمي المفضلة اليسرى، ومن مراكزي رأس حربة.,جنسيتي الكروية إسبانيا، وألعب بمركز رأس حربة.,في بيانات موسم ٢٠٢١–٢٠٢٢ كنت مع RC Celta de Vigo. ورقم قميصي المدوّن 10. اسمي الكروي يبدأ بالحرف I.,"FIFA 22 player dataset (2021 snapshot), SoFIFA-based"
fifa22_184134,Fernando,Fernando;Fernando Francisco Reges;Fernando Fernando;فرناندو;فرناندو ريغيس,سنة ميلادي 1987، وطولي المدوّن ببيانات موسم ٢٠٢١–٢٠٢٢ حوالي 183 سم.,قدمي المفضلة اليمنى، ومن مراكزي وسط دفاعي.,جنسيتي الكروية البرازيل، وألعب بمركز وسط دفاعي.,في بيانات موسم ٢٠٢١–٢٠٢٢ كنت مع Sevilla FC. ورقم قميصي المدوّن 25. اسمي الكروي يبدأ بالحرف F.,"FIFA 22 player dataset (2021 snapshot), SoFIFA-based"
fifa22_146536,Jesús Navas,Jesús Navas;Jesús Navas González;Jesús Jesús Navas;خيسوس نافاس,سنة ميلادي 1985، وطولي المدوّن ببيانات موسم ٢٠٢١–٢٠٢٢ حوالي 172 سم.,قدمي المفضلة اليمنى، ومن مراكزي ظهير أيمن.,جنسيتي الكروية إسبانيا، وألعب بمركز ظهير أيمن.,في بيانات موسم ٢٠٢١–٢٠٢٢ كنت مع Sevilla FC. ورقم قميصي المدوّن 16. اسمي الكروي يبدأ بالحرف J.,"FIFA 22 player dataset (2021 snapshot), SoFIFA-based"
fifa22_183907,Jérôme Boateng,J. Boateng;Jérôme Boateng;Boateng;جيروم بواتينغ;بواتينغ;بواتينج,سنة ميلادي 1988، وطولي المدوّن ببيانات موسم ٢٠٢١–٢٠٢٢ حوالي 190 سم.,قدمي المفضلة اليمنى، ومن مراكزي قلب دفاع.,جنسيتي الكروية ألمانيا، وألعب بمركز قلب دفاع.,في بيانات موسم ٢٠٢١–٢٠٢٢ كنت مع Olympique Lyonnais. ورقم قميصي المدوّن 27. اسمي الكروي يبدأ بالحرف B.,"FIFA 22 player dataset (2021 snapshot), SoFIFA-based"
fifa22_231443,Ousmane Dembélé,O. Dembélé;Ousmane Dembélé;Dembélé;عثمان ديمبيلي;عثمان دمبلي;ديمبيلي;دمبلي,سنة ميلادي 1997، وطولي المدوّن ببيانات موسم ٢٠٢١–٢٠٢٢ حوالي 178 سم.,قدمي المفضلة اليسرى، ومن مراكزي جناح أيمن.,جنسيتي الكروية فرنسا، وألعب بمركز جناح أيمن.,في بيانات موسم ٢٠٢١–٢٠٢٢ كنت مع FC Barcelona. ورقم قميصي المدوّن 7. اسمي الكروي يبدأ بالحرف D.,"FIFA 22 player dataset (2021 snapshot), SoFIFA-based"
fifa22_213565,Thomas Lemar,T. Lemar;Thomas Lemar;Lemar;توماس ليمار;ليمار,سنة ميلادي 1995، وطولي المدوّن ببيانات موسم ٢٠٢١–٢٠٢٢ حوالي 171 سم.,قدمي المفضلة اليسرى، ومن مراكزي وسط/جناح أيسر.,جنسيتي الكروية فرنسا، وألعب بمركز وسط/جناح أيسر.,في بيانات موسم ٢٠٢١–٢٠٢٢ كنت مع Atlético de Madrid. ورقم قميصي المدوّن 11. اسمي الكروي يبدأ بالحرف L.,"FIFA 22 player dataset (2021 snapshot), SoFIFA-based"
fifa22_220834,Marco Asensio,Marco Asensio;Marco Asensio Willemsen;Marco Marco Asensio;ماركو أسينسيو;ماركو اسينسيو;اسنسيو;أسينسيو;اسينسيو,سنة ميلادي 1996، وطولي المدوّن ببيانات موسم ٢٠٢١–٢٠٢٢ حوالي 182 سم.,قدمي المفضلة اليسرى، ومن مراكزي جناح أيمن.,جنسيتي الكروية إسبانيا، وألعب بمركز جناح أيمن.,في بيانات موسم ٢٠٢١–٢٠٢٢ كنت مع Real Madrid CF. ورقم قميصي المدوّن 11. اسمي الكروي يبدأ بالحرف M.,"FIFA 22 player dataset (2021 snapshot), SoFIFA-based"
fifa22_225850,Presnel Kimpembe,P. Kimpembe;Presnel Kimpembe;Kimpembe;بريسنيل كيمبيمبي;كيمبيمبي;كيمبمبي,سنة ميلادي 1995، وطولي المدوّن ببيانات موسم ٢٠٢١–٢٠٢٢ حوالي 189 سم.,قدمي المفضلة اليسرى، ومن مراكزي قلب دفاع.,جنسيتي الكروية فرنسا، وألعب بمركز قلب دفاع.,في بيانات موسم ٢٠٢١–٢٠٢٢ كنت مع Paris Saint-Germain. ورقم قميصي المدوّن 3. اسمي الكروي يبدأ بالحرف K.,"FIFA 22 player dataset (2021 snapshot), SoFIFA-based"
fifa22_220814,Lucas Hernández,L. Hernández;Lucas François Bernard Hernández Pi;Lucas Hernández;Hernández;لوكاس هيرنانديز;لوكاس هيرناندز,سنة ميلادي 1996، وطولي المدوّن ببيانات موسم ٢٠٢١–٢٠٢٢ حوالي 184 سم.,قدمي المفضلة اليسرى، ومن مراكزي ظهير أيسر.,جنسيتي الكروية فرنسا، وألعب بمركز ظهير أيسر.,في بيانات موسم ٢٠٢١–٢٠٢٢ كنت مع FC Bayern München. ورقم قميصي المدوّن 21. اسمي الكروي يبدأ بالحرف H.,"FIFA 22 player dataset (2021 snapshot), SoFIFA-based"
fifa22_211688,Gayà,Gayà;José Luís Gayà Peña;José Gayà;خوسيه غايا;غايا;جايا,سنة ميلادي 1995، وطولي المدوّن ببيانات موسم ٢٠٢١–٢٠٢٢ حوالي 172 سم.,قدمي المفضلة اليسرى، ومن مراكزي ظهير أيسر.,جنسيتي الكروية إسبانيا، وألعب بمركز ظهير أيسر.,في بيانات موسم ٢٠٢١–٢٠٢٢ كنت مع Valencia CF. ورقم قميصي المدوّن 14. اسمي الكروي يبدأ بالحرف G.,"FIFA 22 player dataset (2021 snapshot), SoFIFA-based"
fifa22_207410,Mateo Kovačić,M. Kovačić;Mateo Kovačić;Kovačić;ماتيو كوفاسيتش;كوفاسيتش;كوڤاسيتش;كوفاتشيتش,سنة ميلادي 1994، وطولي المدوّن ببيانات موسم ٢٠٢١–٢٠٢٢ حوالي 176 سم.,قدمي المفضلة اليمنى، ومن مراكزي وسط مركزي.,جنسيتي الكروية كرواتيا، وألعب بمركز وسط مركزي.,في بيانات موسم ٢٠٢١–٢٠٢٢ كنت مع Chelsea. ورقم قميصي المدوّن 8. اسمي الكروي يبدأ بالحرف K.,"FIFA 22 player dataset (2021 snapshot), SoFIFA-based"
fifa22_201153,Morata,Morata;Álvaro Borja Morata Martín;Álvaro Morata;ألفارو موراتا;الفارو موراتا;موراتا,سنة ميلادي 1992، وطولي المدوّن ببيانات موسم ٢٠٢١–٢٠٢٢ حوالي 190 سم.,قدمي المفضلة اليمنى، ومن مراكزي رأس حربة.,جنسيتي الكروية إسبانيا، وألعب بمركز رأس حربة.,في بيانات موسم ٢٠٢١–٢٠٢٢ كنت مع Juventus. ورقم قميصي المدوّن 9. اسمي الكروي يبدأ بالحرف M.,"FIFA 22 player dataset (2021 snapshot), SoFIFA-based"
fifa22_201399,Mauro Icardi,M. Icardi;Mauro Emanuel Icardi Rivero;Mauro Icardi;Icardi;ماورو إيكاردي;ماورو ايكاردي;ايكاردي;إيكاردي,سنة ميلادي 1993، وطولي المدوّن ببيانات موسم ٢٠٢١–٢٠٢٢ حوالي 181 سم.,قدمي المفضلة اليمنى، ومن مراكزي رأس حربة.,جنسيتي الكروية الأرجنتين، وألعب بمركز رأس حربة.,في بيانات موسم ٢٠٢١–٢٠٢٢ كنت مع Paris Saint-Germain. ورقم قميصي المدوّن 9. اسمي الكروي يبدأ بالحرف I.,"FIFA 22 player dataset (2021 snapshot), SoFIFA-based"
fifa22_223697,Robin Gosens,R. Gosens;Robin Everardus Gosens;Robin Gosens;Gosens;روبن غوسينس;غوسينس;جوسينس,سنة ميلادي 1994، وطولي المدوّن ببيانات موسم ٢٠٢١–٢٠٢٢ حوالي 183 سم.,قدمي المفضلة اليسرى، ومن مراكزي ظهير أيسر هجومي.,جنسيتي الكروية ألمانيا، وألعب بمركز ظهير أيسر هجومي.,في بيانات موسم ٢٠٢١–٢٠٢٢ كنت مع Atalanta. ورقم قميصي المدوّن 8. اسمي الكروي يبدأ بالحرف G.,"FIFA 22 player dataset (2021 snapshot), SoFIFA-based"
fifa22_204838,Raúl Jiménez,R. Jiménez;Raúl Alonso Jiménez Rodríguez;Raúl Jiménez;Jiménez;راؤول خيمينيز;راؤول خيمينز,سنة ميلادي 1991، وطولي المدوّن ببيانات موسم ٢٠٢١–٢٠٢٢ حوالي 188 سم.,قدمي المفضلة اليمنى، ومن مراكزي رأس حربة.,جنسيتي الكروية المكسيك، وألعب بمركز رأس حربة.,في بيانات موسم ٢٠٢١–٢٠٢٢ كنت مع Wolverhampton Wanderers. ورقم قميصي المدوّن 9. اسمي الكروي يبدأ بالحرف J.,"FIFA 22 player dataset (2021 snapshot), SoFIFA-based"
fifa22_216354,Andrej Kramarić,A. Kramarić;Andrej Kramarić;Kramarić;أندريه كراماريتش;كراماريتش;كرامارتيش,سنة ميلادي 1991، وطولي المدوّن ببيانات موسم ٢٠٢١–٢٠٢٢ حوالي 177 سم.,قدمي المفضلة اليمنى، ومن مراكزي رأس حربة.,جنسيتي الكروية كرواتيا، وألعب بمركز رأس حربة.,في بيانات موسم ٢٠٢١–٢٠٢٢ كنت مع TSG Hoffenheim. ورقم قميصي المدوّن 27. اسمي الكروي يبدأ بالحرف K.,"FIFA 22 player dataset (2021 snapshot), SoFIFA-based"
fifa22_202884,Leonardo Spinazzola,L. Spinazzola;Leonardo Spinazzola;Spinazzola;ليوناردو سبيناتزولا;سبيناتزولا;سبينازولا,سنة ميلادي 1993، وطولي المدوّن ببيانات موسم ٢٠٢١–٢٠٢٢ حوالي 186 سم.,قدمي المفضلة اليمنى، ومن مراكزي ظهير أيسر هجومي.,جنسيتي الكروية إيطاليا، وألعب بمركز ظهير أيسر هجومي.,في بيانات موسم ٢٠٢١–٢٠٢٢ كنت مع Roma. ورقم قميصي المدوّن 37. اسمي الكروي يبدأ بالحرف S.,"FIFA 22 player dataset (2021 snapshot), SoFIFA-based"
fifa22_204935,Jordan Pickford,J. Pickford;Jordan Pickford;Pickford;جوردان بيكفورد;بيكفورد,سنة ميلادي 1994، وطولي المدوّن ببيانات موسم ٢٠٢١–٢٠٢٢ حوالي 185 سم.,قدمي المفضلة اليسرى، ومن مراكزي حارس مرمى.,جنسيتي الكروية إنكلترا، وألعب بمركز حارس مرمى.,في بيانات موسم ٢٠٢١–٢٠٢٢ كنت مع Everton. ورقم قميصي المدوّن 1. اسمي الكروي يبدأ بالحرف P.,"FIFA 22 player dataset (2021 snapshot), SoFIFA-based"
fifa22_191043,Alex Sandro,Alex Sandro;Alex Sandro Lobo Silva;Alex Alex Sandro;أليكس ساندرو;اليكس ساندرو,سنة ميلادي 1991، وطولي المدوّن ببيانات موسم ٢٠٢١–٢٠٢٢ حوالي 180 سم.,قدمي المفضلة اليسرى، ومن مراكزي ظهير أيسر.,جنسيتي الكروية البرازيل، وألعب بمركز ظهير أيسر.,في بيانات موسم ٢٠٢١–٢٠٢٢ كنت مع Juventus. ورقم قميصي المدوّن 12. اسمي الكروي يبدأ بالحرف A.,"FIFA 22 player dataset (2021 snapshot), SoFIFA-based"
fifa22_192774,Konstantinos Manolas,K. Manolas;Konstantinos Manolas;Manolas;كوستاس مانولاس;مانولاس,سنة ميلادي 1991، وطولي المدوّن ببيانات موسم ٢٠٢١–٢٠٢٢ حوالي 189 سم.,قدمي المفضلة اليمنى، ومن مراكزي قلب دفاع.,جنسيتي الكروية اليونان، وألعب بمركز قلب دفاع.,في بيانات موسم ٢٠٢١–٢٠٢٢ كنت مع Napoli. ورقم قميصي المدوّن 44. اسمي الكروي يبدأ بالحرف M.,"FIFA 22 player dataset (2021 snapshot), SoFIFA-based"
fifa22_197655,Sebastián Coates,S. Coates;Sebastián Coates Nión;Sebastián Coates;Coates;سيباستيان كواتيس;كواتيس;كواتس,سنة ميلادي 1990، وطولي المدوّن ببيانات موسم ٢٠٢١–٢٠٢٢ حوالي 196 سم.,قدمي المفضلة اليمنى، ومن مراكزي قلب دفاع.,جنسيتي الكروية الأوروغواي، وألعب بمركز قلب دفاع.,في بيانات موسم ٢٠٢١–٢٠٢٢ كنت مع Sporting CP. ورقم قميصي المدوّن 4. اسمي الكروي يبدأ بالحرف C.,"FIFA 22 player dataset (2021 snapshot), SoFIFA-based"
fifa22_192883,Henrikh Mkhitaryan,H. Mkhitaryan;Henrikh Mkhitaryan;Mkhitaryan;هنريك مخيتاريان;مخيتاريان;ميختاريان;مختريان,سنة ميلادي 1989، وطولي المدوّن ببيانات موسم ٢٠٢١–٢٠٢٢ حوالي 177 سم.,قدمي المفضلة اليمنى، ومن مراكزي مهاجم مساند.,جنسيتي الكروية أرمينيا، وألعب بمركز مهاجم مساند.,في بيانات موسم ٢٠٢١–٢٠٢٢ كنت مع Roma. ورقم قميصي المدوّن 77. اسمي الكروي يبدأ بالحرف M.,"FIFA 22 player dataset (2021 snapshot), SoFIFA-based"
fifa22_169416,Carlos Vela,C. Vela;Carlos Alberto Vela Garrido;Carlos Vela;Vela;كارلوس فيلا;كارلوس ڤيلا;فيلا,سنة ميلادي 1989، وطولي المدوّن ببيانات موسم ٢٠٢١–٢٠٢٢ حوالي 177 سم.,قدمي المفضلة اليسرى، ومن مراكزي جناح أيمن.,جنسيتي الكروية المكسيك، وألعب بمركز جناح أيمن.,في بيانات موسم ٢٠٢١–٢٠٢٢ كنت مع Los Angeles FC. ورقم قميصي المدوّن 10. اسمي الكروي يبدأ بالحرف V.,"FIFA 22 player dataset (2021 snapshot), SoFIFA-based"
fifa22_187961,Paulinho,Paulinho;José Paulo Bezzera Maciel Júnior;José Paulinho;باولينيو;باولينو;باولينهو,سنة ميلادي 1988، وطولي المدوّن ببيانات موسم ٢٠٢١–٢٠٢٢ حوالي 183 سم.,قدمي المفضلة اليمنى، ومن مراكزي وسط مركزي.,جنسيتي الكروية البرازيل، وألعب بمركز وسط مركزي.,في بيانات موسم ٢٠٢١–٢٠٢٢ كنت مع Al Ahli. ورقم قميصي المدوّن 15. اسمي الكروي يبدأ بالحرف P.,"FIFA 22 player dataset (2021 snapshot), SoFIFA-based"
fifa22_192563,Bernd Leno,B. Leno;Bernd Leno;Leno;بيرند لينو;لينو,سنة ميلادي 1992، وطولي المدوّن ببيانات موسم ٢٠٢١–٢٠٢٢ حوالي 190 سم.,قدمي المفضلة اليمنى، ومن مراكزي حارس مرمى.,جنسيتي الكروية ألمانيا، وألعب بمركز حارس مرمى.,في بيانات موسم ٢٠٢١–٢٠٢٢ كنت مع Arsenal. ورقم قميصي المدوّن 1. اسمي الكروي يبدأ بالحرف L.,"FIFA 22 player dataset (2021 snapshot), SoFIFA-based"
fifa22_184432,Azpilicueta,Azpilicueta;César Azpilicueta Tanco;César Azpilicueta;سيزار أزبيليكويتا;ازبيليكويتا;أزبيليكويتا;ازبلكويتا,سنة ميلادي 1989، وطولي المدوّن ببيانات موسم ٢٠٢١–٢٠٢٢ حوالي 178 سم.,قدمي المفضلة اليمنى، ومن مراكزي قلب دفاع.,جنسيتي الكروية إسبانيا، وألعب بمركز قلب دفاع.,في بيانات موسم ٢٠٢١–٢٠٢٢ كنت مع Chelsea. ورقم قميصي المدوّن 28. اسمي الكروي يبدأ بالحرف A.,"FIFA 22 player dataset (2021 snapshot), SoFIFA-based"
fifa22_177413,Axel Witsel,A. Witsel;Axel Witsel;Witsel;أكسيل فيتسل;اكسيل فيتسل;فيتسل;فيتسيل,سنة ميلادي 1989، وطولي المدوّن ببيانات موسم ٢٠٢١–٢٠٢٢ حوالي 186 سم.,قدمي المفضلة اليمنى، ومن مراكزي وسط دفاعي.,جنسيتي الكروية بلجيكا، وألعب بمركز وسط دفاعي.,في بيانات موسم ٢٠٢١–٢٠٢٢ كنت مع Borussia Dortmund. ورقم قميصي المدوّن 28. اسمي الكروي يبدأ بالحرف W.,"FIFA 22 player dataset (2021 snapshot), SoFIFA-based"
fifa22_179645,Simon Kjær,S. Kjær;Simon Thorup Kjær;Simon Kjær;سيمون كايير;كاير;كايير,سنة ميلادي 1989، وطولي المدوّن ببيانات موسم ٢٠٢١–٢٠٢٢ حوالي 190 سم.,قدمي المفضلة اليمنى، ومن مراكزي قلب دفاع.,جنسيتي الكروية الدنمارك، وألعب بمركز قلب دفاع.,في بيانات موسم ٢٠٢١–٢٠٢٢ كنت مع AC Milan. ورقم قميصي المدوّن 24. اسمي الكروي يبدأ بالحرف K.,"FIFA 22 player dataset (2021 snapshot), SoFIFA-based"
fifa22_190941,Lukáš Hrádecký,L. Hrádecký;Lukáš Hrádecký;Hrádecký;لوكاس هراديكي;هراديكي;هراديتسكي,سنة ميلادي 1989، وطولي المدوّن ببيانات موسم ٢٠٢١–٢٠٢٢ حوالي 192 سم.,قدمي المفضلة اليمنى، ومن مراكزي حارس مرمى.,جنسيتي الكروية فنلندا، وألعب بمركز حارس مرمى.,في بيانات موسم ٢٠٢١–٢٠٢٢ كنت مع Bayer 04 Leverkusen. ورقم قميصي المدوّن 1. اسمي الكروي يبدأ بالحرف H.,"FIFA 22 player dataset (2021 snapshot), SoFIFA-based"
fifa22_193082,Juan Cuadrado,J. Cuadrado;Juan Guillermo Cuadrado Bello;Juan Cuadrado;Cuadrado;خوان كوادرادو;كوادرادو;كوادراو,سنة ميلادي 1988، وطولي المدوّن ببيانات موسم ٢٠٢١–٢٠٢٢ حوالي 179 سم.,قدمي المفضلة اليمنى، ومن مراكزي ظهير أيمن.,جنسيتي الكروية كولومبيا، وألعب بمركز ظهير أيمن.,في بيانات موسم ٢٠٢١–٢٠٢٢ كنت مع Juventus. ورقم قميصي المدوّن 11. اسمي الكروي يبدأ بالحرف C.,"FIFA 22 player dataset (2021 snapshot), SoFIFA-based"
fifa22_199845,Francesco Acerbi,F. Acerbi;Francesco Acerbi;Acerbi;فرانشيسكو أتشيربي;اتشيربي;أتشيربي;اشيربي,سنة ميلادي 1988، وطولي المدوّن ببيانات موسم ٢٠٢١–٢٠٢٢ حوالي 192 سم.,قدمي المفضلة اليسرى، ومن مراكزي قلب دفاع.,جنسيتي الكروية إيطاليا، وألعب بمركز قلب دفاع.,في بيانات موسم ٢٠٢١–٢٠٢٢ كنت مع Lazio. ورقم قميصي المدوّن 33. اسمي الكروي يبدأ بالحرف A.,"FIFA 22 player dataset (2021 snapshot), SoFIFA-based"
fifa22_180930,Edin Džeko,E. Džeko;Edin Džeko;Džeko;إدين دجيكو;ادين دجيكو;دجيكو;جيكو,سنة ميلادي 1986، وطولي المدوّن ببيانات موسم ٢٠٢١–٢٠٢٢ حوالي 193 سم.,قدمي المفضلة اليمنى، ومن مراكزي رأس حربة.,جنسيتي الكروية البوسنة والهرسك، وألعب بمركز رأس حربة.,في بيانات موسم ٢٠٢١–٢٠٢٢ كنت مع Inter. ورقم قميصي المدوّن 9. اسمي الكروي يبدأ بالحرف D.,"FIFA 22 player dataset (2021 snapshot), SoFIFA-based"
fifa22_135507,Fernandinho,Fernandinho;Fernando Luiz Rosa;Fernando Fernandinho;فيرناندينيو;فرناندينيو;فيرناندينو,سنة ميلادي 1985، وطولي المدوّن ببيانات موسم ٢٠٢١–٢٠٢٢ حوالي 179 سم.,قدمي المفضلة اليمنى، ومن مراكزي وسط دفاعي.,جنسيتي الكروية البرازيل، وألعب بمركز وسط دفاعي.,في بيانات موسم ٢٠٢١–٢٠٢٢ كنت مع Manchester City. ورقم قميصي المدوّن 25. اسمي الكروي يبدأ بالحرف F.,"FIFA 22 player dataset (2021 snapshot), SoFIFA-based"
fifa22_242444,João Félix,João Félix;João Félix Sequeira;João João Félix;جواو فيليكس;فيليكس,سنة ميلادي 1999، وطولي المدوّن ببيانات موسم ٢٠٢١–٢٠٢٢ حوالي 181 سم.,قدمي المفضلة اليمنى، ومن مراكزي مهاجم مساند.,جنسيتي الكروية البرتغال، وألعب بمركز مهاجم مساند.,في بيانات موسم ٢٠٢١–٢٠٢٢ كنت مع Atlético de Madrid. ورقم قميصي المدوّن 7. اسمي الكروي يبدأ بالحرف J.,"FIFA 22 player dataset (2021 snapshot), SoFIFA-based"
fifa22_241486,Jules Koundé,J. Koundé;Jules Koundé;Koundé;جول كوندي;كوندي;كونده,سنة ميلادي 1998، وطولي المدوّن ببيانات موسم ٢٠٢١–٢٠٢٢ حوالي 181 سم.,قدمي المفضلة اليمنى، ومن مراكزي قلب دفاع.,جنسيتي الكروية فرنسا، وألعب بمركز قلب دفاع.,في بيانات موسم ٢٠٢١–٢٠٢٢ كنت مع Sevilla FC. ورقم قميصي المدوّن 23. اسمي الكروي يبدأ بالحرف K.,"FIFA 22 player dataset (2021 snapshot), SoFIFA-based"
fifa22_230666,Gabriel Jesus,Gabriel Jesus;Gabriel Fernando de Jesus;Gabriel Gabriel Jesus;غابرييل جيسوس;جابرييل جيسوس;جيسوس;خيسوس,سنة ميلادي 1997، وطولي المدوّن ببيانات موسم ٢٠٢١–٢٠٢٢ حوالي 175 سم.,قدمي المفضلة اليمنى، ومن مراكزي رأس حربة.,جنسيتي الكروية البرازيل، وألعب بمركز رأس حربة.,في بيانات موسم ٢٠٢١–٢٠٢٢ كنت مع Manchester City. ورقم قميصي المدوّن 9. اسمي الكروي يبدأ بالحرف G.,"FIFA 22 player dataset (2021 snapshot), SoFIFA-based"
fifa22_229880,Aaron Wan-Bissaka,A. Wan-Bissaka;Aaron Wan-Bissaka;Wan-Bissaka;آرون وان بيساكا;وان بيساكا;وانبيساكا;بيساكا,سنة ميلادي 1997، وطولي المدوّن ببيانات موسم ٢٠٢١–٢٠٢٢ حوالي 183 سم.,قدمي المفضلة اليمنى، ومن مراكزي ظهير أيمن.,جنسيتي الكروية إنكلترا، وألعب بمركز ظهير أيمن.,في بيانات موسم ٢٠٢١–٢٠٢٢ كنت مع Manchester United. ورقم قميصي المدوّن 29. اسمي الكروي يبدأ بالحرف W.,"FIFA 22 player dataset (2021 snapshot), SoFIFA-based"
fifa22_214997,Ángel Correa,Á. Correa;Ángel Martín Correa;Ángel Correa;Correa;أنخيل كوريا;انخيل كوريا;انخل كوريا,سنة ميلادي 1995، وطولي المدوّن ببيانات موسم ٢٠٢١–٢٠٢٢ حوالي 171 سم.,قدمي المفضلة اليمنى، ومن مراكزي رأس حربة.,جنسيتي الكروية الأرجنتين، وألعب بمركز رأس حربة.,في بيانات موسم ٢٠٢١–٢٠٢٢ كنت مع Atlético de Madrid. ورقم قميصي المدوّن 10. اسمي الكروي يبدأ بالحرف C.,"FIFA 22 player dataset (2021 snapshot), SoFIFA-based"
fifa22_230658,Arthur,Arthur;Arthur Henrique Ramos de Oliveira Melo;Arthur Arthur;آرثر ميلو;ارثر ميلو;آرثر;ارثر,سنة ميلادي 1996، وطولي المدوّن ببيانات موسم ٢٠٢١–٢٠٢٢ حوالي 171 سم.,قدمي المفضلة اليمنى، ومن مراكزي وسط مركزي.,جنسيتي الكروية البرازيل، وألعب بمركز وسط مركزي.,في بيانات موسم ٢٠٢١–٢٠٢٢ كنت مع Juventus. ورقم قميصي المدوّن 5. اسمي الكروي يبدأ بالحرف A.,"FIFA 22 player dataset (2021 snapshot), SoFIFA-based"
fifa22_220651,Angeliño,Angeliño;José Ángel Esmoris Tasende;José Angeliño;أنخيلينيو;انخيلينيو;انجلينو,سنة ميلادي 1997، وطولي المدوّن ببيانات موسم ٢٠٢١–٢٠٢٢ حوالي 175 سم.,قدمي المفضلة اليسرى، ومن مراكزي ظهير أيسر هجومي.,جنسيتي الكروية إسبانيا، وألعب بمركز ظهير أيسر هجومي.,في بيانات موسم ٢٠٢١–٢٠٢٢ كنت مع RB Leipzig. ورقم قميصي المدوّن 3. اسمي الكروي يبدأ بالحرف A.,"FIFA 22 player dataset (2021 snapshot), SoFIFA-based"
fifa22_213648,Pierre-Emile Højbjerg,P. Højbjerg;Pierre-Emile Kordt Højbjerg;Pierre-Emile Højbjerg;Højbjerg;بيير إيميل هويبيرغ;هويبيرغ;هويبيرج;هوجبيرج,سنة ميلادي 1995، وطولي المدوّن ببيانات موسم ٢٠٢١–٢٠٢٢ حوالي 185 سم.,قدمي المفضلة اليمنى، ومن مراكزي وسط دفاعي.,جنسيتي الكروية الدنمارك، وألعب بمركز وسط دفاعي.,في بيانات موسم ٢٠٢١–٢٠٢٢ كنت مع Tottenham Hotspur. ورقم قميصي المدوّن 5. اسمي الكروي يبدأ بالحرف H.,"FIFA 22 player dataset (2021 snapshot), SoFIFA-based"
fifa22_203574,John Stones,J. Stones;John Stones;Stones;جون ستونز;ستونز,سنة ميلادي 1994، وطولي المدوّن ببيانات موسم ٢٠٢١–٢٠٢٢ حوالي 188 سم.,قدمي المفضلة اليمنى، ومن مراكزي قلب دفاع.,جنسيتي الكروية إنكلترا، وألعب بمركز قلب دفاع.,في بيانات موسم ٢٠٢١–٢٠٢٢ كنت مع Manchester City. ورقم قميصي المدوّن 5. اسمي الكروي يبدأ بالحرف S.,"FIFA 22 player dataset (2021 snapshot), SoFIFA-based"
fifa22_205632,Lucas Ocampos,L. Ocampos;Lucas Ariel Ocampos;Lucas Ocampos;Ocampos;لوكاس أوكامبوس;لوكاس اوكامبوس;أوكامبوس;اوكامبوس,سنة ميلادي 1994، وطولي المدوّن ببيانات موسم ٢٠٢١–٢٠٢٢ حوالي 188 سم.,قدمي المفضلة اليمنى، ومن مراكزي جناح أيسر.,جنسيتي الكروية الأرجنتين، وألعب بمركز جناح أيسر.,في بيانات موسم ٢٠٢١–٢٠٢٢ كنت مع Sevilla FC. ورقم قميصي المدوّن 5. اسمي الكروي يبدأ بالحرف O.,"FIFA 22 player dataset (2021 snapshot), SoFIFA-based"
fifa22_200610,Kevin Volland,K. Volland;Kevin Volland;Volland;كيفن فولاند;فولاند;ڤولاند,سنة ميلادي 1992، وطولي المدوّن ببيانات موسم ٢٠٢١–٢٠٢٢ حوالي 179 سم.,قدمي المفضلة اليسرى، ومن مراكزي رأس حربة.,جنسيتي الكروية ألمانيا، وألعب بمركز رأس حربة.,في بيانات موسم ٢٠٢١–٢٠٢٢ كنت مع AS Monaco. ورقم قميصي المدوّن 31. اسمي الكروي يبدأ بالحرف V.,"FIFA 22 player dataset (2021 snapshot), SoFIFA-based"
fifa22_223689,Wout Weghorst,W. Weghorst;Wout Weghorst;Weghorst;فاوت فيغهورست;فيغهورست;فيخورست;ويغهورست,سنة ميلادي 1992، وطولي المدوّن ببيانات موسم ٢٠٢١–٢٠٢٢ حوالي 197 سم.,قدمي المفضلة اليمنى، ومن مراكزي رأس حربة.,جنسيتي الكروية هولندا، وألعب بمركز رأس حربة.,في بيانات موسم ٢٠٢١–٢٠٢٢ كنت مع VfL Wolfsburg. ورقم قميصي المدوّن 9. اسمي الكروي يبدأ بالحرف W.,"FIFA 22 player dataset (2021 snapshot), SoFIFA-based"
fifa22_189575,Muniain,Muniain;Iker Muniain Goñi;Iker Muniain;إيكر مونياين;ايكر مونياين;مونياين,سنة ميلادي 1992، وطولي المدوّن ببيانات موسم ٢٠٢١–٢٠٢٢ حوالي 170 سم.,قدمي المفضلة اليمنى، ومن مراكزي وسط هجومي.,جنسيتي الكروية إسبانيا، وألعب بمركز وسط هجومي.,في بيانات موسم ٢٠٢١–٢٠٢٢ كنت مع Athletic Club de Bilbao. ورقم قميصي المدوّن 10. اسمي الكروي يبدأ بالحرف M.,"FIFA 22 player dataset (2021 snapshot), SoFIFA-based"
fifa22_209989,Thomas Partey,T. Partey;Thomas Partey;Partey;توماس بارتي;بارتي,سنة ميلادي 1993، وطولي المدوّن ببيانات موسم ٢٠٢١–٢٠٢٢ حوالي 185 سم.,قدمي المفضلة اليمنى، ومن مراكزي وسط مركزي.,جنسيتي الكروية غانا، وألعب بمركز وسط مركزي.,في بيانات موسم ٢٠٢١–٢٠٢٢ كنت مع Arsenal. ورقم قميصي المدوّن 5. اسمي الكروي يبدأ بالحرف P.,"FIFA 22 player dataset (2021 snapshot), SoFIFA-based"
fifa22_215333,Duván Zapata,D. Zapata;Duván Esteban Zapata Banguera;Duván Zapata;Zapata;دوفان زاباتا;دوفان زاباطا;زاباتا,سنة ميلادي 1991، وطولي المدوّن ببيانات موسم ٢٠٢١–٢٠٢٢ حوالي 189 سم.,قدمي المفضلة اليمنى، ومن مراكزي رأس حربة.,جنسيتي الكروية كولومبيا، وألعب بمركز رأس حربة.,في بيانات موسم ٢٠٢١–٢٠٢٢ كنت مع Atalanta. ورقم قميصي المدوّن 91. اسمي الكروي يبدأ بالحرف Z.,"FIFA 22 player dataset (2021 snapshot), SoFIFA-based"
fifa22_190286,Canales,Canales;Sergio Canales Madrazo;Sergio Canales;سيرخيو كاناليس;كاناليس,سنة ميلادي 1991، وطولي المدوّن ببيانات موسم ٢٠٢١–٢٠٢٢ حوالي 176 سم.,قدمي المفضلة اليسرى، ومن مراكزي وسط مركزي.,جنسيتي الكروية إسبانيا، وألعب بمركز وسط مركزي.,في بيانات موسم ٢٠٢١–٢٠٢٢ كنت مع Real Betis Balompié. ورقم قميصي المدوّن 10. اسمي الكروي يبدأ بالحرف C.,"FIFA 22 player dataset (2021 snapshot), SoFIFA-based"
fifa22_205452,Antonio Rüdiger,A. Rüdiger;Antonio Rüdiger;Rüdiger;أنطونيو روديغر;انتونيو روديغر;روديغر;رودريغر;روديجر;روديكر,سنة ميلادي 1993، وطولي المدوّن ببيانات موسم ٢٠٢١–٢٠٢٢ حوالي 190 سم.,قدمي المفضلة اليمنى، ومن مراكزي قلب دفاع.,جنسيتي الكروية ألمانيا، وألعب بمركز قلب دفاع.,في بيانات موسم ٢٠٢١–٢٠٢٢ كنت مع Chelsea. ورقم قميصي المدوّن 2. اسمي الكروي يبدأ بالحرف R.,"FIFA 22 player dataset (2021 snapshot), SoFIFA-based"
fifa22_197061,Joël Matip,J. Matip;Joël Andre Job Matip;Joël Matip;Matip;جويل ماتيب;ماتيب,سنة ميلادي 1991، وطولي المدوّن ببيانات موسم ٢٠٢١–٢٠٢٢ حوالي 194 سم.,قدمي المفضلة اليمنى، ومن مراكزي قلب دفاع.,جنسيتي الكروية الكاميرون، وألعب بمركز قلب دفاع.,في بيانات موسم ٢٠٢١–٢٠٢٢ كنت مع Liverpool. ورقم قميصي المدوّن 32. اسمي الكروي يبدأ بالحرف M.,"FIFA 22 player dataset (2021 snapshot), SoFIFA-based"
fifa22_199914,Allan,Allan;Allan Marques Loureiro;Allan Allan;آلان;الان;آلان ماركيز,سنة ميلادي 1991، وطولي المدوّن ببيانات موسم ٢٠٢١–٢٠٢٢ حوالي 175 سم.,قدمي المفضلة اليمنى، ومن مراكزي وسط دفاعي.,جنسيتي الكروية البرازيل، وألعب بمركز وسط دفاعي.,في بيانات موسم ٢٠٢١–٢٠٢٢ كنت مع Everton. ورقم قميصي المدوّن 6. اسمي الكروي يبدأ بالحرف A.,"FIFA 22 player dataset (2021 snapshot), SoFIFA-based"
fifa22_234642,Édouard Mendy,É. Mendy;Édouard Mendy;Mendy;إدوارد ميندي;ادوارد ميندي;ادوارد مندي;إدوارد مندي,سنة ميلادي 1992، وطولي المدوّن ببيانات موسم ٢٠٢١–٢٠٢٢ حوالي 197 سم.,قدمي المفضلة اليمنى، ومن مراكزي حارس مرمى.,جنسيتي الكروية السنغال، وألعب بمركز حارس مرمى.,في بيانات موسم ٢٠٢١–٢٠٢٢ كنت مع Chelsea. ورقم قميصي المدوّن 16. اسمي الكروي يبدأ بالحرف M.,"FIFA 22 player dataset (2021 snapshot), SoFIFA-based"
fifa22_178750,Sergio Asenjo,Sergio Asenjo;Sergio Asenjo Andrés;Sergio Sergio Asenjo;سيرخيو أسينخو;سيرخيو اسينخو;أسينخو;اسينخو,سنة ميلادي 1989، وطولي المدوّن ببيانات موسم ٢٠٢١–٢٠٢٢ حوالي 189 سم.,قدمي المفضلة اليمنى، ومن مراكزي حارس مرمى.,جنسيتي الكروية إسبانيا، وألعب بمركز حارس مرمى.,في بيانات موسم ٢٠٢١–٢٠٢٢ كنت مع Villarreal CF. ورقم قميصي المدوّن 1. اسمي الكروي يبدأ بالحرف S.,"FIFA 22 player dataset (2021 snapshot), SoFIFA-based"
fifa22_225193,Merino,Merino;Mikel Merino Zazón;Mikel Merino;ميكيل ميرينو;ميرينو,سنة ميلادي 1996، وطولي المدوّن ببيانات موسم ٢٠٢١–٢٠٢٢ حوالي 189 سم.,قدمي المفضلة اليسرى، ومن مراكزي وسط مركزي.,جنسيتي الكروية إسبانيا، وألعب بمركز وسط مركزي.,في بيانات موسم ٢٠٢١–٢٠٢٢ كنت مع Real Sociedad. ورقم قميصي المدوّن 8. اسمي الكروي يبدأ بالحرف M.,"FIFA 22 player dataset (2021 snapshot), SoFIFA-based"
fifa22_228618,Ferland Mendy,F. Mendy;Ferland Mendy;Mendy;فيرلان ميندي;فيرلاند ميندي;فيرلان مندي,سنة ميلادي 1995، وطولي المدوّن ببيانات موسم ٢٠٢١–٢٠٢٢ حوالي 180 سم.,قدمي المفضلة اليسرى، ومن مراكزي ظهير أيسر.,جنسيتي الكروية فرنسا، وألعب بمركز ظهير أيسر.,في بيانات موسم ٢٠٢١–٢٠٢٢ كنت مع Real Madrid CF. ورقم قميصي المدوّن 23. اسمي الكروي يبدأ بالحرف M.,"FIFA 22 player dataset (2021 snapshot), SoFIFA-based"
fifa22_203841,Nick Pope,N. Pope;Nick Pope;Pope;نيك بوب;بوب,سنة ميلادي 1992، وطولي المدوّن ببيانات موسم ٢٠٢١–٢٠٢٢ حوالي 199 سم.,قدمي المفضلة اليمنى، ومن مراكزي حارس مرمى.,جنسيتي الكروية إنكلترا، وألعب بمركز حارس مرمى.,في بيانات موسم ٢٠٢١–٢٠٢٢ كنت مع Burnley. ورقم قميصي المدوّن 1. اسمي الكروي يبدأ بالحرف P.,"FIFA 22 player dataset (2021 snapshot), SoFIFA-based"
fifa22_189242,Coutinho,Coutinho;Philippe Coutinho Correia;Philippe Coutinho;فيليبي كوتينيو;كوتينيو;كوتينو,سنة ميلادي 1992، وطولي المدوّن ببيانات موسم ٢٠٢١–٢٠٢٢ حوالي 172 سم.,قدمي المفضلة اليمنى، ومن مراكزي وسط هجومي.,جنسيتي الكروية البرازيل، وألعب بمركز وسط هجومي.,في بيانات موسم ٢٠٢١–٢٠٢٢ كنت مع FC Barcelona. ورقم قميصي المدوّن 14. اسمي الكروي يبدأ بالحرف C.,"FIFA 22 player dataset (2021 snapshot), SoFIFA-based"
fifa22_192318,Mario Götze,M. Götze;Mario Götze;Götze;ماريو غوتزه;غوتزه;جوتزه;غوتزي,سنة ميلادي 1992، وطولي المدوّن ببيانات موسم ٢٠٢١–٢٠٢٢ حوالي 177 سم.,قدمي المفضلة اليمنى، ومن مراكزي وسط هجومي.,جنسيتي الكروية ألمانيا، وألعب بمركز وسط هجومي.,في بيانات موسم ٢٠٢١–٢٠٢٢ كنت مع PSV. ورقم قميصي المدوّن 27. اسمي الكروي يبدأ بالحرف G.,"FIFA 22 player dataset (2021 snapshot), SoFIFA-based"
fifa22_120533,Pepe,Pepe;Kléper Laveran de Lima Ferreira;Kléper Pepe;بيبي;بيبي المدافع,سنة ميلادي 1983، وطولي المدوّن ببيانات موسم ٢٠٢١–٢٠٢٢ حوالي 188 سم.,قدمي المفضلة اليمنى، ومن مراكزي قلب دفاع.,جنسيتي الكروية البرتغال، وألعب بمركز قلب دفاع.,في بيانات موسم ٢٠٢١–٢٠٢٢ كنت مع FC Porto. ورقم قميصي المدوّن 3. اسمي الكروي يبدأ بالحرف P.,"FIFA 22 player dataset (2021 snapshot), SoFIFA-based"
fifa22_234396,Alphonso Davies,A. Davies;Alphonso Boyle Davies;Alphonso Davies;Davies;ألفونسو ديفيز;الفونسو ديفيز;الفونسو ديفيس;ديفيز,سنة ميلادي 2000، وطولي المدوّن ببيانات موسم ٢٠٢١–٢٠٢٢ حوالي 183 سم.,قدمي المفضلة اليسرى، ومن مراكزي ظهير أيسر.,جنسيتي الكروية كندا، وألعب بمركز ظهير أيسر.,في بيانات موسم ٢٠٢١–٢٠٢٢ كنت مع FC Bayern München. ورقم قميصي المدوّن 19. اسمي الكروي يبدأ بالحرف D.,"FIFA 22 player dataset (2021 snapshot), SoFIFA-based"
fifa22_222665,Martin Ødegaard,M. Ødegaard;Martin Ødegaard;Ødegaard;مارتن أوديغارد;مارتن اوديغارد;أوديغارد;اوديغارد;اوديجارد,سنة ميلادي 1998، وطولي المدوّن ببيانات موسم ٢٠٢١–٢٠٢٢ حوالي 178 سم.,قدمي المفضلة اليسرى، ومن مراكزي وسط هجومي.,جنسيتي الكروية النرويج، وألعب بمركز وسط هجومي.,في بيانات موسم ٢٠٢١–٢٠٢٢ كنت مع Arsenal. ورقم قميصي المدوّن 8. اسمي الكروي يبدأ بالحرف Ø.,"FIFA 22 player dataset (2021 snapshot), SoFIFA-based"
fifa22_227796,Christian Pulisic,C. Pulisic;Christian Mate Pulisic;Christian Pulisic;Pulisic;كريستيان بوليسيتش;بوليسيتش;بوليسيك,سنة ميلادي 1998، وطولي المدوّن ببيانات موسم ٢٠٢١–٢٠٢٢ حوالي 177 سم.,قدمي المفضلة اليمنى، ومن مراكزي جناح أيسر.,جنسيتي الكروية الولايات المتحدة، وألعب بمركز جناح أيسر.,في بيانات موسم ٢٠٢١–٢٠٢٢ كنت مع Chelsea. ورقم قميصي المدوّن 10. اسمي الكروي يبدأ بالحرف P.,"FIFA 22 player dataset (2021 snapshot), SoFIFA-based"
fifa22_231943,Richarlison,Richarlison;Richarlison de Andrade;Richarlison Richarlison;ريتشارليسون;ريشارليسون;ريتشاليسون,سنة ميلادي 1997، وطولي المدوّن ببيانات موسم ٢٠٢١–٢٠٢٢ حوالي 181 سم.,قدمي المفضلة اليمنى، ومن مراكزي رأس حربة.,جنسيتي الكروية البرازيل، وألعب بمركز رأس حربة.,في بيانات موسم ٢٠٢١–٢٠٢٢ كنت مع Everton. ورقم قميصي المدوّن 7. اسمي الكروي يبدأ بالحرف R.,"FIFA 22 player dataset (2021 snapshot), SoFIFA-based"
fifa22_229906,Leon Bailey,L. Bailey;Leon Bailey Butler;Leon Bailey;Bailey;ليون بايلي;ليون بيلي,سنة ميلادي 1997، وطولي المدوّن ببيانات موسم ٢٠٢١–٢٠٢٢ حوالي 178 سم.,قدمي المفضلة اليسرى، ومن مراكزي وسط/جناح أيمن.,جنسيتي الكروية جامايكا، وألعب بمركز وسط/جناح أيمن.,في بيانات موسم ٢٠٢١–٢٠٢٢ كنت مع Aston Villa. ورقم قميصي المدوّن 31. اسمي الكروي يبدأ بالحرف B.,"FIFA 22 player dataset (2021 snapshot), SoFIFA-based"
fifa22_232488,Cristian Romero,C. Romero;Cristian Gabriel Romero;Cristian Romero;Romero;كريستيان روميرو,سنة ميلادي 1998، وطولي المدوّن ببيانات موسم ٢٠٢١–٢٠٢٢ حوالي 185 سم.,قدمي المفضلة اليمنى، ومن مراكزي قلب دفاع.,جنسيتي الكروية الأرجنتين، وألعب بمركز قلب دفاع.,في بيانات موسم ٢٠٢١–٢٠٢٢ كنت مع Tottenham Hotspur. ورقم قميصي المدوّن 4. اسمي الكروي يبدأ بالحرف R.,"FIFA 22 player dataset (2021 snapshot), SoFIFA-based"
fifa22_212190,Niklas Süle,N. Süle;Niklas Süle;Süle;نيكلاس زوله;زوله;زولة;سوله,سنة ميلادي 1995، وطولي المدوّن ببيانات موسم ٢٠٢١–٢٠٢٢ حوالي 195 سم.,قدمي المفضلة اليمنى، ومن مراكزي قلب دفاع.,جنسيتي الكروية ألمانيا، وألعب بمركز قلب دفاع.,في بيانات موسم ٢٠٢١–٢٠٢٢ كنت مع FC Bayern München. ورقم قميصي المدوّن 4. اسمي الكروي يبدأ بالحرف S.,"FIFA 22 player dataset (2021 snapshot), SoFIFA-based"
fifa22_208421,Saúl,Saúl;Saúl Ñíguez Esclápez;Saúl Saúl;ساؤول نيغيز;ساؤول;ساول,سنة ميلادي 1994، وطولي المدوّن ببيانات موسم ٢٠٢١–٢٠٢٢ حوالي 184 سم.,قدمي المفضلة اليسرى، ومن مراكزي وسط مركزي.,جنسيتي الكروية إسبانيا، وألعب بمركز وسط مركزي.,في بيانات موسم ٢٠٢١–٢٠٢٢ كنت مع Chelsea. ورقم قميصي المدوّن 17. اسمي الكروي يبدأ بالحرف S.,"FIFA 22 player dataset (2021 snapshot), SoFIFA-based"
fifa22_210035,Grimaldo,Grimaldo;Alejandro Grimaldo García;Alejandro Grimaldo;أليخاندرو غريمالدو;غريمالدو;جريمالدو,سنة ميلادي 1995، وطولي المدوّن ببيانات موسم ٢٠٢١–٢٠٢٢ حوالي 171 سم.,قدمي المفضلة اليسرى، ومن مراكزي ظهير أيسر.,جنسيتي الكروية إسبانيا، وألعب بمركز ظهير أيسر.,في بيانات موسم ٢٠٢١–٢٠٢٢ كنت مع SL Benfica. ورقم قميصي المدوّن 3. اسمي الكروي يبدأ بالحرف G.,"FIFA 22 player dataset (2021 snapshot), SoFIFA-based"
fifa22_208128,Hakan Çalhanoğlu,H. Çalhanoğlu;Hakan Çalhanoğlu;Çalhanoğlu;هاكان تشالهان أوغلو;هاكان تشالهان اوغلو;تشالهان اوغلو;تشالهانوغلو;تشالها,سنة ميلادي 1994، وطولي المدوّن ببيانات موسم ٢٠٢١–٢٠٢٢ حوالي 178 سم.,قدمي المفضلة اليمنى، ومن مراكزي وسط هجومي.,جنسيتي الكروية تركيا، وألعب بمركز وسط هجومي.,في بيانات موسم ٢٠٢١–٢٠٢٢ كنت مع Inter. ورقم قميصي المدوّن 20. اسمي الكروي يبدأ بالحرف Ç.,"FIFA 22 player dataset (2021 snapshot), SoFIFA-based"
fifa22_208333,Emre Can,E. Can;Emre Can;إيمري جان;ايمري جان;إيمري تشان;ايمري تشان;ايمري,سنة ميلادي 1994، وطولي المدوّن ببيانات موسم ٢٠٢١–٢٠٢٢ حوالي 186 سم.,قدمي المفضلة اليمنى، ومن مراكزي وسط مركزي.,جنسيتي الكروية ألمانيا، وألعب بمركز وسط مركزي.,في بيانات موسم ٢٠٢١–٢٠٢٢ كنت مع Borussia Dortmund. ورقم قميصي المدوّن 23. اسمي الكروي يبدأ بالحرف C.,"FIFA 22 player dataset (2021 snapshot), SoFIFA-based"
fifa22_233096,Denzel Dumfries,D. Dumfries;Denzel Justus Morris Dumfries;Denzel Dumfries;Dumfries;دينزل دومفريس;دومفريس;دمفريس,سنة ميلادي 1996، وطولي المدوّن ببيانات موسم ٢٠٢١–٢٠٢٢ حوالي 188 سم.,قدمي المفضلة اليمنى، ومن مراكزي ظهير أيمن.,جنسيتي الكروية هولندا، وألعب بمركز ظهير أيمن.,في بيانات موسم ٢٠٢١–٢٠٢٢ كنت مع Inter. ورقم قميصي المدوّن 2. اسمي الكروي يبدأ بالحرف D.,"FIFA 22 player dataset (2021 snapshot), SoFIFA-based"
fifa22_230869,Unai Simón,Unai Simón;Unai Simón Mendibil;Unai Unai Simón;أوناي سيمون;اوناي سيمون,سنة ميلادي 1997، وطولي المدوّن ببيانات موسم ٢٠٢١–٢٠٢٢ حوالي 190 سم.,قدمي المفضلة اليمنى، ومن مراكزي حارس مرمى.,جنسيتي الكروية إسبانيا، وألعب بمركز حارس مرمى.,في بيانات موسم ٢٠٢١–٢٠٢٢ كنت مع Athletic Club de Bilbao. ورقم قميصي المدوّن 1. اسمي الكروي يبدأ بالحرف U.,"FIFA 22 player dataset (2021 snapshot), SoFIFA-based"
fifa22_193165,Jesús Corona,J. Corona;Jesús Manuel Corona Ruíz;Jesús Corona;Corona;خيسوس كورونا;كورونا;تيكاتيتو,سنة ميلادي 1993، وطولي المدوّن ببيانات موسم ٢٠٢١–٢٠٢٢ حوالي 173 سم.,قدمي المفضلة اليمنى، ومن مراكزي وسط/جناح أيمن.,جنسيتي الكروية المكسيك، وألعب بمركز وسط/جناح أيمن.,في بيانات موسم ٢٠٢١–٢٠٢٢ كنت مع FC Porto. ورقم قميصي المدوّن 17. اسمي الكروي يبدأ بالحرف C.,"FIFA 22 player dataset (2021 snapshot), SoFIFA-based"
fifa22_188152,Oscar,Oscar;Oscar dos Santos Emboaba Júnior;Oscar Oscar;أوسكار;اوسكار,سنة ميلادي 1991، وطولي المدوّن ببيانات موسم ٢٠٢١–٢٠٢٢ حوالي 179 سم.,قدمي المفضلة اليمنى، ومن مراكزي وسط هجومي.,جنسيتي الكروية البرازيل، وألعب بمركز وسط هجومي.,في بيانات موسم ٢٠٢١–٢٠٢٢ كنت مع Shanghai Port FC. ورقم قميصي المدوّن 8. اسمي الكروي يبدأ بالحرف O.,"FIFA 22 player dataset (2021 snapshot), SoFIFA-based"
fifa22_193301,Alexandre Lacazette,A. Lacazette;Alexandre Lacazette;Lacazette;ألكسندر لاكازيت;الكسندر لاكازيت;لاكازيت;لكازيت,سنة ميلادي 1991، وطولي المدوّن ببيانات موسم ٢٠٢١–٢٠٢٢ حوالي 175 سم.,قدمي المفضلة اليمنى، ومن مراكزي رأس حربة.,جنسيتي الكروية فرنسا، وألعب بمركز رأس حربة.,في بيانات موسم ٢٠٢١–٢٠٢٢ كنت مع Arsenal. ورقم قميصي المدوّن 9. اسمي الكروي يبدأ بالحرف L.,"FIFA 22 player dataset (2021 snapshot), SoFIFA-based"
fifa22_197781,Isco,Isco;Francisco Román Alarcón Suárez;Francisco Isco;إيسكو;ايسكو,سنة ميلادي 1992، وطولي المدوّن ببيانات موسم ٢٠٢١–٢٠٢٢ حوالي 176 سم.,قدمي المفضلة اليمنى، ومن مراكزي وسط هجومي.,جنسيتي الكروية إسبانيا، وألعب بمركز وسط هجومي.,في بيانات موسم ٢٠٢١–٢٠٢٢ كنت مع Real Madrid CF. ورقم قميصي المدوّن 22. اسمي الكروي يبدأ بالحرف I.,"FIFA 22 player dataset (2021 snapshot), SoFIFA-based"
fifa22_190460,Christian Eriksen,C. Eriksen;Christian Dannemann Eriksen;Christian Eriksen;Eriksen;كريستيان إريكسن;كريستيان اريكسن;إريكسن;اريكسن;ايركسن,سنة ميلادي 1992، وطولي المدوّن ببيانات موسم ٢٠٢١–٢٠٢٢ حوالي 181 سم.,قدمي المفضلة اليمنى، ومن مراكزي وسط مركزي.,جنسيتي الكروية الدنمارك، وألعب بمركز وسط مركزي.,في بيانات موسم ٢٠٢١–٢٠٢٢ كنت مع Inter. ورقم قميصي المدوّن 24. اسمي الكروي يبدأ بالحرف E.,"FIFA 22 player dataset (2021 snapshot), SoFIFA-based"
fifa22_211256,Nicolás Tagliafico,N. Tagliafico;Nicolás Alejandro Tagliafico;Nicolás Tagliafico;Tagliafico;نيكولاس تاغليافيكو;تاغليافيكو;تاجليافيكو,سنة ميلادي 1992، وطولي المدوّن ببيانات موسم ٢٠٢١–٢٠٢٢ حوالي 172 سم.,قدمي المفضلة اليسرى، ومن مراكزي ظهير أيسر.,جنسيتي الكروية الأرجنتين، وألعب بمركز ظهير أيسر.,في بيانات موسم ٢٠٢١–٢٠٢٢ كنت مع Ajax. ورقم قميصي المدوّن 31. اسمي الكروي يبدأ بالحرف T.,"FIFA 22 player dataset (2021 snapshot), SoFIFA-based"
fifa22_212462,Alex Telles,Alex Telles;Alex Nicolao Telles;Alex Alex Telles;أليكس تيليس;اليكس تيليس;تيليس,سنة ميلادي 1992، وطولي المدوّن ببيانات موسم ٢٠٢١–٢٠٢٢ حوالي 181 سم.,قدمي المفضلة اليسرى، ومن مراكزي ظهير أيسر.,جنسيتي الكروية البرازيل، وألعب بمركز ظهير أيسر.,في بيانات موسم ٢٠٢١–٢٠٢٢ كنت مع Manchester United. ورقم قميصي المدوّن 27. اسمي الكروي يبدأ بالحرف A.,"FIFA 22 player dataset (2021 snapshot), SoFIFA-based"
fifa22_208461,Marten de Roon,M. de Roon;Marten Elco de Roon;Marten de Roon;de Roon;مارتن دي رون;دي رون;ديرون,سنة ميلادي 1991، وطولي المدوّن ببيانات موسم ٢٠٢١–٢٠٢٢ حوالي 185 سم.,قدمي المفضلة اليمنى، ومن مراكزي وسط دفاعي.,جنسيتي الكروية هولندا، وألعب بمركز وسط دفاعي.,في بيانات موسم ٢٠٢١–٢٠٢٢ كنت مع Atalanta. ورقم قميصي المدوّن 15. اسمي الكروي يبدأ بالحرف d.,"FIFA 22 player dataset (2021 snapshot), SoFIFA-based"
fifa22_180206,Miralem Pjanić,M. Pjanić;Miralem Pjanić;Pjanić;ميراليم بيانيتش;بيانيتش;بيانتش,سنة ميلادي 1990، وطولي المدوّن ببيانات موسم ٢٠٢١–٢٠٢٢ حوالي 178 سم.,قدمي المفضلة اليمنى، ومن مراكزي وسط مركزي.,جنسيتي الكروية البوسنة والهرسك، وألعب بمركز وسط مركزي.,في بيانات موسم ٢٠٢١–٢٠٢٢ كنت مع Beşiktaş JK. ورقم قميصي المدوّن 15. اسمي الكروي يبدأ بالحرف P.,"FIFA 22 player dataset (2021 snapshot), SoFIFA-based"
fifa22_187072,Lars Stindl,L. Stindl;Lars Edi Stindl;Lars Stindl;Stindl;لارس شتيندل;شتيندل;ستيندل,سنة ميلادي 1988، وطولي المدوّن ببيانات موسم ٢٠٢١–٢٠٢٢ حوالي 181 سم.,قدمي المفضلة اليمنى، ومن مراكزي وسط هجومي.,جنسيتي الكروية ألمانيا، وألعب بمركز وسط هجومي.,في بيانات موسم ٢٠٢١–٢٠٢٢ كنت مع Borussia Mönchengladbach. ورقم قميصي المدوّن 13. اسمي الكروي يبدأ بالحرف S.,"FIFA 22 player dataset (2021 snapshot), SoFIFA-based"
fifa22_190815,Daley Blind,D. Blind;Daley Blind;Blind;دالي بليند;بليند,سنة ميلادي 1990، وطولي المدوّن ببيانات موسم ٢٠٢١–٢٠٢٢ حوالي 180 سم.,قدمي المفضلة اليسرى، ومن مراكزي قلب دفاع.,جنسيتي الكروية هولندا، وألعب بمركز قلب دفاع.,في بيانات موسم ٢٠٢١–٢٠٢٢ كنت مع Ajax. ورقم قميصي المدوّن 17. اسمي الكروي يبدأ بالحرف B.,"FIFA 22 player dataset (2021 snapshot), SoFIFA-based"
fifa22_188943,Kevin Trapp,K. Trapp;Kevin Trapp;Trapp;كيفن تراب;تراب,سنة ميلادي 1990، وطولي المدوّن ببيانات موسم ٢٠٢١–٢٠٢٢ حوالي 189 سم.,قدمي المفضلة اليمنى، ومن مراكزي حارس مرمى.,جنسيتي الكروية ألمانيا، وألعب بمركز حارس مرمى.,في بيانات موسم ٢٠٢١–٢٠٢٢ كنت مع Eintracht Frankfurt. ورقم قميصي المدوّن 1. اسمي الكروي يبدأ بالحرف T.,"FIFA 22 player dataset (2021 snapshot), SoFIFA-based"
fifa22_168651,Ivan Rakitić,I. Rakitić;Ivan Rakitić;Rakitić;إيفان راكيتيتش;ايفان راكيتيتش;راكيتيتش;راكيتتش,سنة ميلادي 1988، وطولي المدوّن ببيانات موسم ٢٠٢١–٢٠٢٢ حوالي 184 سم.,قدمي المفضلة اليمنى، ومن مراكزي وسط مركزي.,جنسيتي الكروية كرواتيا، وألعب بمركز وسط مركزي.,في بيانات موسم ٢٠٢١–٢٠٢٢ كنت مع Sevilla FC. ورقم قميصي المدوّن 10. اسمي الكروي يبدأ بالحرف R.,"FIFA 22 player dataset (2021 snapshot), SoFIFA-based"
fifa22_178562,Éver Banega,É. Banega;Éver Maximiliano David Banega;Éver Banega;Banega;إيفر بانيغا;ايفر بانيغا;بانيغا;بانيجا,سنة ميلادي 1988، وطولي المدوّن ببيانات موسم ٢٠٢١–٢٠٢٢ حوالي 174 سم.,قدمي المفضلة اليمنى، ومن مراكزي وسط دفاعي.,جنسيتي الكروية الأرجنتين، وألعب بمركز وسط دفاعي.,في بيانات موسم ٢٠٢١–٢٠٢٢ كنت مع Al Shabab. ورقم قميصي المدوّن 10. اسمي الكروي يبدأ بالحرف B.,"FIFA 22 player dataset (2021 snapshot), SoFIFA-based"
fifa22_178005,Rui Patrício,Rui Patrício;Rui Pedro dos Santos Patrício;Rui Rui Patrício;روي باتريسيو;روى باتريسيو;باتريسيو,سنة ميلادي 1988، وطولي المدوّن ببيانات موسم ٢٠٢١–٢٠٢٢ حوالي 190 سم.,قدمي المفضلة اليسرى، ومن مراكزي حارس مرمى.,جنسيتي الكروية البرتغال، وألعب بمركز حارس مرمى.,في بيانات موسم ٢٠٢١–٢٠٢٢ كنت مع Roma. ورقم قميصي المدوّن 1. اسمي الكروي يبدأ بالحرف R.,"FIFA 22 player dataset (2021 snapshot), SoFIFA-based"
fifa22_157481,Raúl Albiol,Raúl Albiol;Raúl Albiol Tortajada;Raúl Raúl Albiol;راؤول ألبيول;راؤول البيول;ألبيول;البيول,سنة ميلادي 1985، وطولي المدوّن ببيانات موسم ٢٠٢١–٢٠٢٢ حوالي 190 سم.,قدمي المفضلة اليمنى، ومن مراكزي قلب دفاع.,جنسيتي الكروية إسبانيا، وألعب بمركز قلب دفاع.,في بيانات موسم ٢٠٢١–٢٠٢٢ كنت مع Villarreal CF. ورقم قميصي المدوّن 3. اسمي الكروي يبدأ بالحرف R.,"FIFA 22 player dataset (2021 snapshot), SoFIFA-based"
fifa22_168435,Salvatore Sirigu,S. Sirigu;Salvatore Sirigu;Sirigu;سالفاتوري سيريغو;سيريغو;سيريجو,سنة ميلادي 1987، وطولي المدوّن ببيانات موسم ٢٠٢١–٢٠٢٢ حوالي 192 سم.,قدمي المفضلة اليمنى، ومن مراكزي حارس مرمى.,جنسيتي الكروية إيطاليا، وألعب بمركز حارس مرمى.,في بيانات موسم ٢٠٢١–٢٠٢٢ كنت مع Genoa. ورقم قميصي المدوّن 57. اسمي الكروي يبدأ بالحرف S.,"FIFA 22 player dataset (2021 snapshot), SoFIFA-based"
fifa22_229558,Dayot Upamecano,D. Upamecano;Dayotchanculle Oswald Upamecano;Dayot Upamecano;Upamecano;Dayotchanculle Upamecano;دايوت أوباميكانو;دايوت اوباميكانو;أوباميكانو;اوباميكانو,سنة ميلادي 1998، وطولي المدوّن ببيانات موسم ٢٠٢١–٢٠٢٢ حوالي 186 سم.,قدمي المفضلة اليمنى، ومن مراكزي قلب دفاع.,جنسيتي الكروية فرنسا، وألعب بمركز قلب دفاع.,في بيانات موسم ٢٠٢١–٢٠٢٢ كنت مع FC Bayern München. ورقم قميصي المدوّن 2. اسمي الكروي يبدأ بالحرف U.,"FIFA 22 player dataset (2021 snapshot), SoFIFA-based"
fifa22_240130,Éder Militão,Éder Militão;Éder Gabriel Militão;Éder Éder Militão;إيدير ميليتاو;ايدير ميليتاو;ميليتاو;مليتاو,سنة ميلادي 1998، وطولي المدوّن ببيانات موسم ٢٠٢١–٢٠٢٢ حوالي 186 سم.,قدمي المفضلة اليمنى، ومن مراكزي قلب دفاع.,جنسيتي الكروية البرازيل، وألعب بمركز قلب دفاع.,في بيانات موسم ٢٠٢١–٢٠٢٢ كنت مع Real Madrid CF. ورقم قميصي المدوّن 3. اسمي الكروي يبدأ بالحرف É.,"FIFA 22 player dataset (2021 snapshot), SoFIFA-based"
fifa22_241464,Pau Torres,Pau Torres;Pau Francisco Torres;Pau Pau Torres;باو توريس;پاو توريس,سنة ميلادي 1997، وطولي المدوّن ببيانات موسم ٢٠٢١–٢٠٢٢ حوالي 191 سم.,قدمي المفضلة اليسرى، ومن مراكزي قلب دفاع.,جنسيتي الكروية إسبانيا، وألعب بمركز قلب دفاع.,في بيانات موسم ٢٠٢١–٢٠٢٢ كنت مع Villarreal CF. ورقم قميصي المدوّن 4. اسمي الكروي يبدأ بالحرف P.,"FIFA 22 player dataset (2021 snapshot), SoFIFA-based"
fifa22_224293,Rúben Neves,Rúben Neves;Rúben Diogo da Silva Neves;Rúben Rúben Neves;روبن نيفيز;روبين نيفيز;نيفيس;نيفيز,سنة ميلادي 1997، وطولي المدوّن ببيانات موسم ٢٠٢١–٢٠٢٢ حوالي 180 سم.,قدمي المفضلة اليمنى، ومن مراكزي وسط مركزي.,جنسيتي الكروية البرتغال، وألعب بمركز وسط مركزي.,في بيانات موسم ٢٠٢١–٢٠٢٢ كنت مع Wolverhampton Wanderers. ورقم قميصي المدوّن 8. اسمي الكروي يبدأ بالحرف R.,"FIFA 22 player dataset (2021 snapshot), SoFIFA-based"
fifa22_224458,Diogo Jota,Diogo Jota;Diogo José Teixeira da Silva;Diogo Diogo Jota;ديوغو جوتا;دييغو جوتا;جوتا,سنة ميلادي 1996، وطولي المدوّن ببيانات موسم ٢٠٢١–٢٠٢٢ حوالي 178 سم.,قدمي المفضلة اليمنى، ومن مراكزي جناح أيسر.,جنسيتي الكروية البرتغال، وألعب بمركز جناح أيسر.,في بيانات موسم ٢٠٢١–٢٠٢٢ كنت مع Liverpool. ورقم قميصي المدوّن 20. اسمي الكروي يبدأ بالحرف D.,"FIFA 22 player dataset (2021 snapshot), SoFIFA-based"
fifa22_233419,Raphinha,Raphinha;Raphael Dias Belloli;Raphael Raphinha;رافينيا;رافينها;رافينيا دياز,سنة ميلادي 1996، وطولي المدوّن ببيانات موسم ٢٠٢١–٢٠٢٢ حوالي 176 سم.,قدمي المفضلة اليسرى، ومن مراكزي وسط/جناح أيمن.,جنسيتي الكروية البرازيل، وألعب بمركز وسط/جناح أيمن.,في بيانات موسم ٢٠٢١–٢٠٢٢ كنت مع Leeds United. ورقم قميصي المدوّن 10. اسمي الكروي يبدأ بالحرف R.,"FIFA 22 player dataset (2021 snapshot), SoFIFA-based"
fifa22_234943,Florian Neuhaus,F. Neuhaus;Florian Christian Neuhaus;Florian Neuhaus;Neuhaus;فلوريان نيوهاوس;نيوهاوس,سنة ميلادي 1997، وطولي المدوّن ببيانات موسم ٢٠٢١–٢٠٢٢ حوالي 185 سم.,قدمي المفضلة اليمنى، ومن مراكزي وسط مركزي.,جنسيتي الكروية ألمانيا، وألعب بمركز وسط مركزي.,في بيانات موسم ٢٠٢١–٢٠٢٢ كنت مع Borussia Mönchengladbach. ورقم قميصي المدوّن 32. اسمي الكروي يبدأ بالحرف N.,"FIFA 22 player dataset (2021 snapshot), SoFIFA-based"
fifa22_225100,Joe Gomez,J. Gomez;Joe Gomez;Gomez;جو غوميز;جو جوميز;جو غومز,سنة ميلادي 1997، وطولي المدوّن ببيانات موسم ٢٠٢١–٢٠٢٢ حوالي 188 سم.,قدمي المفضلة اليمنى، ومن مراكزي قلب دفاع.,جنسيتي الكروية إنكلترا، وألعب بمركز قلب دفاع.,في بيانات موسم ٢٠٢١–٢٠٢٢ كنت مع Liverpool. ورقم قميصي المدوّن 12. اسمي الكروي يبدأ بالحرف G.,"FIFA 22 player dataset (2021 snapshot), SoFIFA-based"
fifa22_222077,Manuel Locatelli,M. Locatelli;Manuel Locatelli;Locatelli;مانويل لوكاتيلي;لوكاتيلي,سنة ميلادي 1998، وطولي المدوّن ببيانات موسم ٢٠٢١–٢٠٢٢ حوالي 185 سم.,قدمي المفضلة اليمنى، ومن مراكزي وسط دفاعي.,جنسيتي الكروية إيطاليا، وألعب بمركز وسط دفاعي.,في بيانات موسم ٢٠٢١–٢٠٢٢ كنت مع Juventus. ورقم قميصي المدوّن 27. اسمي الكروي يبدأ بالحرف L.,"FIFA 22 player dataset (2021 snapshot), SoFIFA-based"
fifa22_226271,Fabián,Fabián;Fabián Ruiz Peña;Fabián Fabián;فابيان رويز;فابيان,سنة ميلادي 1996، وطولي المدوّن ببيانات موسم ٢٠٢١–٢٠٢٢ حوالي 189 سم.,قدمي المفضلة اليسرى، ومن مراكزي وسط مركزي.,جنسيتي الكروية إسبانيا، وألعب بمركز وسط مركزي.,في بيانات موسم ٢٠٢١–٢٠٢٢ كنت مع Napoli. ورقم قميصي المدوّن 8. اسمي الكروي يبدأ بالحرف F.,"FIFA 22 player dataset (2021 snapshot), SoFIFA-based"
fifa22_229984,Ben Chilwell,B. Chilwell;Ben Chilwell;Chilwell;بن تشيلويل;تشيلويل;تشلويل,سنة ميلادي 1996، وطولي المدوّن ببيانات موسم ٢٠٢١–٢٠٢٢ حوالي 178 سم.,قدمي المفضلة اليسرى، ومن مراكزي ظهير أيسر هجومي.,جنسيتي الكروية إنكلترا، وألعب بمركز ظهير أيسر هجومي.,في بيانات موسم ٢٠٢١–٢٠٢٢ كنت مع Chelsea. ورقم قميصي المدوّن 21. اسمي الكروي يبدأ بالحرف C.,"FIFA 22 player dataset (2021 snapshot), SoFIFA-based"
fifa22_220440,Clément Lenglet,C. Lenglet;Clément Nicolas Laurent Lenglet;Clément Lenglet;Lenglet;كليمنت لينغليه;لينغليه;لينجليه;لينغليت;لونغليه,سنة ميلادي 1995، وطولي المدوّن ببيانات موسم ٢٠٢١–٢٠٢٢ حوالي 186 سم.,قدمي المفضلة اليسرى، ومن مراكزي قلب دفاع.,جنسيتي الكروية فرنسا، وألعب بمركز قلب دفاع.,في بيانات موسم ٢٠٢١–٢٠٢٢ كنت مع FC Barcelona. ورقم قميصي المدوّن 15. اسمي الكروي يبدأ بالحرف L.,"FIFA 22 player dataset (2021 snapshot), SoFIFA-based"
fifa22_212523,Anderson Talisca,Anderson Talisca;Anderson Souza Conceição;Anderson Anderson Talisca;أندرسون تاليسكا;اندرسون تاليسكا;تاليسكا,سنة ميلادي 1994، وطولي المدوّن ببيانات موسم ٢٠٢١–٢٠٢٢ حوالي 190 سم.,قدمي المفضلة اليسرى، ومن مراكزي مهاجم مساند.,جنسيتي الكروية البرازيل، وألعب بمركز مهاجم مساند.,في بيانات موسم ٢٠٢١–٢٠٢٢ كنت مع Al Nassr. ورقم قميصي المدوّن 94. اسمي الكروي يبدأ بالحرف A.,"FIFA 22 player dataset (2021 snapshot), SoFIFA-based"
fifa22_211515,Pierluigi Gollini,P. Gollini;Pierluigi Gollini;Gollini;بييرلويجي غوليني;غوليني;جوليني,سنة ميلادي 1995، وطولي المدوّن ببيانات موسم ٢٠٢١–٢٠٢٢ حوالي 194 سم.,قدمي المفضلة اليمنى، ومن مراكزي حارس مرمى.,جنسيتي الكروية إيطاليا، وألعب بمركز حارس مرمى.,في بيانات موسم ٢٠٢١–٢٠٢٢ كنت مع Tottenham Hotspur. ورقم قميصي المدوّن 22. اسمي الكروي يبدأ بالحرف G.,"FIFA 22 player dataset (2021 snapshot), SoFIFA-based"
fifa22_241671,Dominik Livaković,D. Livaković;Dominik Livaković;Livaković;دومينيك ليفاكوفيتش;ليفاكوفيتش;ليفاكوڤيتش,سنة ميلادي 1995، وطولي المدوّن ببيانات موسم ٢٠٢١–٢٠٢٢ حوالي 187 سم.,قدمي المفضلة اليمنى، ومن مراكزي حارس مرمى.,جنسيتي الكروية كرواتيا، وألعب بمركز حارس مرمى.,في بيانات موسم ٢٠٢١–٢٠٢٢ كنت مع Dinamo Zagreb. ورقم قميصي المدوّن 40. اسمي الكروي يبدأ بالحرف L.,"FIFA 22 player dataset (2021 snapshot), SoFIFA-based"
fifa22_210935,Domenico Berardi,D. Berardi;Domenico Berardi;Berardi;دومينيكو بيراردي;بيراردي,سنة ميلادي 1994، وطولي المدوّن ببيانات موسم ٢٠٢١–٢٠٢٢ حوالي 183 سم.,قدمي المفضلة اليسرى، ومن مراكزي جناح أيمن.,جنسيتي الكروية إيطاليا، وألعب بمركز جناح أيمن.,في بيانات موسم ٢٠٢١–٢٠٢٢ كنت مع U.S. Sassuolo Calcio. ورقم قميصي المدوّن 25. اسمي الكروي يبدأ بالحرف B.,"FIFA 22 player dataset (2021 snapshot), SoFIFA-based"
fifa22_202651,Suso,Suso;Jesús Joaquín Fernández Sáez de la Torre;Jesús Suso;سوسو;خيسوس سوسو,سنة ميلادي 1993، وطولي المدوّن ببيانات موسم ٢٠٢١–٢٠٢٢ حوالي 176 سم.,قدمي المفضلة اليسرى، ومن مراكزي جناح أيمن.,جنسيتي الكروية إسبانيا، وألعب بمركز جناح أيمن.,في بيانات موسم ٢٠٢١–٢٠٢٢ كنت مع Sevilla FC. ورقم قميصي المدوّن 7. اسمي الكروي يبدأ بالحرف S.,"FIFA 22 player dataset (2021 snapshot), SoFIFA-based"
fifa22_210413,Alessio Romagnoli,A. Romagnoli;Alessio Romagnoli;Romagnoli;أليسيو رومانيولي;اليسيو رومانيولي;رومانيولي;روماغنولي,سنة ميلادي 1995، وطولي المدوّن ببيانات موسم ٢٠٢١–٢٠٢٢ حوالي 185 سم.,قدمي المفضلة اليسرى، ومن مراكزي قلب دفاع.,جنسيتي الكروية إيطاليا، وألعب بمركز قلب دفاع.,في بيانات موسم ٢٠٢١–٢٠٢٢ كنت مع AC Milan. ورقم قميصي المدوّن 13. اسمي الكروي يبدأ بالحرف R.,"FIFA 22 player dataset (2021 snapshot), SoFIFA-based"
fifa22_198717,Wilfried Zaha,W. Zaha;Wilfried Zaha;Zaha;ويلفريد زاها;زاها,سنة ميلادي 1992، وطولي المدوّن ببيانات موسم ٢٠٢١–٢٠٢٢ حوالي 180 سم.,قدمي المفضلة اليمنى، ومن مراكزي مهاجم مساند.,جنسيتي الكروية ساحل العاج، وألعب بمركز مهاجم مساند.,في بيانات موسم ٢٠٢١–٢٠٢٢ كنت مع Crystal Palace. ورقم قميصي المدوّن 11. اسمي الكروي يبدأ بالحرف Z.,"FIFA 22 player dataset (2021 snapshot), SoFIFA-based"
fifa22_203486,Thorgan Hazard,T. Hazard;Thorgan Hazard;Hazard;ثورغان هازارد;تورغان هازارد,سنة ميلادي 1993، وطولي المدوّن ببيانات موسم ٢٠٢١–٢٠٢٢ حوالي 175 سم.,قدمي المفضلة اليمنى، ومن مراكزي وسط/جناح أيسر.,جنسيتي الكروية بلجيكا، وألعب بمركز وسط/جناح أيسر.,في بيانات موسم ٢٠٢١–٢٠٢٢ كنت مع Borussia Dortmund. ورقم قميصي المدوّن 10. اسمي الكروي يبدأ بالحرف H.,"FIFA 22 player dataset (2021 snapshot), SoFIFA-based"
fifa22_216547,Rafa,Rafa;Rafael Alexandre Fernandes Ferreira da Silva;Rafael Rafa;رافا سيلفا;رافا,سنة ميلادي 1993، وطولي المدوّن ببيانات موسم ٢٠٢١–٢٠٢٢ حوالي 170 سم.,قدمي المفضلة اليمنى، ومن مراكزي وسط/جناح أيمن.,جنسيتي الكروية البرتغال، وألعب بمركز وسط/جناح أيمن.,في بيانات موسم ٢٠٢١–٢٠٢٢ كنت مع SL Benfica. ورقم قميصي المدوّن 27. اسمي الكروي يبدأ بالحرف R.,"FIFA 22 player dataset (2021 snapshot), SoFIFA-based"
fifa22_219693,Diego Carlos,Diego Carlos;Diego Carlos Santos Silva;Diego Diego Carlos;دييغو كارلوس;دييجو كارلوس,سنة ميلادي 1993، وطولي المدوّن ببيانات موسم ٢٠٢١–٢٠٢٢ حوالي 185 سم.,قدمي المفضلة اليمنى، ومن مراكزي قلب دفاع.,جنسيتي الكروية البرازيل، وألعب بمركز قلب دفاع.,في بيانات موسم ٢٠٢١–٢٠٢٢ كنت مع Sevilla FC. ورقم قميصي المدوّن 20. اسمي الكروي يبدأ بالحرف D.,"FIFA 22 player dataset (2021 snapshot), SoFIFA-based"
fifa22_199110,Luis Muriel,L. Muriel;Luis Fernando Muriel Fruto;Luis Muriel;Muriel;لويس مورييل;مورييل;موريل,سنة ميلادي 1991، وطولي المدوّن ببيانات موسم ٢٠٢١–٢٠٢٢ حوالي 179 سم.,قدمي المفضلة اليمنى، ومن مراكزي رأس حربة.,جنسيتي الكروية كولومبيا، وألعب بمركز رأس حربة.,في بيانات موسم ٢٠٢١–٢٠٢٢ كنت مع Atalanta. ورقم قميصي المدوّن 9. اسمي الكروي يبدأ بالحرف M.,"FIFA 22 player dataset (2021 snapshot), SoFIFA-based"
fifa22_201519,Jordan Veretout,J. Veretout;Jordan Veretout;Veretout;جوردان فيريتو;فيري تو;فيريتو;فيريتوت,سنة ميلادي 1993، وطولي المدوّن ببيانات موسم ٢٠٢١–٢٠٢٢ حوالي 177 سم.,قدمي المفضلة اليمنى، ومن مراكزي وسط دفاعي.,جنسيتي الكروية فرنسا، وألعب بمركز وسط دفاعي.,في بيانات موسم ٢٠٢١–٢٠٢٢ كنت مع Roma. ورقم قميصي المدوّن 17. اسمي الكروي يبدأ بالحرف V.,"FIFA 22 player dataset (2021 snapshot), SoFIFA-based"
fifa22_205069,Juan Bernat,Juan Bernat;Juan Bernat Velasco;Juan Juan Bernat;خوان بيرنات;بيرنات,سنة ميلادي 1993، وطولي المدوّن ببيانات موسم ٢٠٢١–٢٠٢٢ حوالي 170 سم.,قدمي المفضلة اليسرى، ومن مراكزي ظهير أيسر.,جنسيتي الكروية إسبانيا، وألعب بمركز ظهير أيسر.,في بيانات موسم ٢٠٢١–٢٠٢٢ كنت مع Paris Saint-Germain. ورقم قميصي المدوّن 14. اسمي الكروي يبدأ بالحرف J.,"FIFA 22 player dataset (2021 snapshot), SoFIFA-based"
fifa22_193525,Mário Fernandes,Mário Fernandes;Mário Figueira Fernandes;Mário Mário Fernandes;ماريو فرنانديز;ماريو فيرنانديز,سنة ميلادي 1990، وطولي المدوّن ببيانات موسم ٢٠٢١–٢٠٢٢ حوالي 187 سم.,قدمي المفضلة اليمنى، ومن مراكزي ظهير أيمن.,جنسيتي الكروية روسيا، وألعب بمركز ظهير أيمن.,في بيانات موسم ٢٠٢١–٢٠٢٢ كنت مع PFC CSKA Moscow. ورقم قميصي المدوّن 2. اسمي الكروي يبدأ بالحرف M.,"FIFA 22 player dataset (2021 snapshot), SoFIFA-based"
fifa22_193105,Alphonse Areola,A. Areola;Alphonse Areola;Areola;ألفونس أريولا;الفونس اريولا;أريولا;اريولا,سنة ميلادي 1993، وطولي المدوّن ببيانات موسم ٢٠٢١–٢٠٢٢ حوالي 195 سم.,قدمي المفضلة اليمنى، ومن مراكزي حارس مرمى.,جنسيتي الكروية فرنسا، وألعب بمركز حارس مرمى.,في بيانات موسم ٢٠٢١–٢٠٢٢ كنت مع West Ham United. ورقم قميصي المدوّن 13. اسمي الكروي يبدأ بالحرف A.,"FIFA 22 player dataset (2021 snapshot), SoFIFA-based"
fifa22_201305,Gabriel Paulista,Gabriel Paulista;Gabriel Armando de Abreu;Gabriel Gabriel Paulista;غابرييل باوليستا;جابرييل باوليستا;باوليستا,سنة ميلادي 1990، وطولي المدوّن ببيانات موسم ٢٠٢١–٢٠٢٢ حوالي 185 سم.,قدمي المفضلة اليمنى، ومن مراكزي قلب دفاع.,جنسيتي الكروية البرازيل، وألعب بمركز قلب دفاع.,في بيانات موسم ٢٠٢١–٢٠٢٢ كنت مع Valencia CF. ورقم قميصي المدوّن 5. اسمي الكروي يبدأ بالحرف G.,"FIFA 22 player dataset (2021 snapshot), SoFIFA-based"
fifa22_199482,Anthony Lopes,A. Lopes;Anthony Lopes;Lopes;أنتوني لوبيز;انتوني لوبيز;أنتوني لوبيس;انتوني لوبيس,سنة ميلادي 1990، وطولي المدوّن ببيانات موسم ٢٠٢١–٢٠٢٢ حوالي 184 سم.,قدمي المفضلة اليسرى، ومن مراكزي حارس مرمى.,جنسيتي الكروية البرتغال، وألعب بمركز حارس مرمى.,في بيانات موسم ٢٠٢١–٢٠٢٢ كنت مع Olympique Lyonnais. ورقم قميصي المدوّن 1. اسمي الكروي يبدأ بالحرف L.,"FIFA 22 player dataset (2021 snapshot), SoFIFA-based"
fifa22_183512,Yuri Berchiche,Yuri Berchiche;Yuri Berchiche Izeta;Yuri Yuri Berchiche;يوري بيرشيش;بيرشيش,سنة ميلادي 1990، وطولي المدوّن ببيانات موسم ٢٠٢١–٢٠٢٢ حوالي 181 سم.,قدمي المفضلة اليسرى، ومن مراكزي ظهير أيسر.,جنسيتي الكروية إسبانيا، وألعب بمركز ظهير أيسر.,في بيانات موسم ٢٠٢١–٢٠٢٢ كنت مع Athletic Club de Bilbao. ورقم قميصي المدوّن 17. اسمي الكروي يبدأ بالحرف Y.,"FIFA 22 player dataset (2021 snapshot), SoFIFA-based"
fifa22_193474,Idrissa Gueye,I. Gueye;Idrissa Gana Gueye;Idrissa Gueye;Gueye;إدريسا غاي;ادريسا غاي;ادريسا جاي;غاي,سنة ميلادي 1989، وطولي المدوّن ببيانات موسم ٢٠٢١–٢٠٢٢ حوالي 174 سم.,قدمي المفضلة اليمنى، ومن مراكزي وسط دفاعي.,جنسيتي الكروية السنغال، وألعب بمركز وسط دفاعي.,في بيانات موسم ٢٠٢١–٢٠٢٢ كنت مع Paris Saint-Germain. ورقم قميصي المدوّن 27. اسمي الكروي يبدأ بالحرف G.,"FIFA 22 player dataset (2021 snapshot), SoFIFA-based"
fifa22_193698,Oliver Baumann,O. Baumann;Oliver Baumann;Baumann;أوليفر باومان;اوليفر باومان;باومان,سنة ميلادي 1990، وطولي المدوّن ببيانات موسم ٢٠٢١–٢٠٢٢ حوالي 187 سم.,قدمي المفضلة اليمنى، ومن مراكزي حارس مرمى.,جنسيتي الكروية ألمانيا، وألعب بمركز حارس مرمى.,في بيانات موسم ٢٠٢١–٢٠٢٢ كنت مع TSG Hoffenheim. ورقم قميصي المدوّن 1. اسمي الكروي يبدأ بالحرف B.,"FIFA 22 player dataset (2021 snapshot), SoFIFA-based"
fifa22_194404,Neto,Neto;Norberto Murara Neto;Norberto Neto;نيتو;نوربيرتو نيتو,سنة ميلادي 1989، وطولي المدوّن ببيانات موسم ٢٠٢١–٢٠٢٢ حوالي 190 سم.,قدمي المفضلة اليمنى، ومن مراكزي حارس مرمى.,جنسيتي الكروية البرازيل، وألعب بمركز حارس مرمى.,في بيانات موسم ٢٠٢١–٢٠٢٢ كنت مع FC Barcelona. ورقم قميصي المدوّن 13. اسمي الكروي يبدأ بالحرف N.,"FIFA 22 player dataset (2021 snapshot), SoFIFA-based"
fifa22_164835,Łukasz Fabiański,Ł. Fabiański;Łukasz Fabiański;Fabiański;لوكاس فابيانسكي;فابيانسكي;فابيانسكى,سنة ميلادي 1985، وطولي المدوّن ببيانات موسم ٢٠٢١–٢٠٢٢ حوالي 190 سم.,قدمي المفضلة اليمنى، ومن مراكزي حارس مرمى.,جنسيتي الكروية بولندا، وألعب بمركز حارس مرمى.,في بيانات موسم ٢٠٢١–٢٠٢٢ كنت مع West Ham United. ورقم قميصي المدوّن 1. اسمي الكروي يبدأ بالحرف F.,"FIFA 22 player dataset (2021 snapshot), SoFIFA-based"
fifa22_241461,Ferran Torres,Ferran Torres;Ferran Torres García;Ferran Ferran Torres;فيران توريس,سنة ميلادي 2000، وطولي المدوّن ببيانات موسم ٢٠٢١–٢٠٢٢ حوالي 184 سم.,قدمي المفضلة اليمنى، ومن مراكزي جناح أيمن.,جنسيتي الكروية إسبانيا، وألعب بمركز جناح أيمن.,في بيانات موسم ٢٠٢١–٢٠٢٢ كنت مع Manchester City. ورقم قميصي المدوّن 21. اسمي الكروي يبدأ بالحرف F.,"FIFA 22 player dataset (2021 snapshot), SoFIFA-based"
fifa22_235569,Tanguy Ndombele,T. Ndombele;Tanguy Ndombèlé Alvaro;Tanguy Ndombele;Ndombele;تانغي ندومبيلي;تانجي ندومبيلي;ندومبيلي;ندمبيلي,سنة ميلادي 1996، وطولي المدوّن ببيانات موسم ٢٠٢١–٢٠٢٢ حوالي 179 سم.,قدمي المفضلة اليمنى، ومن مراكزي وسط هجومي.,جنسيتي الكروية فرنسا، وألعب بمركز وسط هجومي.,في بيانات موسم ٢٠٢١–٢٠٢٢ كنت مع Tottenham Hotspur. ورقم قميصي المدوّن 28. اسمي الكروي يبدأ بالحرف N.,"FIFA 22 player dataset (2021 snapshot), SoFIFA-based"
fifa22_220697,James Maddison,J. Maddison;James Maddison;Maddison;جيمس ماديسون;ماديسون,سنة ميلادي 1996، وطولي المدوّن ببيانات موسم ٢٠٢١–٢٠٢٢ حوالي 175 سم.,قدمي المفضلة اليمنى، ومن مراكزي وسط هجومي.,جنسيتي الكروية إنكلترا، وألعب بمركز وسط هجومي.,في بيانات موسم ٢٠٢١–٢٠٢٢ كنت مع Leicester City. ورقم قميصي المدوّن 10. اسمي الكروي يبدأ بالحرف M.,"FIFA 22 player dataset (2021 snapshot), SoFIFA-based"
fifa22_229391,Palhinha,Palhinha;João Maria Lobo Alves Palhinha Gonçalves;João Palhinha;جواو بالينيا;بالينيا;بالهينيا,سنة ميلادي 1995، وطولي المدوّن ببيانات موسم ٢٠٢١–٢٠٢٢ حوالي 190 سم.,قدمي المفضلة اليمنى، ومن مراكزي وسط دفاعي.,جنسيتي الكروية البرتغال، وألعب بمركز وسط دفاعي.,في بيانات موسم ٢٠٢١–٢٠٢٢ كنت مع Sporting CP. ورقم قميصي المدوّن 6. اسمي الكروي يبدأ بالحرف P.,"FIFA 22 player dataset (2021 snapshot), SoFIFA-based"
fifa22_236792,Tomáš Souček,T. Souček;Tomáš Souček;Souček;توماس سوتشيك;سوتشيك;سوتشك,سنة ميلادي 1995، وطولي المدوّن ببيانات موسم ٢٠٢١–٢٠٢٢ حوالي 192 سم.,قدمي المفضلة اليمنى، ومن مراكزي وسط دفاعي.,جنسيتي الكروية التشيك، وألعب بمركز وسط دفاعي.,في بيانات موسم ٢٠٢١–٢٠٢٢ كنت مع West Ham United. ورقم قميصي المدوّن 28. اسمي الكروي يبدأ بالحرف S.,"FIFA 22 player dataset (2021 snapshot), SoFIFA-based"
fifa22_229668,Mario Hermoso,Mario Hermoso;Mario Hermoso Canseco;Mario Mario Hermoso;ماريو هيرموسو;هيرموسو;هرموسو,سنة ميلادي 1995، وطولي المدوّن ببيانات موسم ٢٠٢١–٢٠٢٢ حوالي 185 سم.,قدمي المفضلة اليسرى، ومن مراكزي قلب دفاع.,جنسيتي الكروية إسبانيا، وألعب بمركز قلب دفاع.,في بيانات موسم ٢٠٢١–٢٠٢٢ كنت مع Atlético de Madrid. ورقم قميصي المدوّن 22. اسمي الكروي يبدأ بالحرف M.,"FIFA 22 player dataset (2021 snapshot), SoFIFA-based"
fifa22_212616,Rodrigo De Paul,R. De Paul;Rodrigo Javier De Paul;Rodrigo De Paul;De Paul;رودريغو دي بول;رودريجو دي بول;دي بول;ديبول,سنة ميلادي 1994، وطولي المدوّن ببيانات موسم ٢٠٢١–٢٠٢٢ حوالي 180 سم.,قدمي المفضلة اليمنى، ومن مراكزي وسط مركزي.,جنسيتي الكروية الأرجنتين، وألعب بمركز وسط مركزي.,في بيانات موسم ٢٠٢١–٢٠٢٢ كنت مع Atlético de Madrid. ورقم قميصي المدوّن 5. اسمي الكروي يبدأ بالحرف D.,"FIFA 22 player dataset (2021 snapshot), SoFIFA-based"
fifa22_220018,Ante Rebić,A. Rebić;Ante Rebić;Rebić;أنتي ريبيتش;انتي ريبيتش;ريبيتش,سنة ميلادي 1993، وطولي المدوّن ببيانات موسم ٢٠٢١–٢٠٢٢ حوالي 185 سم.,قدمي المفضلة اليمنى، ومن مراكزي وسط/جناح أيسر.,جنسيتي الكروية كرواتيا، وألعب بمركز وسط/جناح أيسر.,في بيانات موسم ٢٠٢١–٢٠٢٢ كنت مع AC Milan. ورقم قميصي المدوّن 12. اسمي الكروي يبدأ بالحرف R.,"FIFA 22 player dataset (2021 snapshot), SoFIFA-based"
fifa22_199823,Campaña,Campaña;José Ángel Gómez Campaña;José Campaña;خوسيه كامبانيا;كامبانيا,سنة ميلادي 1993، وطولي المدوّن ببيانات موسم ٢٠٢١–٢٠٢٢ حوالي 179 سم.,قدمي المفضلة اليمنى، ومن مراكزي وسط مركزي.,جنسيتي الكروية إسبانيا، وألعب بمركز وسط مركزي.,في بيانات موسم ٢٠٢١–٢٠٢٢ كنت مع Levante Unión Deportiva. ورقم قميصي المدوّن 24. اسمي الكروي يبدأ بالحرف C.,"FIFA 22 player dataset (2021 snapshot), SoFIFA-based"
fifa22_205070,Portu,Portu;Cristian Portugués Manzanera;Cristian Portu;بورتو;كريستيان بورتو,سنة ميلادي 1992، وطولي المدوّن ببيانات موسم ٢٠٢١–٢٠٢٢ حوالي 167 سم.,قدمي المفضلة اليمنى، ومن مراكزي جناح أيمن.,جنسيتي الكروية إسبانيا، وألعب بمركز جناح أيمن.,في بيانات موسم ٢٠٢١–٢٠٢٢ كنت مع Real Sociedad. ورقم قميصي المدوّن 7. اسمي الكروي يبدأ بالحرف P.,"FIFA 22 player dataset (2021 snapshot), SoFIFA-based"
fifa22_209981,Yassine Bounou,Y. Bounou;Yassine Bounou;Bounou;ياسين بونو;بونو,سنة ميلادي 1991، وطولي المدوّن ببيانات موسم ٢٠٢١–٢٠٢٢ حوالي 192 سم.,قدمي المفضلة اليسرى، ومن مراكزي حارس مرمى.,جنسيتي الكروية المغرب، وألعب بمركز حارس مرمى.,في بيانات موسم ٢٠٢١–٢٠٢٢ كنت مع Sevilla FC. ورقم قميصي المدوّن 13. اسمي الكروي يبدأ بالحرف B.,"FIFA 22 player dataset (2021 snapshot), SoFIFA-based"
fifa22_167664,Gonzalo Higuaín,G. Higuaín;Gonzalo Gerardo Higuaín;Gonzalo Higuaín;Higuaín;غونزالو هيغواين;هيغواين;هيجواين;هغواين,سنة ميلادي 1987، وطولي المدوّن ببيانات موسم ٢٠٢١–٢٠٢٢ حوالي 186 سم.,قدمي المفضلة اليمنى، ومن مراكزي رأس حربة.,جنسيتي الكروية الأرجنتين، وألعب بمركز رأس حربة.,في بيانات موسم ٢٠٢١–٢٠٢٢ كنت مع Inter Miami CF. ورقم قميصي المدوّن 9. اسمي الكروي يبدأ بالحرف H.,"FIFA 22 player dataset (2021 snapshot), SoFIFA-based"
fifa22_139068,Nani,Nani;Luís Carlos Almeida da Cunha;Luís Nani;ناني;لويس ناني,سنة ميلادي 1986، وطولي المدوّن ببيانات موسم ٢٠٢١–٢٠٢٢ حوالي 177 سم.,قدمي المفضلة اليمنى، ومن مراكزي جناح أيسر.,جنسيتي الكروية البرتغال، وألعب بمركز جناح أيسر.,في بيانات موسم ٢٠٢١–٢٠٢٢ كنت مع Orlando City Soccer Club. ورقم قميصي المدوّن 17. اسمي الكروي يبدأ بالحرف N.,"FIFA 22 player dataset (2021 snapshot), SoFIFA-based"
fifa22_181872,Arturo Vidal,A. Vidal;Arturo Erasmo Vidal Pardo;Arturo Vidal;Vidal;أرتورو فيدال;ارتورو فيدال;فيدال;ڤيدال,سنة ميلادي 1987، وطولي المدوّن ببيانات موسم ٢٠٢١–٢٠٢٢ حوالي 180 سم.,قدمي المفضلة اليمنى، ومن مراكزي وسط مركزي.,جنسيتي الكروية تشيلي، وألعب بمركز وسط مركزي.,في بيانات موسم ٢٠٢١–٢٠٢٢ كنت مع Inter. ورقم قميصي المدوّن 22. اسمي الكروي يبدأ بالحرف V.,"FIFA 22 player dataset (2021 snapshot), SoFIFA-based"
fifa22_221363,Donny van de Beek,D. van de Beek;Donny van de Beek;van de Beek;دوني فان دي بيك;فان دي بيك;فانديبيك,سنة ميلادي 1997، وطولي المدوّن ببيانات موسم ٢٠٢١–٢٠٢٢ حوالي 184 سم.,قدمي المفضلة اليمنى، ومن مراكزي وسط مركزي.,جنسيتي الكروية هولندا، وألعب بمركز وسط مركزي.,في بيانات موسم ٢٠٢١–٢٠٢٢ كنت مع Manchester United. ورقم قميصي المدوّن 34. اسمي الكروي يبدأ بالحرف v.,"FIFA 22 player dataset (2021 snapshot), SoFIFA-based"
fifa22_212194,Julian Brandt,J. Brandt;Julian Brandt;Brandt;جوليان براندت;براندت,سنة ميلادي 1996، وطولي المدوّن ببيانات موسم ٢٠٢١–٢٠٢٢ حوالي 185 سم.,قدمي المفضلة اليمنى، ومن مراكزي وسط هجومي.,جنسيتي الكروية ألمانيا، وألعب بمركز وسط هجومي.,في بيانات موسم ٢٠٢١–٢٠٢٢ كنت مع Borussia Dortmund. ورقم قميصي المدوّن 19. اسمي الكروي يبدأ بالحرف B.,"FIFA 22 player dataset (2021 snapshot), SoFIFA-based"
fifa22_211300,Anthony Martial,A. Martial;Anthony Martial;Martial;أنتوني مارسيال;انتوني مارسيال;مارسيال;مارشال,سنة ميلادي 1995، وطولي المدوّن ببيانات موسم ٢٠٢١–٢٠٢٢ حوالي 184 سم.,قدمي المفضلة اليمنى، ومن مراكزي رأس حربة.,جنسيتي الكروية فرنسا، وألعب بمركز رأس حربة.,في بيانات موسم ٢٠٢١–٢٠٢٢ كنت مع Manchester United. ورقم قميصي المدوّن 9. اسمي الكروي يبدأ بالحرف M.,"FIFA 22 player dataset (2021 snapshot), SoFIFA-based"
fifa22_221992,Hirving Lozano,H. Lozano;Hirving Rodrigo Lozano Bahena;Hirving Lozano;Lozano;هيرفينغ لوزانو;هيرفينج لوزانو;لوزانو,سنة ميلادي 1995، وطولي المدوّن ببيانات موسم ٢٠٢١–٢٠٢٢ حوالي 175 سم.,قدمي المفضلة اليمنى، ومن مراكزي جناح أيمن.,جنسيتي الكروية المكسيك، وألعب بمركز جناح أيمن.,في بيانات موسم ٢٠٢١–٢٠٢٢ كنت مع Napoli. ورقم قميصي المدوّن 11. اسمي الكروي يبدأ بالحرف L.,"FIFA 22 player dataset (2021 snapshot), SoFIFA-based"
fifa22_205175,Arkadiusz Milik,A. Milik;Arkadiusz Krystian Milik;Arkadiusz Milik;Milik;أركاديوش ميليك;اركاديوش ميليك;ميليك;مليك,سنة ميلادي 1994، وطولي المدوّن ببيانات موسم ٢٠٢١–٢٠٢٢ حوالي 186 سم.,قدمي المفضلة اليسرى، ومن مراكزي رأس حربة.,جنسيتي الكروية بولندا، وألعب بمركز رأس حربة.,في بيانات موسم ٢٠٢١–٢٠٢٢ كنت مع Olympique de Marseille. ورقم قميصي المدوّن 9. اسمي الكروي يبدأ بالحرف M.,"FIFA 22 player dataset (2021 snapshot), SoFIFA-based"
fifa22_208596,Andrea Belotti,A. Belotti;Andrea Belotti;Belotti;أندريا بيلوتي;اندريا بيلوتي;بيلوتي,سنة ميلادي 1993، وطولي المدوّن ببيانات موسم ٢٠٢١–٢٠٢٢ حوالي 181 سم.,قدمي المفضلة اليمنى، ومن مراكزي رأس حربة.,جنسيتي الكروية إيطاليا، وألعب بمركز رأس حربة.,في بيانات موسم ٢٠٢١–٢٠٢٢ كنت مع Torino F.C.. ورقم قميصي المدوّن 9. اسمي الكروي يبدأ بالحرف B.,"FIFA 22 player dataset (2021 snapshot), SoFIFA-based"
fifa22_210406,Piotr Zieliński,P. Zieliński;Piotr Sebastian Zieliński;Piotr Zieliński;Zieliński;بيوتر زيلينسكي;زيلينسكي;زيلنسكي,سنة ميلادي 1994، وطولي المدوّن ببيانات موسم ٢٠٢١–٢٠٢٢ حوالي 180 سم.,قدمي المفضلة اليمنى، ومن مراكزي وسط مركزي.,جنسيتي الكروية بولندا، وألعب بمركز وسط مركزي.,في بيانات موسم ٢٠٢١–٢٠٢٢ كنت مع Napoli. ورقم قميصي المدوّن 20. اسمي الكروي يبدأ بالحرف Z.,"FIFA 22 player dataset (2021 snapshot), SoFIFA-based"
fifa22_231969,Ruslan Malinovskyi,R. Malinovskyi;Ruslan Malinovskyi;Malinovskyi;روسلان مالينوفسكي;مالينوفسكي;مالينوڤسكي,سنة ميلادي 1993، وطولي المدوّن ببيانات موسم ٢٠٢١–٢٠٢٢ حوالي 181 سم.,قدمي المفضلة اليسرى، ومن مراكزي مهاجم مساند.,جنسيتي الكروية أوكرانيا، وألعب بمركز مهاجم مساند.,في بيانات موسم ٢٠٢١–٢٠٢٢ كنت مع Atalanta. ورقم قميصي المدوّن 18. اسمي الكروي يبدأ بالحرف M.,"FIFA 22 player dataset (2021 snapshot), SoFIFA-based"
fifa22_200949,Lucas Moura,Lucas Moura;Lucas Rodrigues Moura da Silva;Lucas Lucas Moura;لوكاس مورا;مورا,سنة ميلادي 1992، وطولي المدوّن ببيانات موسم ٢٠٢١–٢٠٢٢ حوالي 174 سم.,قدمي المفضلة اليمنى، ومن مراكزي وسط/جناح أيمن.,جنسيتي الكروية البرازيل، وألعب بمركز وسط/جناح أيمن.,في بيانات موسم ٢٠٢١–٢٠٢٢ كنت مع Tottenham Hotspur. ورقم قميصي المدوّن 27. اسمي الكروي يبدأ بالحرف L.,"FIFA 22 player dataset (2021 snapshot), SoFIFA-based"
fifa22_208448,Emil Forsberg,E. Forsberg;Emil Peter Forsberg;Emil Forsberg;Forsberg;إميل فورسبيرغ;اميل فورسبيرغ;فورسبيرغ;فورسبيرج,سنة ميلادي 1991، وطولي المدوّن ببيانات موسم ٢٠٢١–٢٠٢٢ حوالي 177 سم.,قدمي المفضلة اليمنى، ومن مراكزي وسط هجومي.,جنسيتي الكروية السويد، وألعب بمركز وسط هجومي.,في بيانات موسم ٢٠٢١–٢٠٢٢ كنت مع RB Leipzig. ورقم قميصي المدوّن 10. اسمي الكروي يبدأ بالحرف F.,"FIFA 22 player dataset (2021 snapshot), SoFIFA-based"
fifa22_220093,Hans Hateboer,H. Hateboer;Hans Hateboer;Hateboer;هانس هاتيبور;هاتيبور,سنة ميلادي 1994، وطولي المدوّن ببيانات موسم ٢٠٢١–٢٠٢٢ حوالي 185 سم.,قدمي المفضلة اليمنى، ومن مراكزي ظهير أيمن هجومي.,جنسيتي الكروية هولندا، وألعب بمركز ظهير أيمن هجومي.,في بيانات موسم ٢٠٢١–٢٠٢٢ كنت مع Atalanta. ورقم قميصي المدوّن 33. اسمي الكروي يبدأ بالحرف H.,"FIFA 22 player dataset (2021 snapshot), SoFIFA-based"
fifa22_199564,Sergi Roberto,Sergi Roberto;Sergio Roberto Carnicer;Sergio Sergi Roberto;سيرجي روبيرتو;سيرجي روبرتو;سيرغي روبيرتو,سنة ميلادي 1992، وطولي المدوّن ببيانات موسم ٢٠٢١–٢٠٢٢ حوالي 178 سم.,قدمي المفضلة اليمنى، ومن مراكزي ظهير أيمن.,جنسيتي الكروية إسبانيا، وألعب بمركز ظهير أيمن.,في بيانات موسم ٢٠٢١–٢٠٢٢ كنت مع FC Barcelona. ورقم قميصي المدوّن 20. اسمي الكروي يبدأ بالحرف S.,"FIFA 22 player dataset (2021 snapshot), SoFIFA-based"
fifa22_209297,Fred,Fred;Frederico Rodrigues de Paula Santos;Frederico Fred;فريد;فريد البرازيلي,سنة ميلادي 1993، وطولي المدوّن ببيانات موسم ٢٠٢١–٢٠٢٢ حوالي 169 سم.,قدمي المفضلة اليسرى، ومن مراكزي وسط دفاعي.,جنسيتي الكروية البرازيل، وألعب بمركز وسط دفاعي.,في بيانات موسم ٢٠٢١–٢٠٢٢ كنت مع Manchester United. ورقم قميصي المدوّن 17. اسمي الكروي يبدأ بالحرف F.,"FIFA 22 player dataset (2021 snapshot), SoFIFA-based"
fifa22_200888,Danilo Pereira,Danilo Pereira;Danilo Luís Hélio Pereira;Danilo Danilo Pereira;دانيلو بيريرا,سنة ميلادي 1991، وطولي المدوّن ببيانات موسم ٢٠٢١–٢٠٢٢ حوالي 188 سم.,قدمي المفضلة اليمنى، ومن مراكزي وسط دفاعي.,جنسيتي الكروية البرتغال، وألعب بمركز وسط دفاعي.,في بيانات موسم ٢٠٢١–٢٠٢٢ كنت مع Paris Saint-Germain. ورقم قميصي المدوّن 15. اسمي الكروي يبدأ بالحرف D.,"FIFA 22 player dataset (2021 snapshot), SoFIFA-based"
fifa22_203551,Alessandro Florenzi,A. Florenzi;Alessandro Florenzi;Florenzi;أليساندرو فلورينزي;اليساندرو فلورينزي;فلورينزي,سنة ميلادي 1991، وطولي المدوّن ببيانات موسم ٢٠٢١–٢٠٢٢ حوالي 173 سم.,قدمي المفضلة اليمنى، ومن مراكزي ظهير أيمن.,جنسيتي الكروية إيطاليا، وألعب بمركز ظهير أيمن.,في بيانات موسم ٢٠٢١–٢٠٢٢ كنت مع AC Milan. ورقم قميصي المدوّن 25. اسمي الكروي يبدأ بالحرف F.,"FIFA 22 player dataset (2021 snapshot), SoFIFA-based"
fifa22_156519,Héctor Herrera,H. Herrera;Héctor Miguel Herrera López;Héctor Herrera;Herrera;هيكتور هيريرا,سنة ميلادي 1990، وطولي المدوّن ببيانات موسم ٢٠٢١–٢٠٢٢ حوالي 185 سم.,قدمي المفضلة اليمنى، ومن مراكزي وسط مركزي.,جنسيتي الكروية المكسيك، وألعب بمركز وسط مركزي.,في بيانات موسم ٢٠٢١–٢٠٢٢ كنت مع Atlético de Madrid. ورقم قميصي المدوّن 16. اسمي الكروي يبدأ بالحرف H.,"FIFA 22 player dataset (2021 snapshot), SoFIFA-based"
fifa22_184200,Marko Arnautović,M. Arnautović;Marko Arnautović;Arnautović;ماركو أرناوتوفيتش;ماركو ارناوتوفيتش;أرناوتوفيتش;ارناوتوفيتش,سنة ميلادي 1989، وطولي المدوّن ببيانات موسم ٢٠٢١–٢٠٢٢ حوالي 192 سم.,قدمي المفضلة اليمنى، ومن مراكزي رأس حربة.,جنسيتي الكروية النمسا، وألعب بمركز رأس حربة.,في بيانات موسم ٢٠٢١–٢٠٢٢ كنت مع Bologna. ورقم قميصي المدوّن 9. اسمي الكروي يبدأ بالحرف A.,"FIFA 22 player dataset (2021 snapshot), SoFIFA-based"
fifa22_197965,Pizzi,Pizzi;Luís Miguel Afonso Fernandes;Luís Pizzi;بيتزي;بيزي;بيتسى,سنة ميلادي 1989، وطولي المدوّن ببيانات موسم ٢٠٢١–٢٠٢٢ حوالي 177 سم.,قدمي المفضلة اليمنى، ومن مراكزي وسط مركزي.,جنسيتي الكروية البرتغال، وألعب بمركز وسط مركزي.,في بيانات موسم ٢٠٢١–٢٠٢٢ كنت مع SL Benfica. ورقم قميصي المدوّن 21. اسمي الكروي يبدأ بالحرف P.,"FIFA 22 player dataset (2021 snapshot), SoFIFA-based"
fifa22_181458,Ivan Perišić,I. Perišić;Ivan Perišić;Perišić;إيفان بيريشيتش;ايفان بيريشيتش;بيريشيتش;بيرشيتش,سنة ميلادي 1989، وطولي المدوّن ببيانات موسم ٢٠٢١–٢٠٢٢ حوالي 186 سم.,قدمي المفضلة اليسرى، ومن مراكزي وسط/جناح أيسر.,جنسيتي الكروية كرواتيا، وألعب بمركز وسط/جناح أيسر.,في بيانات موسم ٢٠٢١–٢٠٢٢ كنت مع Inter. ورقم قميصي المدوّن 14. اسمي الكروي يبدأ بالحرف P.,"FIFA 22 player dataset (2021 snapshot), SoFIFA-based"
fifa22_199987,Jasper Cillessen,J. Cillessen;Jasper Cillessen;Cillessen;ياسبر سيليسن;سيليسن;سيليسين,سنة ميلادي 1989، وطولي المدوّن ببيانات موسم ٢٠٢١–٢٠٢٢ حوالي 185 سم.,قدمي المفضلة اليمنى، ومن مراكزي حارس مرمى.,جنسيتي الكروية هولندا، وألعب بمركز حارس مرمى.,في بيانات موسم ٢٠٢١–٢٠٢٢ كنت مع Valencia CF. ورقم قميصي المدوّن 13. اسمي الكروي يبدأ بالحرف C.,"FIFA 22 player dataset (2021 snapshot), SoFIFA-based"
fifa22_192366,Nicolás Otamendi,N. Otamendi;Nicolás Hernán Gonzalo Otamendi;Nicolás Otamendi;Otamendi;نيكولاس أوتامندي;نيكولاس اوتامندي;أوتامندي;اوتامندي,سنة ميلادي 1988، وطولي المدوّن ببيانات موسم ٢٠٢١–٢٠٢٢ حوالي 183 سم.,قدمي المفضلة اليمنى، ومن مراكزي قلب دفاع.,جنسيتي الكروية الأرجنتين، وألعب بمركز قلب دفاع.,في بيانات موسم ٢٠٢١–٢٠٢٢ كنت مع SL Benfica. ورقم قميصي المدوّن 30. اسمي الكروي يبدأ بالحرف O.,"FIFA 22 player dataset (2021 snapshot), SoFIFA-based"
fifa22_176266,Lucas Leiva,Lucas Leiva;Lucas Pezzini Leiva;Lucas Lucas Leiva;لوكاس ليفا;لوكاس ليڤا,سنة ميلادي 1987، وطولي المدوّن ببيانات موسم ٢٠٢١–٢٠٢٢ حوالي 179 سم.,قدمي المفضلة اليمنى، ومن مراكزي وسط دفاعي.,جنسيتي الكروية البرازيل، وألعب بمركز وسط دفاعي.,في بيانات موسم ٢٠٢١–٢٠٢٢ كنت مع Lazio. ورقم قميصي المدوّن 6. اسمي الكروي يبدأ بالحرف L.,"FIFA 22 player dataset (2021 snapshot), SoFIFA-based"
fifa22_172871,Jan Vertonghen,J. Vertonghen;Jan Vertonghen;Vertonghen;يان فيرتونغن;فيرتونغن;فيرتونخين;فيرتونجن,سنة ميلادي 1987، وطولي المدوّن ببيانات موسم ٢٠٢١–٢٠٢٢ حوالي 189 سم.,قدمي المفضلة اليسرى، ومن مراكزي قلب دفاع.,جنسيتي الكروية بلجيكا، وألعب بمركز قلب دفاع.,في بيانات موسم ٢٠٢١–٢٠٢٢ كنت مع SL Benfica. ورقم قميصي المدوّن 5. اسمي الكروي يبدأ بالحرف V.,"FIFA 22 player dataset (2021 snapshot), SoFIFA-based"
fifa22_171791,José Fonte,José Fonte;José Miguel da Rocha Fonte;José José Fonte;خوسيه فونتي;فونتي,سنة ميلادي 1983، وطولي المدوّن ببيانات موسم ٢٠٢١–٢٠٢٢ حوالي 191 سم.,قدمي المفضلة اليمنى، ومن مراكزي قلب دفاع.,جنسيتي الكروية البرتغال، وألعب بمركز قلب دفاع.,في بيانات موسم ٢٠٢١–٢٠٢٢ كنت مع LOSC Lille. ورقم قميصي المدوّن 6. اسمي الكروي يبدأ بالحرف J.,"FIFA 22 player dataset (2021 snapshot), SoFIFA-based"
fifa22_163705,Steve Mandanda,S. Mandanda;Steve Mandanda;Mandanda;ستيف مانداندا;مانداندا,سنة ميلادي 1985، وطولي المدوّن ببيانات موسم ٢٠٢١–٢٠٢٢ حوالي 185 سم.,قدمي المفضلة اليمنى، ومن مراكزي حارس مرمى.,جنسيتي الكروية فرنسا، وألعب بمركز حارس مرمى.,في بيانات موسم ٢٠٢١–٢٠٢٢ كنت مع Olympique de Marseille. ورقم قميصي المدوّن 30. اسمي الكروي يبدأ بالحرف M.,"FIFA 22 player dataset (2021 snapshot), SoFIFA-based"
fifa22_234153,Carlos Soler,Carlos Soler;Carlos Soler Barragán;Carlos Carlos Soler;كارلوس سولير;سولير,سنة ميلادي 1997، وطولي المدوّن ببيانات موسم ٢٠٢١–٢٠٢٢ حوالي 180 سم.,قدمي المفضلة اليمنى، ومن مراكزي وسط مركزي.,جنسيتي الكروية إسبانيا، وألعب بمركز وسط مركزي.,في بيانات موسم ٢٠٢١–٢٠٢٢ كنت مع Valencia CF. ورقم قميصي المدوّن 10. اسمي الكروي يبدأ بالحرف C.,"FIFA 22 player dataset (2021 snapshot), SoFIFA-based"
fifa22_247263,Edmond Tapsoba,E. Tapsoba;Edmond Fayçal Tapsoba;Edmond Tapsoba;Tapsoba;إدموند تابسوبا;ادموند تابسوبا;تابسوبا,سنة ميلادي 1999، وطولي المدوّن ببيانات موسم ٢٠٢١–٢٠٢٢ حوالي 194 سم.,قدمي المفضلة اليمنى، ومن مراكزي قلب دفاع.,جنسيتي الكروية بوركينا فاسو، وألعب بمركز قلب دفاع.,في بيانات موسم ٢٠٢١–٢٠٢٢ كنت مع Bayer 04 Leverkusen. ورقم قميصي المدوّن 12. اسمي الكروي يبدأ بالحرف T.,"FIFA 22 player dataset (2021 snapshot), SoFIFA-based"
fifa22_224411,Gonçalo Guedes,Gonçalo Guedes;Gonçalo Manuel Ganchinho Guedes;Gonçalo Gonçalo Guedes;غونزالو غيديش;غيديش;جيديش,سنة ميلادي 1996، وطولي المدوّن ببيانات موسم ٢٠٢١–٢٠٢٢ حوالي 179 سم.,قدمي المفضلة اليمنى، ومن مراكزي وسط/جناح أيسر.,جنسيتي الكروية البرتغال، وألعب بمركز وسط/جناح أيسر.,في بيانات موسم ٢٠٢١–٢٠٢٢ كنت مع Valencia CF. ورقم قميصي المدوّن 7. اسمي الكروي يبدأ بالحرف G.,"FIFA 22 player dataset (2021 snapshot), SoFIFA-based"
fifa22_232411,Christopher Nkunku,C. Nkunku;Christopher Nkunku;Nkunku;كريستوفر نكونكو;نكونكو;انكونكو,سنة ميلادي 1997، وطولي المدوّن ببيانات موسم ٢٠٢١–٢٠٢٢ حوالي 179 سم.,قدمي المفضلة اليمنى، ومن مراكزي وسط هجومي.,جنسيتي الكروية فرنسا، وألعب بمركز وسط هجومي.,في بيانات موسم ٢٠٢١–٢٠٢٢ كنت مع RB Leipzig. ورقم قميصي المدوّن 18. اسمي الكروي يبدأ بالحرف N.,"FIFA 22 player dataset (2021 snapshot), SoFIFA-based"
fifa22_233927,Lucas Paquetá,Lucas Paquetá;Lucas Tolentino Coelho de Lima;Lucas Lucas Paquetá;لوكاس باكيتا;باكيتا,سنة ميلادي 1997، وطولي المدوّن ببيانات موسم ٢٠٢١–٢٠٢٢ حوالي 180 سم.,قدمي المفضلة اليسرى، ومن مراكزي وسط مركزي.,جنسيتي الكروية البرازيل، وألعب بمركز وسط مركزي.,في بيانات موسم ٢٠٢١–٢٠٢٢ كنت مع Olympique Lyonnais. ورقم قميصي المدوّن 10. اسمي الكروي يبدأ بالحرف L.,"FIFA 22 player dataset (2021 snapshot), SoFIFA-based"
fifa22_234906,Houssem Aouar,H. Aouar;Houssem Aouar;Aouar;حسام عوار;عوار,سنة ميلادي 1998، وطولي المدوّن ببيانات موسم ٢٠٢١–٢٠٢٢ حوالي 175 سم.,قدمي المفضلة اليمنى، ومن مراكزي وسط مركزي.,جنسيتي الكروية فرنسا، وألعب بمركز وسط مركزي.,في بيانات موسم ٢٠٢١–٢٠٢٢ كنت مع Olympique Lyonnais. ورقم قميصي المدوّن 8. اسمي الكروي يبدأ بالحرف A.,"FIFA 22 player dataset (2021 snapshot), SoFIFA-based"
fifa22_228251,Lorenzo Pellegrini,L. Pellegrini;Lorenzo Pellegrini;Pellegrini;لورينزو بيليغريني;بيليغريني;بيليجريني,سنة ميلادي 1996، وطولي المدوّن ببيانات موسم ٢٠٢١–٢٠٢٢ حوالي 186 سم.,قدمي المفضلة اليمنى، ومن مراكزي وسط هجومي.,جنسيتي الكروية إيطاليا، وألعب بمركز وسط هجومي.,في بيانات موسم ٢٠٢١–٢٠٢٢ كنت مع Roma. ورقم قميصي المدوّن 7. اسمي الكروي يبدأ بالحرف P.,"FIFA 22 player dataset (2021 snapshot), SoFIFA-based"
fifa22_221479,Dominic Calvert-Lewin,D. Calvert-Lewin;Dominic Calvert-Lewin;Calvert-Lewin;دومينيك كالفرت لوين;كالفرت لوين;كالفرتلوين,سنة ميلادي 1997، وطولي المدوّن ببيانات موسم ٢٠٢١–٢٠٢٢ حوالي 187 سم.,قدمي المفضلة اليمنى، ومن مراكزي رأس حربة.,جنسيتي الكروية إنكلترا، وألعب بمركز رأس حربة.,في بيانات موسم ٢٠٢١–٢٠٢٢ كنت مع Everton. ورقم قميصي المدوّن 9. اسمي الكروي يبدأ بالحرف C.,"FIFA 22 player dataset (2021 snapshot), SoFIFA-based"
fifa22_238074,Reece James,R. James;Reece James;James;ريس جيمس,سنة ميلادي 1999، وطولي المدوّن ببيانات موسم ٢٠٢١–٢٠٢٢ حوالي 178 سم.,قدمي المفضلة اليمنى، ومن مراكزي ظهير أيمن هجومي.,جنسيتي الكروية إنكلترا، وألعب بمركز ظهير أيمن هجومي.,في بيانات موسم ٢٠٢١–٢٠٢٢ كنت مع Chelsea. ورقم قميصي المدوّن 24. اسمي الكروي يبدأ بالحرف J.,"FIFA 22 player dataset (2021 snapshot), SoFIFA-based"
fifa22_226166,Nordi Mukiele,N. Mukiele;Nordi Mukiele Mulere;Nordi Mukiele;Mukiele;نوردي موكيلي;موكيلي,سنة ميلادي 1997، وطولي المدوّن ببيانات موسم ٢٠٢١–٢٠٢٢ حوالي 187 سم.,قدمي المفضلة اليمنى، ومن مراكزي ظهير أيمن هجومي.,جنسيتي الكروية فرنسا، وألعب بمركز ظهير أيمن هجومي.,في بيانات موسم ٢٠٢١–٢٠٢٢ كنت مع RB Leipzig. ورقم قميصي المدوّن 22. اسمي الكروي يبدأ بالحرف M.,"FIFA 22 player dataset (2021 snapshot), SoFIFA-based"
fifa22_205569,James Ward-Prowse,J. Ward-Prowse;James Ward-Prowse;Ward-Prowse;جيمس وارد براوس;وارد براوس;واردبراوس,سنة ميلادي 1994، وطولي المدوّن ببيانات موسم ٢٠٢١–٢٠٢٢ حوالي 173 سم.,قدمي المفضلة اليمنى، ومن مراكزي وسط مركزي.,جنسيتي الكروية إنكلترا، وألعب بمركز وسط مركزي.,في بيانات موسم ٢٠٢١–٢٠٢٢ كنت مع Southampton. ورقم قميصي المدوّن 8. اسمي الكروي يبدأ بالحرف W.,"FIFA 22 player dataset (2021 snapshot), SoFIFA-based"
fifa22_225375,Konrad Laimer,K. Laimer;Konrad Laimer;Laimer;كونراد لايمر;لايمر,سنة ميلادي 1997، وطولي المدوّن ببيانات موسم ٢٠٢١–٢٠٢٢ حوالي 180 سم.,قدمي المفضلة اليمنى، ومن مراكزي وسط دفاعي.,جنسيتي الكروية النمسا، وألعب بمركز وسط دفاعي.,في بيانات موسم ٢٠٢١–٢٠٢٢ كنت مع RB Leipzig. ورقم قميصي المدوّن 27. اسمي الكروي يبدأ بالحرف L.,"FIFA 22 player dataset (2021 snapshot), SoFIFA-based"
fifa22_224081,Kalvin Phillips,K. Phillips;Kalvin Phillips;Phillips;كالفين فيليبس;فيليبس,سنة ميلادي 1995، وطولي المدوّن ببيانات موسم ٢٠٢١–٢٠٢٢ حوالي 178 سم.,قدمي المفضلة اليمنى، ومن مراكزي وسط دفاعي.,جنسيتي الكروية إنكلترا، وألعب بمركز وسط دفاعي.,في بيانات موسم ٢٠٢١–٢٠٢٢ كنت مع Leeds United. ورقم قميصي المدوّن 23. اسمي الكروي يبدأ بالحرف P.,"FIFA 22 player dataset (2021 snapshot), SoFIFA-based"
fifa22_226110,Nicolas Pépé,N. Pépé;Nicolas Pépé;نيكولاس بيبي;نيكولا بيبي,سنة ميلادي 1995، وطولي المدوّن ببيانات موسم ٢٠٢١–٢٠٢٢ حوالي 183 سم.,قدمي المفضلة اليسرى، ومن مراكزي وسط/جناح أيمن.,جنسيتي الكروية ساحل العاج، وألعب بمركز وسط/جناح أيمن.,في بيانات موسم ٢٠٢١–٢٠٢٢ كنت مع Arsenal. ورقم قميصي المدوّن 19. اسمي الكروي يبدأ بالحرف P.,"FIFA 22 player dataset (2021 snapshot), SoFIFA-based"
fifa22_204311,Kurt Zouma,K. Zouma;Kurt Happy Zouma;Kurt Zouma;Zouma;كورت زوما;زوما,سنة ميلادي 1994، وطولي المدوّن ببيانات موسم ٢٠٢١–٢٠٢٢ حوالي 190 سم.,قدمي المفضلة اليمنى، ومن مراكزي قلب دفاع.,جنسيتي الكروية فرنسا، وألعب بمركز قلب دفاع.,في بيانات موسم ٢٠٢١–٢٠٢٢ كنت مع West Ham United. ورقم قميصي المدوّن 4. اسمي الكروي يبدأ بالحرف Z.,"FIFA 22 player dataset (2021 snapshot), SoFIFA-based"
fifa22_210008,Adrien Rabiot,A. Rabiot;Adrien Rabiot;Rabiot;أدريان رابيو;ادريان رابيو;رابيو;رابيوت,سنة ميلادي 1995، وطولي المدوّن ببيانات موسم ٢٠٢١–٢٠٢٢ حوالي 192 سم.,قدمي المفضلة اليسرى، ومن مراكزي وسط مركزي.,جنسيتي الكروية فرنسا، وألعب بمركز وسط مركزي.,في بيانات موسم ٢٠٢١–٢٠٢٢ كنت مع Juventus. ورقم قميصي المدوّن 25. اسمي الكروي يبدأ بالحرف R.,"FIFA 22 player dataset (2021 snapshot), SoFIFA-based"
fifa22_216201,Iñaki Williams,Iñaki Williams;Iñaki Williams Arthuer;Iñaki Iñaki Williams;إينياكي ويليامز;اينياكي ويليامز;إينياكي وليامز,سنة ميلادي 1994، وطولي المدوّن ببيانات موسم ٢٠٢١–٢٠٢٢ حوالي 186 سم.,قدمي المفضلة اليمنى، ومن مراكزي رأس حربة.,جنسيتي الكروية إسبانيا، وألعب بمركز رأس حربة.,في بيانات موسم ٢٠٢١–٢٠٢٢ كنت مع Athletic Club de Bilbao. ورقم قميصي المدوّن 9. اسمي الكروي يبدأ بالحرف I.,"FIFA 22 player dataset (2021 snapshot), SoFIFA-based"
fifa22_200454,Paco Alcácer,Paco Alcácer;Francisco Alcácer García;Francisco Paco Alcácer;باكو ألكاسير;باكو الكاسير;ألكاسير;الكاسير,سنة ميلادي 1993، وطولي المدوّن ببيانات موسم ٢٠٢١–٢٠٢٢ حوالي 175 سم.,قدمي المفضلة اليمنى، ومن مراكزي رأس حربة.,جنسيتي الكروية إسبانيا، وألعب بمركز رأس حربة.,في بيانات موسم ٢٠٢١–٢٠٢٢ كنت مع Villarreal CF. ورقم قميصي المدوّن 9. اسمي الكروي يبدأ بالحرف P.,"FIFA 22 player dataset (2021 snapshot), SoFIFA-based"
fifa22_207439,Leandro Paredes,L. Paredes;Leandro Daniel Paredes;Leandro Paredes;Paredes;لياندرو باريديس;باريديس;باريدس,سنة ميلادي 1994، وطولي المدوّن ببيانات موسم ٢٠٢١–٢٠٢٢ حوالي 180 سم.,قدمي المفضلة اليمنى، ومن مراكزي وسط دفاعي.,جنسيتي الكروية الأرجنتين، وألعب بمركز وسط دفاعي.,في بيانات موسم ٢٠٢١–٢٠٢٢ كنت مع Paris Saint-Germain. ورقم قميصي المدوّن 8. اسمي الكروي يبدأ بالحرف P.,"FIFA 22 player dataset (2021 snapshot), SoFIFA-based"
fifa22_227950,Yeray,Yeray;Yeray Álvarez López;Yeray Yeray;يراي ألفاريز;يراي الفاريز;يراي,سنة ميلادي 1995، وطولي المدوّن ببيانات موسم ٢٠٢١–٢٠٢٢ حوالي 182 سم.,قدمي المفضلة اليمنى، ومن مراكزي قلب دفاع.,جنسيتي الكروية إسبانيا، وألعب بمركز قلب دفاع.,في بيانات موسم ٢٠٢١–٢٠٢٢ كنت مع Athletic Club de Bilbao. ورقم قميصي المدوّن 5. اسمي الكروي يبدأ بالحرف Y.,"FIFA 22 player dataset (2021 snapshot), SoFIFA-based"
fifa22_216409,Matteo Politano,M. Politano;Matteo Politano;Politano;ماتيو بوليتانو;بوليتانو,سنة ميلادي 1993، وطولي المدوّن ببيانات موسم ٢٠٢١–٢٠٢٢ حوالي 171 سم.,قدمي المفضلة اليسرى، ومن مراكزي وسط/جناح أيمن.,جنسيتي الكروية إيطاليا، وألعب بمركز وسط/جناح أيمن.,في بيانات موسم ٢٠٢١–٢٠٢٢ كنت مع Napoli. ورقم قميصي المدوّن 21. اسمي الكروي يبدأ بالحرف P.,"FIFA 22 player dataset (2021 snapshot), SoFIFA-based"
fifa22_206511,Maximilian Arnold,M. Arnold;Maximilian Arnold;Arnold;ماكسيميليان أرنولد;ماكسيميليان ارنولد;ماكس أرنولد;ماكس ارنولد,سنة ميلادي 1994، وطولي المدوّن ببيانات موسم ٢٠٢١–٢٠٢٢ حوالي 184 سم.,قدمي المفضلة اليسرى، ومن مراكزي وسط دفاعي.,جنسيتي الكروية ألمانيا، وألعب بمركز وسط دفاعي.,في بيانات موسم ٢٠٢١–٢٠٢٢ كنت مع VfL Wolfsburg. ورقم قميصي المدوّن 27. اسمي الكروي يبدأ بالحرف A.,"FIFA 22 player dataset (2021 snapshot), SoFIFA-based"
fifa22_193983,Andy Delort,A. Delort;Andy Delort;Delort;أندي ديلور;اندي ديلور;ديلور,سنة ميلادي 1991، وطولي المدوّن ببيانات موسم ٢٠٢١–٢٠٢٢ حوالي 181 سم.,قدمي المفضلة اليمنى، ومن مراكزي رأس حربة.,جنسيتي الكروية الجزائر، وألعب بمركز رأس حربة.,في بيانات موسم ٢٠٢١–٢٠٢٢ كنت مع OGC Nice. ورقم قميصي المدوّن 7. اسمي الكروي يبدأ بالحرف D.,"FIFA 22 player dataset (2021 snapshot), SoFIFA-based"
fifa22_200260,Steven Berghuis,S. Berghuis;Steven Berghuis;Berghuis;ستيفن بيرغويس;بيرغويس;بيرجهاوس,سنة ميلادي 1991، وطولي المدوّن ببيانات موسم ٢٠٢١–٢٠٢٢ حوالي 182 سم.,قدمي المفضلة اليسرى، ومن مراكزي جناح أيمن.,جنسيتي الكروية هولندا، وألعب بمركز جناح أيمن.,في بيانات موسم ٢٠٢١–٢٠٢٢ كنت مع Ajax. ورقم قميصي المدوّن 23. اسمي الكروي يبدأ بالحرف B.,"FIFA 22 player dataset (2021 snapshot), SoFIFA-based"
fifa22_208618,Lucas Vázquez,Lucas Vázquez;Lucas Vázquez Iglesias;Lucas Lucas Vázquez;لوكاس فاسكيز;لوكاس ڤاسكيز;فاسكيز,سنة ميلادي 1991، وطولي المدوّن ببيانات موسم ٢٠٢١–٢٠٢٢ حوالي 173 سم.,قدمي المفضلة اليمنى، ومن مراكزي جناح أيمن.,جنسيتي الكروية إسبانيا، وألعب بمركز جناح أيمن.,في بيانات موسم ٢٠٢١–٢٠٢٢ كنت مع Real Madrid CF. ورقم قميصي المدوّن 17. اسمي الكروي يبدأ بالحرف L.,"FIFA 22 player dataset (2021 snapshot), SoFIFA-based"
fifa22_235374,Manuel Lazzari,M. Lazzari;Manuel Lazzari;Lazzari;مانويل لاتزاري;لاتزاري;لازاري,سنة ميلادي 1993، وطولي المدوّن ببيانات موسم ٢٠٢١–٢٠٢٢ حوالي 174 سم.,قدمي المفضلة اليمنى، ومن مراكزي ظهير أيمن هجومي.,جنسيتي الكروية إيطاليا، وألعب بمركز ظهير أيمن هجومي.,في بيانات موسم ٢٠٢١–٢٠٢٢ كنت مع Lazio. ورقم قميصي المدوّن 29. اسمي الكروي يبدأ بالحرف L.,"FIFA 22 player dataset (2021 snapshot), SoFIFA-based"
fifa22_195365,Kevin Kampl,K. Kampl;Kevin Kampl;Kampl;كيفن كامبل;كامبل,سنة ميلادي 1990، وطولي المدوّن ببيانات موسم ٢٠٢١–٢٠٢٢ حوالي 178 سم.,قدمي المفضلة اليمنى، ومن مراكزي وسط مركزي.,جنسيتي الكروية سلوفينيا، وألعب بمركز وسط مركزي.,في بيانات موسم ٢٠٢١–٢٠٢٢ كنت مع RB Leipzig. ورقم قميصي المدوّن 44. اسمي الكروي يبدأ بالحرف K.,"FIFA 22 player dataset (2021 snapshot), SoFIFA-based"
fifa22_204638,Vilmos Orban,W. Orban;Vilmos Tamás Orban;Vilmos Orban;Orban;ويلي أوربان;ويلي اوربان;أوربان;اوربان,سنة ميلادي 1992، وطولي المدوّن ببيانات موسم ٢٠٢١–٢٠٢٢ حوالي 186 سم.,قدمي المفضلة اليمنى، ومن مراكزي قلب دفاع.,جنسيتي الكروية المجر، وألعب بمركز قلب دفاع.,في بيانات موسم ٢٠٢١–٢٠٢٢ كنت مع RB Leipzig. ورقم قميصي المدوّن 4. اسمي الكروي يبدأ بالحرف O.,"FIFA 22 player dataset (2021 snapshot), SoFIFA-based"
fifa22_199304,Danilo,Danilo;Danilo Luiz da Silva;Danilo Danilo;دانيلو;دانيلو لويز,سنة ميلادي 1991، وطولي المدوّن ببيانات موسم ٢٠٢١–٢٠٢٢ حوالي 184 سم.,قدمي المفضلة اليمنى، ومن مراكزي ظهير أيمن.,جنسيتي الكروية البرازيل، وألعب بمركز ظهير أيمن.,في بيانات موسم ٢٠٢١–٢٠٢٢ كنت مع Juventus. ورقم قميصي المدوّن 6. اسمي الكروي يبدأ بالحرف D.,"FIFA 22 player dataset (2021 snapshot), SoFIFA-based"
fifa22_193283,Thomas Delaney,T. Delaney;Thomas Joseph Delaney;Thomas Delaney;Delaney;توماس ديلاني;ديلاني,سنة ميلادي 1991، وطولي المدوّن ببيانات موسم ٢٠٢١–٢٠٢٢ حوالي 182 سم.,قدمي المفضلة اليسرى، ومن مراكزي وسط دفاعي.,جنسيتي الكروية الدنمارك، وألعب بمركز وسط دفاعي.,في بيانات موسم ٢٠٢١–٢٠٢٢ كنت مع Sevilla FC. ورقم قميصي المدوّن 18. اسمي الكروي يبدأ بالحرف D.,"FIFA 22 player dataset (2021 snapshot), SoFIFA-based"
fifa22_190674,Benjamin André,B. André;Benjamin André;André;بنجامين أندريه;بنجامين اندريه,سنة ميلادي 1990، وطولي المدوّن ببيانات موسم ٢٠٢١–٢٠٢٢ حوالي 180 سم.,قدمي المفضلة اليمنى، ومن مراكزي وسط دفاعي.,جنسيتي الكروية فرنسا، وألعب بمركز وسط دفاعي.,في بيانات موسم ٢٠٢١–٢٠٢٢ كنت مع LOSC Lille. ورقم قميصي المدوّن 21. اسمي الكروي يبدأ بالحرف A.,"FIFA 22 player dataset (2021 snapshot), SoFIFA-based"
fifa22_198164,Jonathan Viera,Jonathan Viera;Jonathan Viera Ramos;Jonathan Jonathan Viera;جوناثان فييرا,سنة ميلادي 1989، وطولي المدوّن ببيانات موسم ٢٠٢١–٢٠٢٢ حوالي 171 سم.,قدمي المفضلة اليمنى، ومن مراكزي وسط هجومي.,جنسيتي الكروية إسبانيا، وألعب بمركز وسط هجومي.,في بيانات موسم ٢٠٢١–٢٠٢٢ كنت مع Unión Deportiva Las Palmas. ورقم قميصي المدوّن 21. اسمي الكروي يبدأ بالحرف J.,"FIFA 22 player dataset (2021 snapshot), SoFIFA-based"
fifa22_205678,Edin Višća,E. Višća;Edin Višća;Višća;إدين فيشكا;ادين فيشكا;فيشكا,سنة ميلادي 1990، وطولي المدوّن ببيانات موسم ٢٠٢١–٢٠٢٢ حوالي 172 سم.,قدمي المفضلة اليمنى، ومن مراكزي وسط/جناح أيمن.,جنسيتي الكروية البوسنة والهرسك، وألعب بمركز وسط/جناح أيمن.,في بيانات موسم ٢٠٢١–٢٠٢٢ كنت مع İstanbul Başakşehir FK. ورقم قميصي المدوّن 7. اسمي الكروي يبدأ بالحرف V.,"FIFA 22 player dataset (2021 snapshot), SoFIFA-based"
fifa22_204525,Iñigo Martínez,Iñigo Martínez;Íñigo Martínez Berridi;Íñigo Iñigo Martínez;إينيغو مارتينيز;اينيغو مارتينيز;انيغو مارتينيز,سنة ميلادي 1991، وطولي المدوّن ببيانات موسم ٢٠٢١–٢٠٢٢ حوالي 182 سم.,قدمي المفضلة اليسرى، ومن مراكزي قلب دفاع.,جنسيتي الكروية إسبانيا، وألعب بمركز قلب دفاع.,في بيانات موسم ٢٠٢١–٢٠٢٢ كنت مع Athletic Club de Bilbao. ورقم قميصي المدوّن 4. اسمي الكروي يبدأ بالحرف I.,"FIFA 22 player dataset (2021 snapshot), SoFIFA-based"
fifa22_200724,Nacho Fernández,Nacho Fernández;José Ignacio Fernández Iglesias;José Nacho Fernández;ناتشو فيرنانديز;ناتشو فرنانديز;ناتشو,سنة ميلادي 1990، وطولي المدوّن ببيانات موسم ٢٠٢١–٢٠٢٢ حوالي 180 سم.,قدمي المفضلة اليمنى، ومن مراكزي قلب دفاع.,جنسيتي الكروية إسبانيا، وألعب بمركز قلب دفاع.,في بيانات موسم ٢٠٢١–٢٠٢٢ كنت مع Real Madrid CF. ورقم قميصي المدوّن 6. اسمي الكروي يبدأ بالحرف N.,"FIFA 22 player dataset (2021 snapshot), SoFIFA-based"
fifa22_183574,Max Kruse,M. Kruse;Max Bennet Kruse;Max Kruse;Kruse;ماكس كروزه;كروزه;كروزي,سنة ميلادي 1988، وطولي المدوّن ببيانات موسم ٢٠٢١–٢٠٢٢ حوالي 180 سم.,قدمي المفضلة اليسرى، ومن مراكزي مهاجم مساند.,جنسيتي الكروية ألمانيا، وألعب بمركز مهاجم مساند.,في بيانات موسم ٢٠٢١–٢٠٢٢ كنت مع 1. FC Union Berlin. ورقم قميصي المدوّن 10. اسمي الكروي يبدأ بالحرف K.,"FIFA 22 player dataset (2021 snapshot), SoFIFA-based"
fifa22_216475,Morales,Morales;José Luis Morales Nogales;José Morales;خوسيه لويس موراليس;موراليس,سنة ميلادي 1987، وطولي المدوّن ببيانات موسم ٢٠٢١–٢٠٢٢ حوالي 180 سم.,قدمي المفضلة اليمنى، ومن مراكزي رأس حربة.,جنسيتي الكروية إسبانيا، وألعب بمركز رأس حربة.,في بيانات موسم ٢٠٢١–٢٠٢٢ كنت مع Levante Unión Deportiva. ورقم قميصي المدوّن 11. اسمي الكروي يبدأ بالحرف M.,"FIFA 22 player dataset (2021 snapshot), SoFIFA-based"
fifa22_187754,Marlos,Marlos;Marlos Romero Bonfim;Marlos Marlos;مارلوس;مارلوس روميرو,سنة ميلادي 1988، وطولي المدوّن ببيانات موسم ٢٠٢١–٢٠٢٢ حوالي 174 سم.,قدمي المفضلة اليسرى، ومن مراكزي وسط هجومي.,جنسيتي الكروية أوكرانيا، وألعب بمركز وسط هجومي.,في بيانات موسم ٢٠٢١–٢٠٢٢ كنت مع Shakhtar Donetsk. ورقم قميصي المدوّن 11. اسمي الكروي يبدأ بالحرف M.,"FIFA 22 player dataset (2021 snapshot), SoFIFA-based"
fifa22_220407,Martin Dúbravka,M. Dúbravka;Martin Dúbravka;Dúbravka;مارتن دوبرافكا;دوبرافكا,سنة ميلادي 1989، وطولي المدوّن ببيانات موسم ٢٠٢١–٢٠٢٢ حوالي 190 سم.,قدمي المفضلة اليمنى، ومن مراكزي حارس مرمى.,جنسيتي الكروية سلوفاكيا، وألعب بمركز حارس مرمى.,في بيانات موسم ٢٠٢١–٢٠٢٢ كنت مع Newcastle United. ورقم قميصي المدوّن 1. اسمي الكروي يبدأ بالحرف D.,"FIFA 22 player dataset (2021 snapshot), SoFIFA-based"
fifa22_124375,Burak Yılmaz,B. Yılmaz;Burak Yılmaz;Yılmaz;بوراك يلماز;يلماز;يلماظ,سنة ميلادي 1985، وطولي المدوّن ببيانات موسم ٢٠٢١–٢٠٢٢ حوالي 188 سم.,قدمي المفضلة اليمنى، ومن مراكزي رأس حربة.,جنسيتي الكروية تركيا، وألعب بمركز رأس حربة.,في بيانات موسم ٢٠٢١–٢٠٢٢ كنت مع LOSC Lille. ورقم قميصي المدوّن 17. اسمي الكروي يبدأ بالحرف Y.,"FIFA 22 player dataset (2021 snapshot), SoFIFA-based"
fifa22_45186,Joaquín,Joaquín;Joaquín Sánchez Rodríguez;Joaquín Joaquín;خواكين;خواكين سانشيز,سنة ميلادي 1981، وطولي المدوّن ببيانات موسم ٢٠٢١–٢٠٢٢ حوالي 179 سم.,قدمي المفضلة اليمنى، ومن مراكزي وسط/جناح أيمن.,جنسيتي الكروية إسبانيا، وألعب بمركز وسط/جناح أيمن.,في بيانات موسم ٢٠٢١–٢٠٢٢ كنت مع Real Betis Balompié. ورقم قميصي المدوّن 17. اسمي الكروي يبدأ بالحرف J.,"FIFA 22 player dataset (2021 snapshot), SoFIFA-based"
fifa22_163489,Andrea Consigli,A. Consigli;Andrea Consigli;Consigli;أندريا كونسيلي;اندريا كونسيلي;كونسيلي,سنة ميلادي 1987، وطولي المدوّن ببيانات موسم ٢٠٢١–٢٠٢٢ حوالي 189 سم.,قدمي المفضلة اليمنى، ومن مراكزي حارس مرمى.,جنسيتي الكروية إيطاليا، وألعب بمركز حارس مرمى.,في بيانات موسم ٢٠٢١–٢٠٢٢ كنت مع U.S. Sassuolo Calcio. ورقم قميصي المدوّن 47. اسمي الكروي يبدأ بالحرف C.,"FIFA 22 player dataset (2021 snapshot), SoFIFA-based"
fifa22_178086,Adán,Adán;Antonio Adán Garrido;Antonio Adán;أنطونيو أدان;انتونيو ادان;أدان;ادان,سنة ميلادي 1987، وطولي المدوّن ببيانات موسم ٢٠٢١–٢٠٢٢ حوالي 190 سم.,قدمي المفضلة اليسرى، ومن مراكزي حارس مرمى.,جنسيتي الكروية إسبانيا، وألعب بمركز حارس مرمى.,في بيانات موسم ٢٠٢١–٢٠٢٢ كنت مع Sporting CP. ورقم قميصي المدوّن 1. اسمي الكروي يبدأ بالحرف A.,"FIFA 22 player dataset (2021 snapshot), SoFIFA-based"
fifa22_240950,Pedro Gonçalves,Pedro Gonçalves;Pedro António Pereira Gonçalves;Pedro Pedro Gonçalves;بيدرو غونسالفيس;بيدرو غونزالفيش;غونسالفيس;غونزالفيش,سنة ميلادي 1998، وطولي المدوّن ببيانات موسم ٢٠٢١–٢٠٢٢ حوالي 173 سم.,قدمي المفضلة اليمنى، ومن مراكزي جناح أيمن.,جنسيتي الكروية البرتغال، وألعب بمركز جناح أيمن.,في بيانات موسم ٢٠٢١–٢٠٢٢ كنت مع Sporting CP. ورقم قميصي المدوّن 28. اسمي الكروي يبدأ بالحرف P.,"FIFA 22 player dataset (2021 snapshot), SoFIFA-based"
fifa22_239231,Cucurella,Cucurella;Marc Cucurella Saseta;Marc Cucurella;مارك كوكورييا;كوكورييا;كوكوريلا;كوكوريّا,سنة ميلادي 1998، وطولي المدوّن ببيانات موسم ٢٠٢١–٢٠٢٢ حوالي 172 سم.,قدمي المفضلة اليسرى، ومن مراكزي وسط/جناح أيسر.,جنسيتي الكروية إسبانيا، وألعب بمركز وسط/جناح أيسر.,في بيانات موسم ٢٠٢١–٢٠٢٢ كنت مع Brighton & Hove Albion. ورقم قميصي المدوّن 3. اسمي الكروي يبدأ بالحرف C.,"FIFA 22 player dataset (2021 snapshot), SoFIFA-based"
fifa22_251573,Renan Lodi,Renan Lodi;Renan Augusto Lodi dos Santos;Renan Renan Lodi;رينان لودي;لودي,سنة ميلادي 1998، وطولي المدوّن ببيانات موسم ٢٠٢١–٢٠٢٢ حوالي 173 سم.,قدمي المفضلة اليسرى، ومن مراكزي ظهير أيسر.,جنسيتي الكروية البرازيل، وألعب بمركز ظهير أيسر.,في بيانات موسم ٢٠٢١–٢٠٢٢ كنت مع Atlético de Madrid. ورقم قميصي المدوّن 12. اسمي الكروي يبدأ بالحرف R.,"FIFA 22 player dataset (2021 snapshot), SoFIFA-based"
fifa22_226226,Giovani Lo Celso,G. Lo Celso;Giovani Lo Celso;Lo Celso;جيوفاني لو سيلسو;لو سيلسو;لوسيلسو,سنة ميلادي 1996، وطولي المدوّن ببيانات موسم ٢٠٢١–٢٠٢٢ حوالي 177 سم.,قدمي المفضلة اليسرى، ومن مراكزي وسط مركزي.,جنسيتي الكروية الأرجنتين، وألعب بمركز وسط مركزي.,في بيانات موسم ٢٠٢١–٢٠٢٢ كنت مع Tottenham Hotspur. ورقم قميصي المدوّن 18. اسمي الكروي يبدأ بالحرف L.,"FIFA 22 player dataset (2021 snapshot), SoFIFA-based"
fifa22_234742,Harvey Barnes,H. Barnes;Harvey Lewis Barnes;Harvey Barnes;Barnes;هارفي بارنز;بارنز;بارنس,سنة ميلادي 1997، وطولي المدوّن ببيانات موسم ٢٠٢١–٢٠٢٢ حوالي 180 سم.,قدمي المفضلة اليمنى، ومن مراكزي وسط/جناح أيسر.,جنسيتي الكروية إنكلترا، وألعب بمركز وسط/جناح أيسر.,في بيانات موسم ٢٠٢١–٢٠٢٢ كنت مع Leicester City. ورقم قميصي المدوّن 7. اسمي الكروي يبدأ بالحرف B.,"FIFA 22 player dataset (2021 snapshot), SoFIFA-based"
fifa22_245279,Reguilón,Reguilón;Sergio Reguilón Rodríguez;Sergio Reguilón;سيرخيو ريغيلون;ريغيلون;ريجيلون;ريغليون,سنة ميلادي 1996، وطولي المدوّن ببيانات موسم ٢٠٢١–٢٠٢٢ حوالي 178 سم.,قدمي المفضلة اليسرى، ومن مراكزي ظهير أيسر.,جنسيتي الكروية إسبانيا، وألعب بمركز ظهير أيسر.,في بيانات موسم ٢٠٢١–٢٠٢٢ كنت مع Tottenham Hotspur. ورقم قميصي المدوّن 3. اسمي الكروي يبدأ بالحرف R.,"FIFA 22 player dataset (2021 snapshot), SoFIFA-based"
fifa22_215330,Joaquín Correa,J. Correa;Carlos Joaquín Correa;Joaquín Correa;Correa;Carlos Correa;خواكين كوريا,سنة ميلادي 1994، وطولي المدوّن ببيانات موسم ٢٠٢١–٢٠٢٢ حوالي 189 سم.,قدمي المفضلة اليمنى، ومن مراكزي مهاجم مساند.,جنسيتي الكروية الأرجنتين، وألعب بمركز مهاجم مساند.,في بيانات موسم ٢٠٢١–٢٠٢٢ كنت مع Inter. ورقم قميصي المدوّن 19. اسمي الكروي يبدأ بالحرف C.,"FIFA 22 player dataset (2021 snapshot), SoFIFA-based"
fifa22_210411,Otávio,Otávio;Otávio Edmilson da Silva Monteiro;Otávio Otávio;أوتافيو;اوتافيو;اوتاڤيو,سنة ميلادي 1995، وطولي المدوّن ببيانات موسم ٢٠٢١–٢٠٢٢ حوالي 172 سم.,قدمي المفضلة اليمنى، ومن مراكزي وسط/جناح أيسر.,جنسيتي الكروية البرتغال، وألعب بمركز وسط/جناح أيسر.,في بيانات موسم ٢٠٢١–٢٠٢٢ كنت مع FC Porto. ورقم قميصي المدوّن 25. اسمي الكروي يبدأ بالحرف O.,"FIFA 22 player dataset (2021 snapshot), SoFIFA-based"
fifa22_208330,Adnan Januzaj,A. Januzaj;Adnan Januzaj;Januzaj;عدنان يانوزاي;يانوزاي;يانوزاج,سنة ميلادي 1995، وطولي المدوّن ببيانات موسم ٢٠٢١–٢٠٢٢ حوالي 186 سم.,قدمي المفضلة اليسرى، ومن مراكزي جناح أيمن.,جنسيتي الكروية بلجيكا، وألعب بمركز جناح أيمن.,في بيانات موسم ٢٠٢١–٢٠٢٢ كنت مع Real Sociedad. ورقم قميصي المدوّن 11. اسمي الكروي يبدأ بالحرف J.,"FIFA 22 player dataset (2021 snapshot), SoFIFA-based"
fifa22_195859,Daniel Ings,D. Ings;Daniel William John Ings;Daniel Ings;Ings;داني إنغز;داني انغز;إنغز;انغز;إينغز,سنة ميلادي 1992، وطولي المدوّن ببيانات موسم ٢٠٢١–٢٠٢٢ حوالي 178 سم.,قدمي المفضلة اليمنى، ومن مراكزي رأس حربة.,جنسيتي الكروية إنكلترا، وألعب بمركز رأس حربة.,في بيانات موسم ٢٠٢١–٢٠٢٢ كنت مع Aston Villa. ورقم قميصي المدوّن 20. اسمي الكروي يبدأ بالحرف I.,"FIFA 22 player dataset (2021 snapshot), SoFIFA-based"
fifa22_210463,Darwin Machís,D. Machís;Darwin Daniel Machís Marcano;Darwin Machís;Machís;داروين ماتشيس;ماتشيس,سنة ميلادي 1993، وطولي المدوّن ببيانات موسم ٢٠٢١–٢٠٢٢ حوالي 174 سم.,قدمي المفضلة اليمنى، ومن مراكزي وسط/جناح أيسر.,جنسيتي الكروية فنزويلا، وألعب بمركز وسط/جناح أيسر.,في بيانات موسم ٢٠٢١–٢٠٢٢ كنت مع Granada CF. ورقم قميصي المدوّن 11. اسمي الكروي يبدأ بالحرف M.,"FIFA 22 player dataset (2021 snapshot), SoFIFA-based"
fifa22_227127,Álex Remiro,Álex Remiro;Alejandro Remiro Gargallo;Alejandro Álex Remiro;أليكس ريميرو;اليكس ريميرو;ريميرو,سنة ميلادي 1995، وطولي المدوّن ببيانات موسم ٢٠٢١–٢٠٢٢ حوالي 191 سم.,قدمي المفضلة اليمنى، ومن مراكزي حارس مرمى.,جنسيتي الكروية إسبانيا، وألعب بمركز حارس مرمى.,في بيانات موسم ٢٠٢١–٢٠٢٢ كنت مع Real Sociedad. ورقم قميصي المدوّن 1. اسمي الكروي يبدأ بالحرف Á.,"FIFA 22 player dataset (2021 snapshot), SoFIFA-based"
fifa22_210385,Rui Silva,Rui Silva;Rui Tiago Dantas da Silva;Rui Rui Silva;روي سيلفا,سنة ميلادي 1994، وطولي المدوّن ببيانات موسم ٢٠٢١–٢٠٢٢ حوالي 191 سم.,قدمي المفضلة اليمنى، ومن مراكزي حارس مرمى.,جنسيتي الكروية البرتغال، وألعب بمركز حارس مرمى.,في بيانات موسم ٢٠٢١–٢٠٢٢ كنت مع Real Betis Balompié. ورقم قميصي المدوّن 13. اسمي الكروي يبدأ بالحرف R.,"FIFA 22 player dataset (2021 snapshot), SoFIFA-based"
fifa22_202695,James Tarkowski,J. Tarkowski;James Tarkowski;Tarkowski;جيمس تاركوفسكي;تاركوفسكي;تاركوڤسكي,سنة ميلادي 1992، وطولي المدوّن ببيانات موسم ٢٠٢١–٢٠٢٢ حوالي 188 سم.,قدمي المفضلة اليمنى، ومن مراكزي قلب دفاع.,جنسيتي الكروية إنكلترا، وألعب بمركز قلب دفاع.,في بيانات موسم ٢٠٢١–٢٠٢٢ كنت مع Burnley. ورقم قميصي المدوّن 5. اسمي الكروي يبدأ بالحرف T.,"FIFA 22 player dataset (2021 snapshot), SoFIFA-based"
fifa22_217940,Djené Djené,D. Djené;Djené Dakonam Ortega;Djené Djené;Djené;دجيني داكونام;دجيني,سنة ميلادي 1991، وطولي المدوّن ببيانات موسم ٢٠٢١–٢٠٢٢ حوالي 178 سم.,قدمي المفضلة اليمنى، ومن مراكزي قلب دفاع.,جنسيتي الكروية توغو، وألعب بمركز قلب دفاع.,في بيانات موسم ٢٠٢١–٢٠٢٢ كنت مع Getafe CF. ورقم قميصي المدوّن 2. اسمي الكروي يبدأ بالحرف D.,"FIFA 22 player dataset (2021 snapshot), SoFIFA-based"
fifa22_205659,Alessio Cragno,A. Cragno;Alessio Cragno;Cragno;أليسيو كراغنو;اليسيو كراغنو;كراغنو;كراجنو,سنة ميلادي 1994، وطولي المدوّن ببيانات موسم ٢٠٢١–٢٠٢٢ حوالي 184 سم.,قدمي المفضلة اليمنى، ومن مراكزي حارس مرمى.,جنسيتي الكروية إيطاليا، وألعب بمركز حارس مرمى.,في بيانات موسم ٢٠٢١–٢٠٢٢ كنت مع Cagliari. ورقم قميصي المدوّن 28. اسمي الكروي يبدأ بالحرف C.,"FIFA 22 player dataset (2021 snapshot), SoFIFA-based"
fifa22_211990,Odisseas Vlachodimos,O. Vlachodimos;Odisseas Vlachodimos;Vlachodimos;أوديسياس فلاخوديموس;فلاخوديموس,سنة ميلادي 1994، وطولي المدوّن ببيانات موسم ٢٠٢١–٢٠٢٢ حوالي 191 سم.,قدمي المفضلة اليمنى، ومن مراكزي حارس مرمى.,جنسيتي الكروية اليونان، وألعب بمركز حارس مرمى.,في بيانات موسم ٢٠٢١–٢٠٢٢ كنت مع SL Benfica. ورقم قميصي المدوّن 99. اسمي الكروي يبدأ بالحرف V.,"FIFA 22 player dataset (2021 snapshot), SoFIFA-based"
fifa22_214979,Juan Musso,J. Musso;Juan Agustín Musso;Juan Musso;Musso;خوان موسو;موسو,سنة ميلادي 1994، وطولي المدوّن ببيانات موسم ٢٠٢١–٢٠٢٢ حوالي 191 سم.,قدمي المفضلة اليمنى، ومن مراكزي حارس مرمى.,جنسيتي الكروية الأرجنتين، وألعب بمركز حارس مرمى.,في بيانات موسم ٢٠٢١–٢٠٢٢ كنت مع Atalanta. ورقم قميصي المدوّن 1. اسمي الكروي يبدأ بالحرف M.,"FIFA 22 player dataset (2021 snapshot), SoFIFA-based"
fifa22_223952,David Soria,David Soria;David Soria Solís;David David Soria;دافيد سوريا;ديفيد سوريا;سوريا,سنة ميلادي 1993، وطولي المدوّن ببيانات موسم ٢٠٢١–٢٠٢٢ حوالي 192 سم.,قدمي المفضلة اليمنى، ومن مراكزي حارس مرمى.,جنسيتي الكروية إسبانيا، وألعب بمركز حارس مرمى.,في بيانات موسم ٢٠٢١–٢٠٢٢ كنت مع Getafe CF. ورقم قميصي المدوّن 13. اسمي الكروي يبدأ بالحرف D.,"FIFA 22 player dataset (2021 snapshot), SoFIFA-based"
fifa22_193314,Aitor,Aitor;Aitor Fernández Abarisketa;Aitor Aitor;أيتور فيرنانديز;ايتور فيرنانديز;أيتور;ايتور,سنة ميلادي 1991، وطولي المدوّن ببيانات موسم ٢٠٢١–٢٠٢٢ حوالي 182 سم.,قدمي المفضلة اليمنى، ومن مراكزي حارس مرمى.,جنسيتي الكروية إسبانيا، وألعب بمركز حارس مرمى.,في بيانات موسم ٢٠٢١–٢٠٢٢ كنت مع Levante Unión Deportiva. ورقم قميصي المدوّن 1. اسمي الكروي يبدأ بالحرف A.,"FIFA 22 player dataset (2021 snapshot), SoFIFA-based"
fifa22_204120,Tomáš Vaclík,T. Vaclík;Tomáš Vaclík;Vaclík;توماس فاتسليك;فاتسليك;فاكليك,سنة ميلادي 1989، وطولي المدوّن ببيانات موسم ٢٠٢١–٢٠٢٢ حوالي 188 سم.,قدمي المفضلة اليمنى، ومن مراكزي حارس مرمى.,جنسيتي الكروية التشيك، وألعب بمركز حارس مرمى.,في بيانات موسم ٢٠٢١–٢٠٢٢ كنت مع Olympiacos CFP. ورقم قميصي المدوّن 1. اسمي الكروي يبدأ بالحرف V.,"FIFA 22 player dataset (2021 snapshot), SoFIFA-based"
fifa22_153244,André-Pierre Gignac,A. Gignac;André-Pierre Christian Gignac;André-Pierre Gignac;Gignac;أندريه بيير جينياك;اندريه بيير جينياك;جينياك;جيناك,سنة ميلادي 1985، وطولي المدوّن ببيانات موسم ٢٠٢١–٢٠٢٢ حوالي 189 سم.,قدمي المفضلة اليمنى، ومن مراكزي رأس حربة.,جنسيتي الكروية فرنسا، وألعب بمركز رأس حربة.,في بيانات موسم ٢٠٢١–٢٠٢٢ كنت مع Tigres U.A.N.L.. ورقم قميصي المدوّن 10. اسمي الكروي يبدأ بالحرف G.,"FIFA 22 player dataset (2021 snapshot), SoFIFA-based"
fifa22_201095,Agustín Marchesín,A. Marchesín;Agustín Federico Marchesín;Agustín Marchesín;Marchesín;أغوستين مارشيسين;اغوستين مارشيسين;مارشيسين,سنة ميلادي 1988، وطولي المدوّن ببيانات موسم ٢٠٢١–٢٠٢٢ حوالي 188 سم.,قدمي المفضلة اليمنى، ومن مراكزي حارس مرمى.,جنسيتي الكروية الأرجنتين، وألعب بمركز حارس مرمى.,في بيانات موسم ٢٠٢١–٢٠٢٢ كنت مع FC Porto. ورقم قميصي المدوّن 1. اسمي الكروي يبدأ بالحرف M.,"FIFA 22 player dataset (2021 snapshot), SoFIFA-based"
fifa22_176676,Marcelo,Marcelo;Marcelo Vieira da Silva Júnior;Marcelo Marcelo;مارسيلو;مارسيلو فييرا,سنة ميلادي 1988، وطولي المدوّن ببيانات موسم ٢٠٢١–٢٠٢٢ حوالي 174 سم.,قدمي المفضلة اليسرى، ومن مراكزي ظهير أيسر.,جنسيتي الكروية البرازيل، وألعب بمركز ظهير أيسر.,في بيانات موسم ٢٠٢١–٢٠٢٢ كنت مع Real Madrid CF. ورقم قميصي المدوّن 12. اسمي الكروي يبدأ بالحرف M.,"FIFA 22 player dataset (2021 snapshot), SoFIFA-based"
fifa22_230767,Renato Sanches,Renato Sanches;Renato Júnior Luz Sanches;Renato Renato Sanches;ريناتو سانشيز;ريناتو سانشيس;ريناتو,سنة ميلادي 1997، وطولي المدوّن ببيانات موسم ٢٠٢١–٢٠٢٢ حوالي 176 سم.,قدمي المفضلة اليمنى، ومن مراكزي وسط مركزي.,جنسيتي الكروية البرتغال، وألعب بمركز وسط مركزي.,في بيانات موسم ٢٠٢١–٢٠٢٢ كنت مع LOSC Lille. ورقم قميصي المدوّن 18. اسمي الكروي يبدأ بالحرف R.,"FIFA 22 player dataset (2021 snapshot), SoFIFA-based"
fifa22_211117,Dele Alli,D. Alli;Bamidele Alli;Dele Alli;Alli;ديلي آلي;ديلي الي;ديلي;ديلي ألي,سنة ميلادي 1996، وطولي المدوّن ببيانات موسم ٢٠٢١–٢٠٢٢ حوالي 188 سم.,قدمي المفضلة اليمنى، ومن مراكزي وسط هجومي.,جنسيتي الكروية إنكلترا، وألعب بمركز وسط هجومي.,في بيانات موسم ٢٠٢١–٢٠٢٢ كنت مع Tottenham Hotspur. ورقم قميصي المدوّن 20. اسمي الكروي يبدأ بالحرف A.,"FIFA 22 player dataset (2021 snapshot), SoFIFA-based"
fifa22_202166,Julian Draxler,J. Draxler;Julian Draxler;Draxler;جوليان دراكسلر;دراكسلر,سنة ميلادي 1993، وطولي المدوّن ببيانات موسم ٢٠٢١–٢٠٢٢ حوالي 187 سم.,قدمي المفضلة اليمنى، ومن مراكزي وسط هجومي.,جنسيتي الكروية ألمانيا، وألعب بمركز وسط هجومي.,في بيانات موسم ٢٠٢١–٢٠٢٢ كنت مع Paris Saint-Germain. ورقم قميصي المدوّن 23. اسمي الكروي يبدأ بالحرف D.,"FIFA 22 player dataset (2021 snapshot), SoFIFA-based"
fifa22_205693,Sébastien Haller,S. Haller;Sébastien Haller;Haller;سيباستيان هالر;هالر;هالير,سنة ميلادي 1994، وطولي المدوّن ببيانات موسم ٢٠٢١–٢٠٢٢ حوالي 190 سم.,قدمي المفضلة اليمنى، ومن مراكزي رأس حربة.,جنسيتي الكروية ساحل العاج، وألعب بمركز رأس حربة.,في بيانات موسم ٢٠٢١–٢٠٢٢ كنت مع Ajax. ورقم قميصي المدوّن 22. اسمي الكروي يبدأ بالحرف H.,"FIFA 22 player dataset (2021 snapshot), SoFIFA-based"
fifa22_219683,Corentin Tolisso,C. Tolisso;Corentin Tolisso;Tolisso;كورنتان توليسو;كورينتين توليسو;توليسو,سنة ميلادي 1994، وطولي المدوّن ببيانات موسم ٢٠٢١–٢٠٢٢ حوالي 181 سم.,قدمي المفضلة اليمنى، ومن مراكزي وسط مركزي.,جنسيتي الكروية فرنسا، وألعب بمركز وسط مركزي.,في بيانات موسم ٢٠٢١–٢٠٢٢ كنت مع FC Bayern München. ورقم قميصي المدوّن 24. اسمي الكروي يبدأ بالحرف T.,"FIFA 22 player dataset (2021 snapshot), SoFIFA-based"
fifa22_220182,Jason Denayer,J. Denayer;Jason Denayer;Denayer;جيسون ديناير;ديناير;دناير,سنة ميلادي 1995، وطولي المدوّن ببيانات موسم ٢٠٢١–٢٠٢٢ حوالي 184 سم.,قدمي المفضلة اليمنى، ومن مراكزي قلب دفاع.,جنسيتي الكروية بلجيكا، وألعب بمركز قلب دفاع.,في بيانات موسم ٢٠٢١–٢٠٢٢ كنت مع Olympique Lyonnais. ورقم قميصي المدوّن 5. اسمي الكروي يبدأ بالحرف D.,"FIFA 22 player dataset (2021 snapshot), SoFIFA-based"
fifa22_212814,João Mário,João Mário;João Mário Naval da Costa Eduardo;João João Mário;جواو ماريو,سنة ميلادي 1993، وطولي المدوّن ببيانات موسم ٢٠٢١–٢٠٢٢ حوالي 179 سم.,قدمي المفضلة اليمنى، ومن مراكزي وسط مركزي.,جنسيتي الكروية البرتغال، وألعب بمركز وسط مركزي.,في بيانات موسم ٢٠٢١–٢٠٢٢ كنت مع SL Benfica. ورقم قميصي المدوّن 20. اسمي الكروي يبدأ بالحرف J.,"FIFA 22 player dataset (2021 snapshot), SoFIFA-based"
fifa22_208808,Quincy Promes,Q. Promes;Quincy Anton Promes;Quincy Promes;Promes;كوينسي بروميس;بروميس;برومس,سنة ميلادي 1992، وطولي المدوّن ببيانات موسم ٢٠٢١–٢٠٢٢ حوالي 174 سم.,قدمي المفضلة اليمنى، ومن مراكزي وسط هجومي.,جنسيتي الكروية هولندا، وألعب بمركز وسط هجومي.,في بيانات موسم ٢٠٢١–٢٠٢٢ كنت مع Spartak Moskva. ورقم قميصي المدوّن 24. اسمي الكروي يبدأ بالحرف P.,"FIFA 22 player dataset (2021 snapshot), SoFIFA-based"
fifa22_186561,Aaron Ramsey,A. Ramsey;Aaron Ramsey;Ramsey;آرون رامزي;ارون رامزي;رامزي;رامسي,سنة ميلادي 1990، وطولي المدوّن ببيانات موسم ٢٠٢١–٢٠٢٢ حوالي 183 سم.,قدمي المفضلة اليمنى، ومن مراكزي وسط مركزي.,جنسيتي الكروية ويلز، وألعب بمركز وسط مركزي.,في بيانات موسم ٢٠٢١–٢٠٢٢ كنت مع Juventus. ورقم قميصي المدوّن 8. اسمي الكروي يبدأ بالحرف R.,"FIFA 22 player dataset (2021 snapshot), SoFIFA-based"
fifa22_205600,Samuel Umtiti,S. Umtiti;Samuel Yves Umtiti;Samuel Umtiti;Umtiti;صامويل أومتيتي;صامويل اومتيتي;أومتيتي;اومتيتي,سنة ميلادي 1993، وطولي المدوّن ببيانات موسم ٢٠٢١–٢٠٢٢ حوالي 182 سم.,قدمي المفضلة اليسرى، ومن مراكزي قلب دفاع.,جنسيتي الكروية فرنسا، وألعب بمركز قلب دفاع.,في بيانات موسم ٢٠٢١–٢٠٢٢ كنت مع FC Barcelona. ورقم قميصي المدوّن 23. اسمي الكروي يبدأ بالحرف U.,"FIFA 22 player dataset (2021 snapshot), SoFIFA-based"
fifa22_198141,Bartra,Bartra;Marc Bartra Aregall;Marc Bartra;مارك بارترا;بارترا,سنة ميلادي 1991، وطولي المدوّن ببيانات موسم ٢٠٢١–٢٠٢٢ حوالي 184 سم.,قدمي المفضلة اليمنى، ومن مراكزي قلب دفاع.,جنسيتي الكروية إسبانيا، وألعب بمركز قلب دفاع.,في بيانات موسم ٢٠٢١–٢٠٢٢ كنت مع Real Betis Balompié. ورقم قميصي المدوّن 5. اسمي الكروي يبدأ بالحرف B.,"FIFA 22 player dataset (2021 snapshot), SoFIFA-based"
fifa22_197225,Nicolás Lodeiro,N. Lodeiro;Marcelo Nicolás Lodeiro Benítez;Nicolás Lodeiro;Lodeiro;Marcelo Lodeiro;نيكولاس لوديرو;لوديرو,سنة ميلادي 1989، وطولي المدوّن ببيانات موسم ٢٠٢١–٢٠٢٢ حوالي 170 سم.,قدمي المفضلة اليسرى، ومن مراكزي وسط هجومي.,جنسيتي الكروية الأوروغواي، وألعب بمركز وسط هجومي.,في بيانات موسم ٢٠٢١–٢٠٢٢ كنت مع Seattle Sounders FC. ورقم قميصي المدوّن 10. اسمي الكروي يبدأ بالحرف L.,"FIFA 22 player dataset (2021 snapshot), SoFIFA-based"
fifa22_215316,Gerónimo Rulli,G. Rulli;Gerónimo Rulli;Rulli;جيرونيمو رولي;رولي,سنة ميلادي 1992، وطولي المدوّن ببيانات موسم ٢٠٢١–٢٠٢٢ حوالي 189 سم.,قدمي المفضلة اليمنى، ومن مراكزي حارس مرمى.,جنسيتي الكروية الأرجنتين، وألعب بمركز حارس مرمى.,في بيانات موسم ٢٠٢١–٢٠٢٢ كنت مع Villarreal CF. ورقم قميصي المدوّن 13. اسمي الكروي يبدأ بالحرف R.,"FIFA 22 player dataset (2021 snapshot), SoFIFA-based"
fifa22_189117,Roman Bürki,R. Bürki;Roman Bürki;Bürki;رومان بوركي;بوركي,سنة ميلادي 1990، وطولي المدوّن ببيانات موسم ٢٠٢١–٢٠٢٢ حوالي 187 سم.,قدمي المفضلة اليمنى، ومن مراكزي حارس مرمى.,جنسيتي الكروية سويسرا، وألعب بمركز حارس مرمى.,في بيانات موسم ٢٠٢١–٢٠٢٢ كنت مع Borussia Dortmund. ورقم قميصي المدوّن 38. اسمي الكروي يبدأ بالحرف B.,"FIFA 22 player dataset (2021 snapshot), SoFIFA-based"
fifa22_199042,Charles Aránguiz,C. Aránguiz;Charles Mariano Aránguiz Sandoval;Charles Aránguiz;Aránguiz;تشارلز أرانغيز;تشارلز ارانغيز;أرانغيز;ارانغيز,سنة ميلادي 1989، وطولي المدوّن ببيانات موسم ٢٠٢١–٢٠٢٢ حوالي 171 سم.,قدمي المفضلة اليمنى، ومن مراكزي وسط دفاعي.,جنسيتي الكروية تشيلي، وألعب بمركز وسط دفاعي.,في بيانات موسم ٢٠٢١–٢٠٢٢ كنت مع Bayer 04 Leverkusen. ورقم قميصي المدوّن 20. اسمي الكروي يبدأ بالحرف A.,"FIFA 22 player dataset (2021 snapshot), SoFIFA-based"
fifa22_171877,Marek Hamšík,M. Hamšík;Marek Hamšík;Hamšík;ماريك هامشيك;هامشيك;هامشكي,سنة ميلادي 1987، وطولي المدوّن ببيانات موسم ٢٠٢١–٢٠٢٢ حوالي 183 سم.,قدمي المفضلة اليمنى، ومن مراكزي وسط مركزي.,جنسيتي الكروية سلوفاكيا، وألعب بمركز وسط مركزي.,في بيانات موسم ٢٠٢١–٢٠٢٢ كنت مع Trabzonspor. ورقم قميصي المدوّن 17. اسمي الكروي يبدأ بالحرف H.,"FIFA 22 player dataset (2021 snapshot), SoFIFA-based"
fifa22_178518,Radja Nainggolan,R. Nainggolan;Radja Nainggolan;Nainggolan;رادجا ناينغولان;ناينغولان;ناينجولان,سنة ميلادي 1988، وطولي المدوّن ببيانات موسم ٢٠٢١–٢٠٢٢ حوالي 176 سم.,قدمي المفضلة اليمنى، ومن مراكزي وسط هجومي.,جنسيتي الكروية بلجيكا، وألعب بمركز وسط هجومي.,في بيانات موسم ٢٠٢١–٢٠٢٢ كنت مع Royal Antwerp FC. ورقم قميصي المدوّن 44. اسمي الكروي يبدأ بالحرف N.,"FIFA 22 player dataset (2021 snapshot), SoFIFA-based"
fifa22_177388,Dimitri Payet,D. Payet;Dimitri Payet;Payet;ديميتري باييت;باييت;بايت,سنة ميلادي 1987، وطولي المدوّن ببيانات موسم ٢٠٢١–٢٠٢٢ حوالي 175 سم.,قدمي المفضلة اليمنى، ومن مراكزي جناح أيسر.,جنسيتي الكروية فرنسا، وألعب بمركز جناح أيسر.,في بيانات موسم ٢٠٢١–٢٠٢٢ كنت مع Olympique de Marseille. ورقم قميصي المدوّن 10. اسمي الكروي يبدأ بالحرف P.,"FIFA 22 player dataset (2021 snapshot), SoFIFA-based"
fifa22_185020,José Callejón,José Callejón;José María Callejón Bueno;José José Callejón;خوسيه كاييخون;كاييخون;كاليخون,سنة ميلادي 1987، وطولي المدوّن ببيانات موسم ٢٠٢١–٢٠٢٢ حوالي 178 سم.,قدمي المفضلة اليمنى، ومن مراكزي وسط/جناح أيمن.,جنسيتي الكروية إسبانيا، وألعب بمركز وسط/جناح أيمن.,في بيانات موسم ٢٠٢١–٢٠٢٢ كنت مع Fiorentina. ورقم قميصي المدوّن 7. اسمي الكروي يبدأ بالحرف J.,"FIFA 22 player dataset (2021 snapshot), SoFIFA-based"
fifa22_162347,João Moutinho,João Moutinho;João Filipe Iria Santos Moutinho;João João Moutinho;جواو موتينيو;موتينيو;موتينو,سنة ميلادي 1986، وطولي المدوّن ببيانات موسم ٢٠٢١–٢٠٢٢ حوالي 170 سم.,قدمي المفضلة اليمنى، ومن مراكزي وسط مركزي.,جنسيتي الكروية البرتغال، وألعب بمركز وسط مركزي.,في بيانات موسم ٢٠٢١–٢٠٢٢ كنت مع Wolverhampton Wanderers. ورقم قميصي المدوّن 28. اسمي الكروي يبدأ بالحرف J.,"FIFA 22 player dataset (2021 snapshot), SoFIFA-based"
fifa22_173426,Simon Mignolet,S. Mignolet;Simon Luc Hildebert Mignolet;Simon Mignolet;Mignolet;سيمون مينيوليه;مينيوليه;مينيوليت,سنة ميلادي 1988، وطولي المدوّن ببيانات موسم ٢٠٢١–٢٠٢٢ حوالي 193 سم.,قدمي المفضلة اليمنى، ومن مراكزي حارس مرمى.,جنسيتي الكروية بلجيكا، وألعب بمركز حارس مرمى.,في بيانات موسم ٢٠٢١–٢٠٢٢ كنت مع Club Brugge KV. ورقم قميصي المدوّن 22. اسمي الكروي يبدأ بالحرف M.,"FIFA 22 player dataset (2021 snapshot), SoFIFA-based"
fifa22_177509,Medhi Benatia,M. Benatia;Medhi Amine El Mouttaqi Benatia;Medhi Benatia;Benatia;مهدي بنعطية;بنعطية;بن عطية,سنة ميلادي 1987، وطولي المدوّن ببيانات موسم ٢٠٢١–٢٠٢٢ حوالي 189 سم.,قدمي المفضلة اليمنى، ومن مراكزي قلب دفاع.,جنسيتي الكروية المغرب، وألعب بمركز قلب دفاع.,في بيانات موسم ٢٠٢١–٢٠٢٢ كنت مع Fatih Karagümrük S.K.. ورقم قميصي المدوّن 5. اسمي الكروي يبدأ بالحرف B.,"FIFA 22 player dataset (2021 snapshot), SoFIFA-based"
fifa22_182493,Diego Godín,D. Godín;Diego Roberto Godín Leal;Diego Godín;Godín;دييغو غودين;دييجو جودين;غودين;جودين,سنة ميلادي 1986، وطولي المدوّن ببيانات موسم ٢٠٢١–٢٠٢٢ حوالي 187 سم.,قدمي المفضلة اليمنى، ومن مراكزي قلب دفاع.,جنسيتي الكروية الأوروغواي، وألعب بمركز قلب دفاع.,في بيانات موسم ٢٠٢١–٢٠٢٢ كنت مع Cagliari. ورقم قميصي المدوّن 2. اسمي الكروي يبدأ بالحرف G.,"FIFA 22 player dataset (2021 snapshot), SoFIFA-based"
fifa22_148119,Igor Akinfeev,I. Akinfeev;Igor Akinfeev;Akinfeev;إيغور أكينفيف;ايغور اكينفيف;أكينفيف;اكينفيف,سنة ميلادي 1986، وطولي المدوّن ببيانات موسم ٢٠٢١–٢٠٢٢ حوالي 186 سم.,قدمي المفضلة اليمنى، ومن مراكزي حارس مرمى.,جنسيتي الكروية روسيا، وألعب بمركز حارس مرمى.,في بيانات موسم ٢٠٢١–٢٠٢٢ كنت مع PFC CSKA Moscow. ورقم قميصي المدوّن 35. اسمي الكروي يبدأ بالحرف A.,"FIFA 22 player dataset (2021 snapshot), SoFIFA-based"
fifa22_182494,Fernando Muslera,F. Muslera;Néstor Fernando Muslera Micol;Fernando Muslera;Muslera;Néstor Muslera;فرناندو موسليرا;موسليرا,سنة ميلادي 1986، وطولي المدوّن ببيانات موسم ٢٠٢١–٢٠٢٢ حوالي 190 سم.,قدمي المفضلة اليمنى، ومن مراكزي حارس مرمى.,جنسيتي الكروية الأوروغواي، وألعب بمركز حارس مرمى.,في بيانات موسم ٢٠٢١–٢٠٢٢ كنت مع Galatasaray SK. ورقم قميصي المدوّن 1. اسمي الكروي يبدأ بالحرف M.,"FIFA 22 player dataset (2021 snapshot), SoFIFA-based"
fifa22_233306,Dean Henderson,D. Henderson;Dean Henderson;Henderson;دين هندرسون,سنة ميلادي 1997، وطولي المدوّن ببيانات موسم ٢٠٢١–٢٠٢٢ حوالي 188 سم.,قدمي المفضلة اليمنى، ومن مراكزي حارس مرمى.,جنسيتي الكروية إنكلترا، وألعب بمركز حارس مرمى.,في بيانات موسم ٢٠٢١–٢٠٢٢ كنت مع Manchester United. ورقم قميصي المدوّن 26. اسمي الكروي يبدأ بالحرف H.,"FIFA 22 player dataset (2021 snapshot), SoFIFA-based"
fifa22_241095,Nikola Vlašić,N. Vlašić;Nikola Vlašić;Vlašić;نيكولا فلاسيتش;فلاسيتش;ڤلاسيتش,سنة ميلادي 1997، وطولي المدوّن ببيانات موسم ٢٠٢١–٢٠٢٢ حوالي 178 سم.,قدمي المفضلة اليمنى، ومن مراكزي وسط هجومي.,جنسيتي الكروية كرواتيا، وألعب بمركز وسط هجومي.,في بيانات موسم ٢٠٢١–٢٠٢٢ كنت مع West Ham United. ورقم قميصي المدوّن 11. اسمي الكروي يبدأ بالحرف V.,"FIFA 22 player dataset (2021 snapshot), SoFIFA-based"
fifa22_244369,Viktor Tsygankov,V. Tsygankov;Viktor Tsygankov;Tsygankov;فيكتور تسيغانكوف;تسيغانكوف;تسيجانكوف,سنة ميلادي 1997، وطولي المدوّن ببيانات موسم ٢٠٢١–٢٠٢٢ حوالي 178 سم.,قدمي المفضلة اليسرى، ومن مراكزي وسط/جناح أيمن.,جنسيتي الكروية أوكرانيا، وألعب بمركز وسط/جناح أيمن.,في بيانات موسم ٢٠٢١–٢٠٢٢ كنت مع Dynamo Kyiv. ورقم قميصي المدوّن 15. اسمي الكروي يبدأ بالحرف T.,"FIFA 22 player dataset (2021 snapshot), SoFIFA-based"
fifa22_231447,Donyell Malen,D. Malen;Donyell Malen;Malen;دونييل مالين;مالين,سنة ميلادي 1999، وطولي المدوّن ببيانات موسم ٢٠٢١–٢٠٢٢ حوالي 179 سم.,قدمي المفضلة اليمنى، ومن مراكزي رأس حربة.,جنسيتي الكروية هولندا، وألعب بمركز رأس حربة.,في بيانات موسم ٢٠٢١–٢٠٢٢ كنت مع Borussia Dortmund. ورقم قميصي المدوّن 21. اسمي الكروي يبدأ بالحرف M.,"FIFA 22 player dataset (2021 snapshot), SoFIFA-based"
fifa22_240709,Ridle Baku,R. Baku;Ridle Bote Baku;Ridle Baku;Baku;ريدل باكو;باكو,سنة ميلادي 1998، وطولي المدوّن ببيانات موسم ٢٠٢١–٢٠٢٢ حوالي 176 سم.,قدمي المفضلة اليمنى، ومن مراكزي وسط/جناح أيمن.,جنسيتي الكروية ألمانيا، وألعب بمركز وسط/جناح أيمن.,في بيانات موسم ٢٠٢١–٢٠٢٢ كنت مع VfL Wolfsburg. ورقم قميصي المدوّن 20. اسمي الكروي يبدأ بالحرف B.,"FIFA 22 player dataset (2021 snapshot), SoFIFA-based"
fifa22_226491,Kieran Tierney,K. Tierney;Kieran Tierney;Tierney;كيران تيرني;تيرني,سنة ميلادي 1997، وطولي المدوّن ببيانات موسم ٢٠٢١–٢٠٢٢ حوالي 178 سم.,قدمي المفضلة اليسرى، ومن مراكزي ظهير أيسر.,جنسيتي الكروية اسكتلندا، وألعب بمركز ظهير أيسر.,في بيانات موسم ٢٠٢١–٢٠٢٢ كنت مع Arsenal. ورقم قميصي المدوّن 3. اسمي الكروي يبدأ بالحرف T.,"FIFA 22 player dataset (2021 snapshot), SoFIFA-based"
fifa22_236987,Boubacar Kamara,B. Kamara;Boubacar Bernard Kamara;Boubacar Kamara;Kamara;بوبكر كامارا,سنة ميلادي 1999، وطولي المدوّن ببيانات موسم ٢٠٢١–٢٠٢٢ حوالي 184 سم.,قدمي المفضلة اليمنى، ومن مراكزي وسط دفاعي.,جنسيتي الكروية فرنسا، وألعب بمركز وسط دفاعي.,في بيانات موسم ٢٠٢١–٢٠٢٢ كنت مع Olympique de Marseille. ورقم قميصي المدوّن 4. اسمي الكروي يبدأ بالحرف K.,"FIFA 22 player dataset (2021 snapshot), SoFIFA-based"
fifa22_229261,Denis Zakaria,D. Zakaria;Denis Lemi Zakaria Lako Lado;Denis Zakaria;Zakaria;دينيس زكريا;زكريا,سنة ميلادي 1996، وطولي المدوّن ببيانات موسم ٢٠٢١–٢٠٢٢ حوالي 191 سم.,قدمي المفضلة اليمنى، ومن مراكزي وسط دفاعي.,جنسيتي الكروية سويسرا، وألعب بمركز وسط دفاعي.,في بيانات موسم ٢٠٢١–٢٠٢٢ كنت مع Borussia Mönchengladbach. ورقم قميصي المدوّن 8. اسمي الكروي يبدأ بالحرف Z.,"FIFA 22 player dataset (2021 snapshot), SoFIFA-based"
fifa22_225953,Steven Bergwijn,S. Bergwijn;Steven Charles Bergwijn;Steven Bergwijn;Bergwijn;ستيفن بيرغوين;بيرغوين;بيرجوين,سنة ميلادي 1997، وطولي المدوّن ببيانات موسم ٢٠٢١–٢٠٢٢ حوالي 178 سم.,قدمي المفضلة اليمنى، ومن مراكزي وسط/جناح أيسر.,جنسيتي الكروية هولندا، وألعب بمركز وسط/جناح أيسر.,في بيانات موسم ٢٠٢١–٢٠٢٢ كنت مع Tottenham Hotspur. ورقم قميصي المدوّن 23. اسمي الكروي يبدأ بالحرف B.,"FIFA 22 player dataset (2021 snapshot), SoFIFA-based"
fifa22_226754,Ismaël Bennacer,I. Bennacer;Ismaël Bennacer;Bennacer;إسماعيل بن ناصر;اسماعيل بن ناصر;بن ناصر;بناصر,سنة ميلادي 1997، وطولي المدوّن ببيانات موسم ٢٠٢١–٢٠٢٢ حوالي 175 سم.,قدمي المفضلة اليسرى، ومن مراكزي وسط مركزي.,جنسيتي الكروية الجزائر، وألعب بمركز وسط مركزي.,في بيانات موسم ٢٠٢١–٢٠٢٢ كنت مع AC Milan. ورقم قميصي المدوّن 4. اسمي الكروي يبدأ بالحرف B.,"FIFA 22 player dataset (2021 snapshot), SoFIFA-based"
fifa22_229927,Gerson,Gerson;Gerson Santos da Silva;Gerson Gerson;جيرسون;غيرسون,سنة ميلادي 1997، وطولي المدوّن ببيانات موسم ٢٠٢١–٢٠٢٢ حوالي 184 سم.,قدمي المفضلة اليسرى، ومن مراكزي وسط مركزي.,جنسيتي الكروية البرازيل، وألعب بمركز وسط مركزي.,في بيانات موسم ٢٠٢١–٢٠٢٢ كنت مع Olympique de Marseille. ورقم قميصي المدوّن 8. اسمي الكروي يبدأ بالحرف G.,"FIFA 22 player dataset (2021 snapshot), SoFIFA-based"
fifa22_227813,Oleksandr Zinchenko,O. Zinchenko;Oleksandr Zinchenko;Zinchenko;أوليكسندر زينتشينكو;اولكسندر زينتشينكو;زينتشينكو;زنتشينكو,سنة ميلادي 1996، وطولي المدوّن ببيانات موسم ٢٠٢١–٢٠٢٢ حوالي 175 سم.,قدمي المفضلة اليسرى، ومن مراكزي ظهير أيسر.,جنسيتي الكروية أوكرانيا، وألعب بمركز ظهير أيسر.,في بيانات موسم ٢٠٢١–٢٠٢٢ كنت مع Manchester City. ورقم قميصي المدوّن 11. اسمي الكروي يبدأ بالحرف Z.,"FIFA 22 player dataset (2021 snapshot), SoFIFA-based"
fifa22_213661,Andreas Christensen,A. Christensen;Andreas Bødtker Christensen;Andreas Christensen;Christensen;أندرياس كريستنسن;اندرياس كريستنسن;كريستنسن;كريستينسن,سنة ميلادي 1996، وطولي المدوّن ببيانات موسم ٢٠٢١–٢٠٢٢ حوالي 187 سم.,قدمي المفضلة اليمنى، ومن مراكزي قلب دفاع.,جنسيتي الكروية الدنمارك، وألعب بمركز قلب دفاع.,في بيانات موسم ٢٠٢١–٢٠٢٢ كنت مع Chelsea. ورقم قميصي المدوّن 4. اسمي الكروي يبدأ بالحرف C.,"FIFA 22 player dataset (2021 snapshot), SoFIFA-based"
fifa22_225085,Jonathan Bamba,J. Bamba;Jonathan Bamba;Bamba;جوناثان بامبا;بامبا,سنة ميلادي 1996، وطولي المدوّن ببيانات موسم ٢٠٢١–٢٠٢٢ حوالي 175 سم.,قدمي المفضلة اليمنى، ومن مراكزي وسط/جناح أيسر.,جنسيتي الكروية فرنسا، وألعب بمركز وسط/جناح أيسر.,في بيانات موسم ٢٠٢١–٢٠٢٢ كنت مع LOSC Lille. ورقم قميصي المدوّن 7. اسمي الكروي يبدأ بالحرف B.,"FIFA 22 player dataset (2021 snapshot), SoFIFA-based"
fifa22_220971,Naby Keïta,N. Keïta;Naby Keïta;Keïta;نابي كيتا;كيتا,سنة ميلادي 1995، وطولي المدوّن ببيانات موسم ٢٠٢١–٢٠٢٢ حوالي 172 سم.,قدمي المفضلة اليمنى، ومن مراكزي وسط مركزي.,جنسيتي الكروية غينيا، وألعب بمركز وسط مركزي.,في بيانات موسم ٢٠٢١–٢٠٢٢ كنت مع Liverpool. ورقم قميصي المدوّن 8. اسمي الكروي يبدأ بالحرف K.,"FIFA 22 player dataset (2021 snapshot), SoFIFA-based"
fifa22_233195,Xaver Schlager,X. Schlager;Xaver Schlager;Schlager;كزافر شلاغر;شلاغر;شلاجر,سنة ميلادي 1997، وطولي المدوّن ببيانات موسم ٢٠٢١–٢٠٢٢ حوالي 174 سم.,قدمي المفضلة اليسرى، ومن مراكزي وسط دفاعي.,جنسيتي الكروية النمسا، وألعب بمركز وسط دفاعي.,في بيانات موسم ٢٠٢١–٢٠٢٢ كنت مع VfL Wolfsburg. ورقم قميصي المدوّن 24. اسمي الكروي يبدأ بالحرف S.,"FIFA 22 player dataset (2021 snapshot), SoFIFA-based"
fifa22_237238,Scott McTominay,S. McTominay;Scott McTominay;McTominay;سكوت مكتوميناي;مكتوميناي;ماكتومناي,سنة ميلادي 1996، وطولي المدوّن ببيانات موسم ٢٠٢١–٢٠٢٢ حوالي 193 سم.,قدمي المفضلة اليمنى، ومن مراكزي وسط دفاعي.,جنسيتي الكروية اسكتلندا، وألعب بمركز وسط دفاعي.,في بيانات موسم ٢٠٢١–٢٠٢٢ كنت مع Manchester United. ورقم قميصي المدوّن 39. اسمي الكروي يبدأ بالحرف M.,"FIFA 22 player dataset (2021 snapshot), SoFIFA-based"
fifa22_222331,Lukas Klostermann,L. Klostermann;Lukas Manuel Klostermann;Lukas Klostermann;Klostermann;لوكاس كلوسترمان;كلوسترمان,سنة ميلادي 1996، وطولي المدوّن ببيانات موسم ٢٠٢١–٢٠٢٢ حوالي 187 سم.,قدمي المفضلة اليمنى، ومن مراكزي قلب دفاع.,جنسيتي الكروية ألمانيا، وألعب بمركز قلب دفاع.,في بيانات موسم ٢٠٢١–٢٠٢٢ كنت مع RB Leipzig. ورقم قميصي المدوّن 16. اسمي الكروي يبدأ بالحرف K.,"FIFA 22 player dataset (2021 snapshot), SoFIFA-based"
fifa22_223959,Lucas Torreira,L. Torreira;Lucas Torreira Di Pascua;Lucas Torreira;Torreira;لوكاس توريرا;توريرا,سنة ميلادي 1996، وطولي المدوّن ببيانات موسم ٢٠٢١–٢٠٢٢ حوالي 166 سم.,قدمي المفضلة اليمنى، ومن مراكزي وسط دفاعي.,جنسيتي الكروية الأوروغواي، وألعب بمركز وسط دفاعي.,في بيانات موسم ٢٠٢١–٢٠٢٢ كنت مع Fiorentina. ورقم قميصي المدوّن 18. اسمي الكروي يبدأ بالحرف T.,"FIFA 22 player dataset (2021 snapshot), SoFIFA-based"
fifa22_229582,Gianluca Mancini,G. Mancini;Gianluca Mancini;Mancini;جانلوكا مانشيني;مانشيني,سنة ميلادي 1996، وطولي المدوّن ببيانات موسم ٢٠٢١–٢٠٢٢ حوالي 190 سم.,قدمي المفضلة اليمنى، ومن مراكزي قلب دفاع.,جنسيتي الكروية إيطاليا، وألعب بمركز قلب دفاع.,في بيانات موسم ٢٠٢١–٢٠٢٢ كنت مع Roma. ورقم قميصي المدوّن 23. اسمي الكروي يبدأ بالحرف M.,"FIFA 22 player dataset (2021 snapshot), SoFIFA-based"
fifa22_229237,Manuel Akanji,M. Akanji;Manuel Obafemi Akanji;Manuel Akanji;Akanji;مانويل أكانجي;مانويل اكانجي;أكانجي;اكانجي,سنة ميلادي 1995، وطولي المدوّن ببيانات موسم ٢٠٢١–٢٠٢٢ حوالي 187 سم.,قدمي المفضلة اليمنى، ومن مراكزي قلب دفاع.,جنسيتي الكروية سويسرا، وألعب بمركز قلب دفاع.,في بيانات موسم ٢٠٢١–٢٠٢٢ كنت مع Borussia Dortmund. ورقم قميصي المدوّن 16. اسمي الكروي يبدأ بالحرف A.,"FIFA 22 player dataset (2021 snapshot), SoFIFA-based"
fifa22_209519,Gaëtan Laborde,G. Laborde;Gaëtan Laborde;Laborde;غايتان لابورد;لابورد,سنة ميلادي 1994، وطولي المدوّن ببيانات موسم ٢٠٢١–٢٠٢٢ حوالي 181 سم.,قدمي المفضلة اليسرى، ومن مراكزي رأس حربة.,جنسيتي الكروية فرنسا، وألعب بمركز رأس حربة.,في بيانات موسم ٢٠٢١–٢٠٢٢ كنت مع Stade Rennais FC. ورقم قميصي المدوّن 24. اسمي الكروي يبدأ بالحرف L.,"FIFA 22 player dataset (2021 snapshot), SoFIFA-based"
fifa22_221660,Victor Lindelöf,V. Lindelöf;Victor Jörgen Nilsson Lindelöf;Victor Lindelöf;Lindelöf;فيكتور ليندلوف;ليندلوف;لينديلوف,سنة ميلادي 1994، وطولي المدوّن ببيانات موسم ٢٠٢١–٢٠٢٢ حوالي 187 سم.,قدمي المفضلة اليمنى، ومن مراكزي قلب دفاع.,جنسيتي الكروية السويد، وألعب بمركز قلب دفاع.,في بيانات موسم ٢٠٢١–٢٠٢٢ كنت مع Manchester United. ورقم قميصي المدوّن 2. اسمي الكروي يبدأ بالحرف L.,"FIFA 22 player dataset (2021 snapshot), SoFIFA-based"
fifa22_210455,Jonny,Jonny;Jonathan Castro Otto;Jonathan Jonny;جوني;جوني كاسترو,سنة ميلادي 1994، وطولي المدوّن ببيانات موسم ٢٠٢١–٢٠٢٢ حوالي 170 سم.,قدمي المفضلة اليمنى، ومن مراكزي ظهير أيسر هجومي.,جنسيتي الكروية إسبانيا، وألعب بمركز ظهير أيسر هجومي.,في بيانات موسم ٢٠٢١–٢٠٢٢ كنت مع Wolverhampton Wanderers. ورقم قميصي المدوّن 19. اسمي الكروي يبدأ بالحرف J.,"FIFA 22 player dataset (2021 snapshot), SoFIFA-based"
fifa22_212187,Philipp Max,P. Max;Philipp Martin Max;Philipp Max;فيليب ماكس,سنة ميلادي 1993، وطولي المدوّن ببيانات موسم ٢٠٢١–٢٠٢٢ حوالي 177 سم.,قدمي المفضلة اليسرى، ومن مراكزي ظهير أيسر.,جنسيتي الكروية ألمانيا، وألعب بمركز ظهير أيسر.,في بيانات موسم ٢٠٢١–٢٠٢٢ كنت مع PSV. ورقم قميصي المدوّن 31. اسمي الكروي يبدأ بالحرف M.,"FIFA 22 player dataset (2021 snapshot), SoFIFA-based"
fifa22_227928,Nélson Semedo,Nélson Semedo;Nélson Cabral Semedo;Nélson Nélson Semedo;نيلسون سيميدو;سيميدو,سنة ميلادي 1993، وطولي المدوّن ببيانات موسم ٢٠٢١–٢٠٢٢ حوالي 177 سم.,قدمي المفضلة اليمنى، ومن مراكزي ظهير أيمن هجومي.,جنسيتي الكروية البرتغال، وألعب بمركز ظهير أيمن هجومي.,في بيانات موسم ٢٠٢١–٢٠٢٢ كنت مع Wolverhampton Wanderers. ورقم قميصي المدوّن 22. اسمي الكروي يبدأ بالحرف N.,"FIFA 22 player dataset (2021 snapshot), SoFIFA-based"
fifa22_207877,Josef Martínez,J. Martínez;Josef Alexander Martínez Mencia;Josef Martínez;Martínez;جوزيف مارتينيز,سنة ميلادي 1993، وطولي المدوّن ببيانات موسم ٢٠٢١–٢٠٢٢ حوالي 170 سم.,قدمي المفضلة اليمنى، ومن مراكزي رأس حربة.,جنسيتي الكروية فنزويلا، وألعب بمركز رأس حربة.,في بيانات موسم ٢٠٢١–٢٠٢٢ كنت مع Atlanta United. ورقم قميصي المدوّن 7. اسمي الكروي يبدأ بالحرف M.,"FIFA 22 player dataset (2021 snapshot), SoFIFA-based"
fifa22_201400,Rafinha,Rafinha;Rafael Alcântara do Nascimento;Rafael Rafinha;رافينيا ألكانتارا;رافينيا الكانتارا;رافينيا,سنة ميلادي 1993، وطولي المدوّن ببيانات موسم ٢٠٢١–٢٠٢٢ حوالي 174 سم.,قدمي المفضلة اليسرى، ومن مراكزي وسط مركزي.,جنسيتي الكروية البرازيل، وألعب بمركز وسط مركزي.,في بيانات موسم ٢٠٢١–٢٠٢٢ كنت مع Paris Saint-Germain. ورقم قميصي المدوّن 12. اسمي الكروي يبدأ بالحرف R.,"FIFA 22 player dataset (2021 snapshot), SoFIFA-based"
fifa22_203980,Konstantinos Fortounis,K. Fortounis;Konstantinos Fortounis;Fortounis;كوستاس فورتونيس;فورتونيس,سنة ميلادي 1992، وطولي المدوّن ببيانات موسم ٢٠٢١–٢٠٢٢ حوالي 183 سم.,قدمي المفضلة اليمنى، ومن مراكزي وسط هجومي.,جنسيتي الكروية اليونان، وألعب بمركز وسط هجومي.,في بيانات موسم ٢٠٢١–٢٠٢٢ كنت مع Olympiacos CFP. ورقم قميصي المدوّن 10. اسمي الكروي يبدأ بالحرف F.,"FIFA 22 player dataset (2021 snapshot), SoFIFA-based"
fifa22_190972,Eduardo Salvio,E. Salvio;Eduardo Antonio Salvio;Eduardo Salvio;Salvio;إدواردو سالفيو;ادواردو سالفيو;سالفيو,سنة ميلادي 1990، وطولي المدوّن ببيانات موسم ٢٠٢١–٢٠٢٢ حوالي 173 سم.,قدمي المفضلة اليمنى، ومن مراكزي وسط/جناح أيمن.,جنسيتي الكروية الأرجنتين، وألعب بمركز وسط/جناح أيمن.,في بيانات موسم ٢٠٢١–٢٠٢٢ كنت مع Boca Juniors. ورقم قميصي المدوّن 11. اسمي الكروي يبدأ بالحرف S.,"FIFA 22 player dataset (2021 snapshot), SoFIFA-based"
fifa22_198950,Pablo Sarabia,Pablo Sarabia;Pablo Sarabia García;Pablo Pablo Sarabia;بابلو سارابيا;سارابيا,سنة ميلادي 1992، وطولي المدوّن ببيانات موسم ٢٠٢١–٢٠٢٢ حوالي 174 سم.,قدمي المفضلة اليسرى، ومن مراكزي جناح أيمن.,جنسيتي الكروية إسبانيا، وألعب بمركز جناح أيمن.,في بيانات موسم ٢٠٢١–٢٠٢٢ كنت مع Sporting CP. ورقم قميصي المدوّن 17. اسمي الكروي يبدأ بالحرف P.,"FIFA 22 player dataset (2021 snapshot), SoFIFA-based"
fifa22_198951,Cédric Bakambu,C. Bakambu;Cédric Bakambu;Bakambu;سيدريك باكامبو;باكامبو,سنة ميلادي 1991، وطولي المدوّن ببيانات موسم ٢٠٢١–٢٠٢٢ حوالي 182 سم.,قدمي المفضلة اليمنى، ومن مراكزي رأس حربة.,جنسيتي الكروية Congo DR، وألعب بمركز رأس حربة.,في بيانات موسم ٢٠٢١–٢٠٢٢ كنت مع Beijing Guoan FC. ورقم قميصي المدوّن 17. اسمي الكروي يبدأ بالحرف B.,"FIFA 22 player dataset (2021 snapshot), SoFIFA-based"
fifa22_202024,Remo Freuler,R. Freuler;Remo Marco Freuler;Remo Freuler;Freuler;ريمو فريلر;فريلر;فرويلر,سنة ميلادي 1992، وطولي المدوّن ببيانات موسم ٢٠٢١–٢٠٢٢ حوالي 180 سم.,قدمي المفضلة اليمنى، ومن مراكزي وسط مركزي.,جنسيتي الكروية سويسرا، وألعب بمركز وسط مركزي.,في بيانات موسم ٢٠٢١–٢٠٢٢ كنت مع Atalanta. ورقم قميصي المدوّن 11. اسمي الكروي يبدأ بالحرف F.,"FIFA 22 player dataset (2021 snapshot), SoFIFA-based"
fifa22_203895,Pozuelo,Pozuelo;Alejandro Pozuelo Melero;Alejandro Pozuelo;أليخاندرو بوزويلو;اليخاندرو بوزويلو;بوزويلو,سنة ميلادي 1991، وطولي المدوّن ببيانات موسم ٢٠٢١–٢٠٢٢ حوالي 170 سم.,قدمي المفضلة اليمنى، ومن مراكزي وسط هجومي.,جنسيتي الكروية إسبانيا، وألعب بمركز وسط هجومي.,في بيانات موسم ٢٠٢١–٢٠٢٢ كنت مع Toronto FC. ورقم قميصي المدوّن 10. اسمي الكروي يبدأ بالحرف P.,"FIFA 22 player dataset (2021 snapshot), SoFIFA-based"
fifa22_205686,Téji Savanier,T. Savanier;Téji Tedy Savanier;Téji Savanier;Savanier;تيجي سافانييه;سافانييه;سافانيير,سنة ميلادي 1991، وطولي المدوّن ببيانات موسم ٢٠٢١–٢٠٢٢ حوالي 172 سم.,قدمي المفضلة اليمنى، ومن مراكزي وسط مركزي.,جنسيتي الكروية فرنسا، وألعب بمركز وسط مركزي.,في بيانات موسم ٢٠٢١–٢٠٢٢ كنت مع Montpellier Hérault SC. ورقم قميصي المدوّن 11. اسمي الكروي يبدأ بالحرف S.,"FIFA 22 player dataset (2021 snapshot), SoFIFA-based"
fifa22_207732,Roger,Roger;Roger Martí Salvador;Roger Roger;روجر مارتي;روجر,سنة ميلادي 1991، وطولي المدوّن ببيانات موسم ٢٠٢١–٢٠٢٢ حوالي 179 سم.,قدمي المفضلة اليمنى، ومن مراكزي رأس حربة.,جنسيتي الكروية إسبانيا، وألعب بمركز رأس حربة.,في بيانات موسم ٢٠٢١–٢٠٢٢ كنت مع Levante Unión Deportiva. ورقم قميصي المدوّن 9. اسمي الكروي يبدأ بالحرف R.,"FIFA 22 player dataset (2021 snapshot), SoFIFA-based"
fifa22_217870,Giovanni Di Lorenzo,G. Di Lorenzo;Giovanni Di Lorenzo;Di Lorenzo;جيوفاني دي لورينزو;دي لورينزو;ديلورينزو,سنة ميلادي 1993، وطولي المدوّن ببيانات موسم ٢٠٢١–٢٠٢٢ حوالي 183 سم.,قدمي المفضلة اليمنى، ومن مراكزي ظهير أيمن.,جنسيتي الكروية إيطاليا، وألعب بمركز ظهير أيمن.,في بيانات موسم ٢٠٢١–٢٠٢٢ كنت مع Napoli. ورقم قميصي المدوّن 22. اسمي الكروي يبدأ بالحرف D.,"FIFA 22 player dataset (2021 snapshot), SoFIFA-based"
fifa22_189271,Francis Coquelin,F. Coquelin;Francis Coquelin;Coquelin;فرانسيس كوكلان;كوكلان,سنة ميلادي 1991، وطولي المدوّن ببيانات موسم ٢٠٢١–٢٠٢٢ حوالي 176 سم.,قدمي المفضلة اليمنى، ومن مراكزي وسط مركزي.,جنسيتي الكروية فرنسا، وألعب بمركز وسط مركزي.,في بيانات موسم ٢٠٢١–٢٠٢٢ كنت مع Villarreal CF. ورقم قميصي المدوّن 19. اسمي الكروي يبدأ بالحرف C.,"FIFA 22 player dataset (2021 snapshot), SoFIFA-based"
fifa22_193061,Roberto Pereyra,R. Pereyra;Roberto Maximiliano Pereyra;Roberto Pereyra;Pereyra;روبرتو بيريرا,سنة ميلادي 1991، وطولي المدوّن ببيانات موسم ٢٠٢١–٢٠٢٢ حوالي 182 سم.,قدمي المفضلة اليمنى، ومن مراكزي وسط مركزي.,جنسيتي الكروية الأرجنتين، وألعب بمركز وسط مركزي.,في بيانات موسم ٢٠٢١–٢٠٢٢ كنت مع Udinese Calcio. ورقم قميصي المدوّن 37. اسمي الكروي يبدأ بالحرف P.,"FIFA 22 player dataset (2021 snapshot), SoFIFA-based"
fifa22_207599,Michael Keane,M. Keane;Michael Keane;Keane;مايكل كين,سنة ميلادي 1993، وطولي المدوّن ببيانات موسم ٢٠٢١–٢٠٢٢ حوالي 191 سم.,قدمي المفضلة اليمنى، ومن مراكزي قلب دفاع.,جنسيتي الكروية إنكلترا، وألعب بمركز قلب دفاع.,في بيانات موسم ٢٠٢١–٢٠٢٢ كنت مع Everton. ورقم قميصي المدوّن 5. اسمي الكروي يبدأ بالحرف K.,"FIFA 22 player dataset (2021 snapshot), SoFIFA-based"
fifa22_223724,Stefan Lainer,S. Lainer;Stefan Lainer;Lainer;شتيفان لاينر;ستيفان لاينر;لاينر,سنة ميلادي 1992، وطولي المدوّن ببيانات موسم ٢٠٢١–٢٠٢٢ حوالي 175 سم.,قدمي المفضلة اليمنى، ومن مراكزي ظهير أيمن.,جنسيتي الكروية النمسا، وألعب بمركز ظهير أيمن.,في بيانات موسم ٢٠٢١–٢٠٢٢ كنت مع Borussia Mönchengladbach. ورقم قميصي المدوّن 18. اسمي الكروي يبدأ بالحرف L.,"FIFA 22 player dataset (2021 snapshot), SoFIFA-based"
fifa22_203890,Šime Vrsaljko,Š. Vrsaljko;Šime Vrsaljko;Vrsaljko;شيمي فرساليكو;فرساليكو,سنة ميلادي 1992، وطولي المدوّن ببيانات موسم ٢٠٢١–٢٠٢٢ حوالي 181 سم.,قدمي المفضلة اليمنى، ومن مراكزي ظهير أيمن.,جنسيتي الكروية كرواتيا، وألعب بمركز ظهير أيمن.,في بيانات موسم ٢٠٢١–٢٠٢٢ كنت مع Atlético de Madrid. ورقم قميصي المدوّن 24. اسمي الكروي يبدأ بالحرف V.,"FIFA 22 player dataset (2021 snapshot), SoFIFA-based"
fifa22_216189,Capa,Capa;Ander Capa Rodríguez;Ander Capa;أندر كابا;اندر كابا;كابا,سنة ميلادي 1992، وطولي المدوّن ببيانات موسم ٢٠٢١–٢٠٢٢ حوالي 175 سم.,قدمي المفضلة اليمنى، ومن مراكزي ظهير أيمن.,جنسيتي الكروية إسبانيا، وألعب بمركز ظهير أيمن.,في بيانات موسم ٢٠٢١–٢٠٢٢ كنت مع Athletic Club de Bilbao. ورقم قميصي المدوّن 21. اسمي الكروي يبدأ بالحرف C.,"FIFA 22 player dataset (2021 snapshot), SoFIFA-based"
fifa22_198009,Mattia Perin,M. Perin;Mattia Perin;Perin;ماتيا بيرين;بيرين,سنة ميلادي 1992، وطولي المدوّن ببيانات موسم ٢٠٢١–٢٠٢٢ حوالي 188 سم.,قدمي المفضلة اليمنى، ومن مراكزي حارس مرمى.,جنسيتي الكروية إيطاليا، وألعب بمركز حارس مرمى.,في بيانات موسم ٢٠٢١–٢٠٢٢ كنت مع Juventus. ورقم قميصي المدوّن 36. اسمي الكروي يبدأ بالحرف P.,"FIFA 22 player dataset (2021 snapshot), SoFIFA-based"
fifa22_201922,Martin Hinteregger,M. Hinteregger;Martin Hinteregger;Hinteregger;مارتن هينتريغر;هينتريغر;هينتريجر,سنة ميلادي 1992، وطولي المدوّن ببيانات موسم ٢٠٢١–٢٠٢٢ حوالي 184 سم.,قدمي المفضلة اليسرى، ومن مراكزي قلب دفاع.,جنسيتي الكروية النمسا، وألعب بمركز قلب دفاع.,في بيانات موسم ٢٠٢١–٢٠٢٢ كنت مع Eintracht Frankfurt. ورقم قميصي المدوّن 13. اسمي الكروي يبدأ بالحرف H.,"FIFA 22 player dataset (2021 snapshot), SoFIFA-based"
fifa22_202325,Diego Demme,D. Demme;Diego Demme;Demme;دييغو ديمي;دييجو ديمي;ديمي,سنة ميلادي 1991، وطولي المدوّن ببيانات موسم ٢٠٢١–٢٠٢٢ حوالي 172 سم.,قدمي المفضلة اليمنى، ومن مراكزي وسط دفاعي.,جنسيتي الكروية ألمانيا، وألعب بمركز وسط دفاعي.,في بيانات موسم ٢٠٢١–٢٠٢٢ كنت مع Napoli. ورقم قميصي المدوّن 4. اسمي الكروي يبدأ بالحرف D.,"FIFA 22 player dataset (2021 snapshot), SoFIFA-based"
fifa22_215223,Walter Benítez,W. Benítez;Walter Daniel Benítez;Walter Benítez;Benítez;والتر بينيتيز,سنة ميلادي 1993، وطولي المدوّن ببيانات موسم ٢٠٢١–٢٠٢٢ حوالي 191 سم.,قدمي المفضلة اليمنى، ومن مراكزي حارس مرمى.,جنسيتي الكروية الأرجنتين، وألعب بمركز حارس مرمى.,في بيانات موسم ٢٠٢١–٢٠٢٢ كنت مع OGC Nice. ورقم قميصي المدوّن 40. اسمي الكروي يبدأ بالحرف B.,"FIFA 22 player dataset (2021 snapshot), SoFIFA-based"
fifa22_187598,Rafael Tolói,Rafael Tolói;Rafael Rafael Tolói;رافاييل تولوي;تولوي;تولوى,سنة ميلادي 1990، وطولي المدوّن ببيانات موسم ٢٠٢١–٢٠٢٢ حوالي 185 سم.,قدمي المفضلة اليمنى، ومن مراكزي قلب دفاع.,جنسيتي الكروية إيطاليا، وألعب بمركز قلب دفاع.,في بيانات موسم ٢٠٢١–٢٠٢٢ كنت مع Atalanta. ورقم قميصي المدوّن 2. اسمي الكروي يبدأ بالحرف R.,"FIFA 22 player dataset (2021 snapshot), SoFIFA-based"
fifa22_236583,Jiří Pavlenka,J. Pavlenka;Jiří Pavlenka;Pavlenka;ييري بافلينكا;بافلينكا,سنة ميلادي 1992، وطولي المدوّن ببيانات موسم ٢٠٢١–٢٠٢٢ حوالي 196 سم.,قدمي المفضلة اليمنى، ومن مراكزي حارس مرمى.,جنسيتي الكروية التشيك، وألعب بمركز حارس مرمى.,في بيانات موسم ٢٠٢١–٢٠٢٢ كنت مع SV Werder Bremen. ورقم قميصي المدوّن 1. اسمي الكروي يبدأ بالحرف P.,"FIFA 22 player dataset (2021 snapshot), SoFIFA-based"
fifa22_201119,Ismaily,Ismaily;Ismaily Gonçalves dos Santos;Ismaily Ismaily;إسماعيلي;اسماعيلي,سنة ميلادي 1990، وطولي المدوّن ببيانات موسم ٢٠٢١–٢٠٢٢ حوالي 177 سم.,قدمي المفضلة اليسرى، ومن مراكزي ظهير أيسر.,جنسيتي الكروية البرازيل، وألعب بمركز ظهير أيسر.,في بيانات موسم ٢٠٢١–٢٠٢٢ كنت مع Shakhtar Donetsk. ورقم قميصي المدوّن 31. اسمي الكروي يبدأ بالحرف I.,"FIFA 22 player dataset (2021 snapshot), SoFIFA-based"
fifa22_172522,Daniel Wass,D. Wass;Daniel Wass;Wass;دانييل فاس;دانييل واس;فاس,سنة ميلادي 1989، وطولي المدوّن ببيانات موسم ٢٠٢١–٢٠٢٢ حوالي 181 سم.,قدمي المفضلة اليمنى، ومن مراكزي ظهير أيمن.,جنسيتي الكروية الدنمارك، وألعب بمركز ظهير أيمن.,في بيانات موسم ٢٠٢١–٢٠٢٢ كنت مع Valencia CF. ورقم قميصي المدوّن 18. اسمي الكروي يبدأ بالحرف W.,"FIFA 22 player dataset (2021 snapshot), SoFIFA-based"
fifa22_204399,Eran Zahavi,E. Zahavi;Eran Zahavi;Zahavi;إيران زهافي;ايران زهافي;زهافي,سنة ميلادي 1987، وطولي المدوّن ببيانات موسم ٢٠٢١–٢٠٢٢ حوالي 182 سم.,قدمي المفضلة اليمنى، ومن مراكزي رأس حربة.,جنسيتي الكروية إسرائيل، وألعب بمركز رأس حربة.,في بيانات موسم ٢٠٢١–٢٠٢٢ كنت مع PSV. ورقم قميصي المدوّن 7. اسمي الكروي يبدأ بالحرف Z.,"FIFA 22 player dataset (2021 snapshot), SoFIFA-based"
fifa22_171579,Raúl García,Raúl García;Raúl García Escudero;Raúl Raúl García;راؤول غارسيا,سنة ميلادي 1986، وطولي المدوّن ببيانات موسم ٢٠٢١–٢٠٢٢ حوالي 184 سم.,قدمي المفضلة اليمنى، ومن مراكزي رأس حربة.,جنسيتي الكروية إسبانيا، وألعب بمركز رأس حربة.,في بيانات موسم ٢٠٢١–٢٠٢٢ كنت مع Athletic Club de Bilbao. ورقم قميصي المدوّن 22. اسمي الكروي يبدأ بالحرف R.,"FIFA 22 player dataset (2021 snapshot), SoFIFA-based"
fifa22_169588,Jonny Evans,J. Evans;Jonathan Grant Evans;Jonny Evans;Evans;Jonathan Evans;جوني إيفانز;جوني ايفانز,سنة ميلادي 1988، وطولي المدوّن ببيانات موسم ٢٠٢١–٢٠٢٢ حوالي 188 سم.,قدمي المفضلة اليمنى، ومن مراكزي قلب دفاع.,جنسيتي الكروية أيرلندا الشمالية، وألعب بمركز قلب دفاع.,في بيانات موسم ٢٠٢١–٢٠٢٢ كنت مع Leicester City. ورقم قميصي المدوّن 6. اسمي الكروي يبدأ بالحرف E.,"FIFA 22 player dataset (2021 snapshot), SoFIFA-based"
fifa22_183855,Angelo Ogbonna,A. Ogbonna;Angelo Obinze Ogbonna;Angelo Ogbonna;Ogbonna;أنجيلو أوغبونا;انجيلو اوغبونا;أوغبونا;اوغبونا;اوجبونا,سنة ميلادي 1988، وطولي المدوّن ببيانات موسم ٢٠٢١–٢٠٢٢ حوالي 191 سم.,قدمي المفضلة اليسرى، ومن مراكزي قلب دفاع.,جنسيتي الكروية إيطاليا، وألعب بمركز قلب دفاع.,في بيانات موسم ٢٠٢١–٢٠٢٢ كنت مع West Ham United. ورقم قميصي المدوّن 21. اسمي الكروي يبدأ بالحرف O.,"FIFA 22 player dataset (2021 snapshot), SoFIFA-based"
fifa22_177604,Nacho Monreal,Nacho Monreal;Ignacio Monreal Eraso;Ignacio Nacho Monreal;ناتشو مونريال;مونريال,سنة ميلادي 1986، وطولي المدوّن ببيانات موسم ٢٠٢١–٢٠٢٢ حوالي 180 سم.,قدمي المفضلة اليسرى، ومن مراكزي ظهير أيسر.,جنسيتي الكروية إسبانيا، وألعب بمركز ظهير أيسر.,في بيانات موسم ٢٠٢١–٢٠٢٢ كنت مع Real Sociedad. ورقم قميصي المدوّن 20. اسمي الكروي يبدأ بالحرف N.,"FIFA 22 player dataset (2021 snapshot), SoFIFA-based"
fifa22_196432,Enzo Pérez,E. Pérez;Enzo Nicolás Pérez;Enzo Pérez;Pérez;إنزو بيريز;انزو بيريز,سنة ميلادي 1986، وطولي المدوّن ببيانات موسم ٢٠٢١–٢٠٢٢ حوالي 178 سم.,قدمي المفضلة اليمنى، ومن مراكزي وسط دفاعي.,جنسيتي الكروية الأرجنتين، وألعب بمركز وسط دفاعي.,في بيانات موسم ٢٠٢١–٢٠٢٢ كنت مع River Plate. ورقم قميصي المدوّن 24. اسمي الكروي يبدأ بالحرف P.,"FIFA 22 player dataset (2021 snapshot), SoFIFA-based"
fifa22_189690,Guaita,Guaita;Vicente Guaita Panadero;Vicente Guaita;فيسنتي غوايتا;غوايتا;جوايتا,سنة ميلادي 1987، وطولي المدوّن ببيانات موسم ٢٠٢١–٢٠٢٢ حوالي 190 سم.,قدمي المفضلة اليمنى، ومن مراكزي حارس مرمى.,جنسيتي الكروية إسبانيا، وألعب بمركز حارس مرمى.,في بيانات موسم ٢٠٢١–٢٠٢٢ كنت مع Crystal Palace. ورقم قميصي المدوّن 13. اسمي الكروي يبدأ بالحرف G.,"FIFA 22 player dataset (2021 snapshot), SoFIFA-based"
fifa22_237383,Alessandro Bastoni,A. Bastoni;Alessandro Bastoni;Bastoni;أليساندرو باستوني;اليساندرو باستوني;باستوني,سنة ميلادي 1999، وطولي المدوّن ببيانات موسم ٢٠٢١–٢٠٢٢ حوالي 190 سم.,قدمي المفضلة اليسرى، ومن مراكزي قلب دفاع.,جنسيتي الكروية إيطاليا، وألعب بمركز قلب دفاع.,في بيانات موسم ٢٠٢١–٢٠٢٢ كنت مع Inter. ورقم قميصي المدوّن 95. اسمي الكروي يبدأ بالحرف B.,"FIFA 22 player dataset (2021 snapshot), SoFIFA-based"
fifa22_243576,Pedro Porro,Pedro Porro;Pedro Antonio Porro Sauceda;Pedro Pedro Porro;بيدرو بورو,سنة ميلادي 1999، وطولي المدوّن ببيانات موسم ٢٠٢١–٢٠٢٢ حوالي 176 سم.,قدمي المفضلة اليمنى، ومن مراكزي ظهير أيمن هجومي.,جنسيتي الكروية إسبانيا، وألعب بمركز ظهير أيمن هجومي.,في بيانات موسم ٢٠٢١–٢٠٢٢ كنت مع Sporting CP. ورقم قميصي المدوّن 24. اسمي الكروي يبدأ بالحرف P.,"FIFA 22 player dataset (2021 snapshot), SoFIFA-based"
fifa22_241084,Luis Díaz,L. Díaz;Luis Fernando Díaz Marulanda;Luis Díaz;Díaz;لويس دياز,سنة ميلادي 1997، وطولي المدوّن ببيانات موسم ٢٠٢١–٢٠٢٢ حوالي 180 سم.,قدمي المفضلة اليمنى، ومن مراكزي وسط/جناح أيسر.,جنسيتي الكروية كولومبيا، وألعب بمركز وسط/جناح أيسر.,في بيانات موسم ٢٠٢١–٢٠٢٢ كنت مع FC Porto. ورقم قميصي المدوّن 7. اسمي الكروي يبدأ بالحرف D.,"FIFA 22 player dataset (2021 snapshot), SoFIFA-based"
fifa22_239207,Maximiliano Gómez,M. Gómez;Maximiliano Gómez González;Maximiliano Gómez;Gómez;ماكسيميليانو غوميز;ماكسي غوميز;ماكسي جوميز,سنة ميلادي 1996، وطولي المدوّن ببيانات موسم ٢٠٢١–٢٠٢٢ حوالي 186 سم.,قدمي المفضلة اليمنى، ومن مراكزي رأس حربة.,جنسيتي الكروية الأوروغواي، وألعب بمركز رأس حربة.,في بيانات موسم ٢٠٢١–٢٠٢٢ كنت مع Valencia CF. ورقم قميصي المدوّن 9. اسمي الكروي يبدأ بالحرف G.,"FIFA 22 player dataset (2021 snapshot), SoFIFA-based"
fifa22_222716,Everton,Everton;Éverton Sousa Soares;Éverton Everton;إيفرتون سواريس;ايفرتون سواريس;ايفرتون,سنة ميلادي 1996، وطولي المدوّن ببيانات موسم ٢٠٢١–٢٠٢٢ حوالي 174 سم.,قدمي المفضلة اليمنى، ومن مراكزي وسط/جناح أيسر.,جنسيتي الكروية البرازيل، وألعب بمركز وسط/جناح أيسر.,في بيانات موسم ٢٠٢١–٢٠٢٢ كنت مع SL Benfica. ورقم قميصي المدوّن 7. اسمي الكروي يبدأ بالحرف E.,"FIFA 22 player dataset (2021 snapshot), SoFIFA-based"
fifa22_229857,Stefano Sensi,S. Sensi;Stefano Sensi;Sensi;ستيفانو سينسي;سينسي,سنة ميلادي 1995، وطولي المدوّن ببيانات موسم ٢٠٢١–٢٠٢٢ حوالي 168 سم.,قدمي المفضلة اليمنى، ومن مراكزي وسط مركزي.,جنسيتي الكروية إيطاليا، وألعب بمركز وسط مركزي.,في بيانات موسم ٢٠٢١–٢٠٢٢ كنت مع Inter. ورقم قميصي المدوّن 12. اسمي الكروي يبدأ بالحرف S.,"FIFA 22 player dataset (2021 snapshot), SoFIFA-based"
fifa22_240900,Unai Núñez,Unai Núñez;Unai Núñez Gestoso;Unai Unai Núñez;أوناي نونيز;اوناي نونيز,سنة ميلادي 1997، وطولي المدوّن ببيانات موسم ٢٠٢١–٢٠٢٢ حوالي 186 سم.,قدمي المفضلة اليمنى، ومن مراكزي قلب دفاع.,جنسيتي الكروية إسبانيا، وألعب بمركز قلب دفاع.,في بيانات موسم ٢٠٢١–٢٠٢٢ كنت مع Athletic Club de Bilbao. ورقم قميصي المدوّن 3. اسمي الكروي يبدأ بالحرف U.,"FIFA 22 player dataset (2021 snapshot), SoFIFA-based"
fifa22_225201,Álex Berenguer,Álex Berenguer;Alejandro Berenguer Remiro;Alejandro Álex Berenguer;أليكس بيرينغير;اليكس بيرينغير;بيرينغير,سنة ميلادي 1995، وطولي المدوّن ببيانات موسم ٢٠٢١–٢٠٢٢ حوالي 175 سم.,قدمي المفضلة اليمنى، ومن مراكزي وسط/جناح أيمن.,جنسيتي الكروية إسبانيا، وألعب بمركز وسط/جناح أيمن.,في بيانات موسم ٢٠٢١–٢٠٢٢ كنت مع Athletic Club de Bilbao. ورقم قميصي المدوّن 7. اسمي الكروي يبدأ بالحرف Á.,"FIFA 22 player dataset (2021 snapshot), SoFIFA-based"
fifa22_232119,Çağlar Söyüncü,Ç. Söyüncü;Çağlar Söyüncü;Söyüncü;تشاغلار سويونجو;سويونجو;سويونكو,سنة ميلادي 1996، وطولي المدوّن ببيانات موسم ٢٠٢١–٢٠٢٢ حوالي 185 سم.,قدمي المفضلة اليمنى، ومن مراكزي قلب دفاع.,جنسيتي الكروية تركيا، وألعب بمركز قلب دفاع.,في بيانات موسم ٢٠٢١–٢٠٢٢ كنت مع Leicester City. ورقم قميصي المدوّن 4. اسمي الكروي يبدأ بالحرف S.,"FIFA 22 player dataset (2021 snapshot), SoFIFA-based"
fifa22_224309,Joan Jordán,Joan Jordán;Joan Jordán Moreno;Joan Joan Jordán;خوان جوردان,سنة ميلادي 1994، وطولي المدوّن ببيانات موسم ٢٠٢١–٢٠٢٢ حوالي 183 سم.,قدمي المفضلة اليمنى، ومن مراكزي وسط مركزي.,جنسيتي الكروية إسبانيا، وألعب بمركز وسط مركزي.,في بيانات موسم ٢٠٢١–٢٠٢٢ كنت مع Sevilla FC. ورقم قميصي المدوّن 8. اسمي الكروي يبدأ بالحرف J.,"FIFA 22 player dataset (2021 snapshot), SoFIFA-based"
fifa22_223816,Jonathan Rodríguez,J. Rodríguez;Jonathan Javier Rodríguez Portillo;Jonathan Rodríguez;Rodríguez;جوناثان رودريغيز;جوناثان رودريجيز,سنة ميلادي 1993، وطولي المدوّن ببيانات موسم ٢٠٢١–٢٠٢٢ حوالي 177 سم.,قدمي المفضلة اليمنى، ومن مراكزي رأس حربة.,جنسيتي الكروية الأوروغواي، وألعب بمركز رأس حربة.,في بيانات موسم ٢٠٢١–٢٠٢٢ كنت مع Cruz Azul. ورقم قميصي المدوّن 21. اسمي الكروي يبدأ بالحرف R.,"FIFA 22 player dataset (2021 snapshot), SoFIFA-based"
fifa22_224179,Borja Iglesias,Borja Iglesias;Borja Iglesias Quintas;Borja Borja Iglesias;بورخا إيغليسياس;بورخا ايغليسياس;إيغليسياس;ايغليسياس,سنة ميلادي 1993، وطولي المدوّن ببيانات موسم ٢٠٢١–٢٠٢٢ حوالي 187 سم.,قدمي المفضلة اليمنى، ومن مراكزي رأس حربة.,جنسيتي الكروية إسبانيا، وألعب بمركز رأس حربة.,في بيانات موسم ٢٠٢١–٢٠٢٢ كنت مع Real Betis Balompié. ورقم قميصي المدوّن 9. اسمي الكروي يبدأ بالحرف B.,"FIFA 22 player dataset (2021 snapshot), SoFIFA-based"
fifa22_199254,João Pedro,João Pedro;João Pedro Geraldino dos Santos Galvão;João João Pedro;جواو بيدرو,سنة ميلادي 1992، وطولي المدوّن ببيانات موسم ٢٠٢١–٢٠٢٢ حوالي 184 سم.,قدمي المفضلة اليمنى، ومن مراكزي مهاجم مساند.,جنسيتي الكروية البرازيل، وألعب بمركز مهاجم مساند.,في بيانات موسم ٢٠٢١–٢٠٢٢ كنت مع Cagliari. ورقم قميصي المدوّن 10. اسمي الكروي يبدأ بالحرف J.,"FIFA 22 player dataset (2021 snapshot), SoFIFA-based"
fifa22_204970,Florian Thauvin,F. Thauvin;Florian Tristan Mariano Thauvin;Florian Thauvin;Thauvin;فلوريان توفان;توفان;توڤان,سنة ميلادي 1993، وطولي المدوّن ببيانات موسم ٢٠٢١–٢٠٢٢ حوالي 179 سم.,قدمي المفضلة اليسرى، ومن مراكزي جناح أيمن.,جنسيتي الكروية فرنسا، وألعب بمركز جناح أيمن.,في بيانات موسم ٢٠٢١–٢٠٢٢ كنت مع Tigres U.A.N.L.. ورقم قميصي المدوّن 26. اسمي الكروي يبدأ بالحرف T.,"FIFA 22 player dataset (2021 snapshot), SoFIFA-based"
fifa22_212151,Thomas Strakosha,T. Strakosha;Thomas Strakosha;Strakosha;توماس ستراكوشا;ستراكوشا,سنة ميلادي 1995، وطولي المدوّن ببيانات موسم ٢٠٢١–٢٠٢٢ حوالي 193 سم.,قدمي المفضلة اليمنى، ومن مراكزي حارس مرمى.,جنسيتي الكروية ألبانيا، وألعب بمركز حارس مرمى.,في بيانات موسم ٢٠٢١–٢٠٢٢ كنت مع Lazio. ورقم قميصي المدوّن 1. اسمي الكروي يبدأ بالحرف S.,"FIFA 22 player dataset (2021 snapshot), SoFIFA-based"
fifa22_198031,Sérgio Oliveira,Sérgio Oliveira;Sérgio Miguel Relvas de Oliveira;Sérgio Sérgio Oliveira;سيرجيو أوليفيرا;سيرجيو اوليفيرا,سنة ميلادي 1992، وطولي المدوّن ببيانات موسم ٢٠٢١–٢٠٢٢ حوالي 181 سم.,قدمي المفضلة اليمنى، ومن مراكزي وسط مركزي.,جنسيتي الكروية البرتغال، وألعب بمركز وسط مركزي.,في بيانات موسم ٢٠٢١–٢٠٢٢ كنت مع FC Porto. ورقم قميصي المدوّن 27. اسمي الكروي يبدأ بالحرف S.,"FIFA 22 player dataset (2021 snapshot), SoFIFA-based"
fifa22_219953,Embarba,Embarba;Adrián Embarba Blázquez;Adrián Embarba;أدريان إمباربا;ادريان امباربا;إمباربا;امباربا,سنة ميلادي 1992، وطولي المدوّن ببيانات موسم ٢٠٢١–٢٠٢٢ حوالي 173 سم.,قدمي المفضلة اليمنى، ومن مراكزي وسط/جناح أيمن.,جنسيتي الكروية إسبانيا، وألعب بمركز وسط/جناح أيمن.,في بيانات موسم ٢٠٢١–٢٠٢٢ كنت مع RCD Espanyol de Barcelona. ورقم قميصي المدوّن 23. اسمي الكروي يبدأ بالحرف E.,"FIFA 22 player dataset (2021 snapshot), SoFIFA-based"
fifa22_201143,Aïssa Mandi,A. Mandi;Aïssa Mandi;Mandi;عيسى ماندي;ماندي,سنة ميلادي 1991، وطولي المدوّن ببيانات موسم ٢٠٢١–٢٠٢٢ حوالي 184 سم.,قدمي المفضلة اليمنى، ومن مراكزي قلب دفاع.,جنسيتي الكروية الجزائر، وألعب بمركز قلب دفاع.,في بيانات موسم ٢٠٢١–٢٠٢٢ كنت مع Villarreal CF. ورقم قميصي المدوّن 22. اسمي الكروي يبدأ بالحرف M.,"FIFA 22 player dataset (2021 snapshot), SoFIFA-based"
fifa22_244470,Vladimír Coufal,V. Coufal;Vladimír Coufal;Coufal;فلاديمير كوفال;كوفال,سنة ميلادي 1992، وطولي المدوّن ببيانات موسم ٢٠٢١–٢٠٢٢ حوالي 175 سم.,قدمي المفضلة اليمنى، ومن مراكزي ظهير أيمن.,جنسيتي الكروية التشيك، وألعب بمركز ظهير أيمن.,في بيانات موسم ٢٠٢١–٢٠٢٢ كنت مع West Ham United. ورقم قميصي المدوّن 5. اسمي الكروي يبدأ بالحرف C.,"FIFA 22 player dataset (2021 snapshot), SoFIFA-based"
fifa22_209960,Pacheco,Pacheco;Fernando Pacheco Flores;Fernando Pacheco;فرناندو باتشيكو;باتشيكو,سنة ميلادي 1992، وطولي المدوّن ببيانات موسم ٢٠٢١–٢٠٢٢ حوالي 186 سم.,قدمي المفضلة اليسرى، ومن مراكزي حارس مرمى.,جنسيتي الكروية إسبانيا، وألعب بمركز حارس مرمى.,في بيانات موسم ٢٠٢١–٢٠٢٢ كنت مع Deportivo Alavés. ورقم قميصي المدوّن 1. اسمي الكروي يبدأ بالحرف P.,"FIFA 22 player dataset (2021 snapshot), SoFIFA-based"
fifa22_221087,Pau López,Pau López;Pau López Sabata;Pau Pau López;باو لوبيز,سنة ميلادي 1994، وطولي المدوّن ببيانات موسم ٢٠٢١–٢٠٢٢ حوالي 189 سم.,قدمي المفضلة اليسرى، ومن مراكزي حارس مرمى.,جنسيتي الكروية إسبانيا، وألعب بمركز حارس مرمى.,في بيانات موسم ٢٠٢١–٢٠٢٢ كنت مع Olympique de Marseille. ورقم قميصي المدوّن 16. اسمي الكروي يبدأ بالحرف P.,"FIFA 22 player dataset (2021 snapshot), SoFIFA-based"
fifa22_205849,Esteban Andrada,E. Andrada;Esteban Maximiliano Andrada;Esteban Andrada;Andrada;إستيبان أندرادا;استيبان اندرادا;أندرادا;اندرادا,سنة ميلادي 1991، وطولي المدوّن ببيانات موسم ٢٠٢١–٢٠٢٢ حوالي 194 سم.,قدمي المفضلة اليمنى، ومن مراكزي حارس مرمى.,جنسيتي الكروية الأرجنتين، وألعب بمركز حارس مرمى.,في بيانات موسم ٢٠٢١–٢٠٢٢ كنت مع CF Monterrey. ورقم قميصي المدوّن 1. اسمي الكروي يبدأ بالحرف A.,"FIFA 22 player dataset (2021 snapshot), SoFIFA-based"
fifa22_227290,Marko Dmitrović,M. Dmitrović;Marko Dmitrović;Dmitrović;ماركو دميتروفيتش;دميتروفيتش,سنة ميلادي 1992، وطولي المدوّن ببيانات موسم ٢٠٢١–٢٠٢٢ حوالي 194 سم.,قدمي المفضلة اليسرى، ومن مراكزي حارس مرمى.,جنسيتي الكروية صربيا، وألعب بمركز حارس مرمى.,في بيانات موسم ٢٠٢١–٢٠٢٢ كنت مع Sevilla FC. ورقم قميصي المدوّن 1. اسمي الكروي يبدأ بالحرف D.,"FIFA 22 player dataset (2021 snapshot), SoFIFA-based"
fifa22_205705,Zouhair Feddal,Z. Feddal;Zouhair Feddal Agharbi;Zouhair Feddal;Feddal;زهير فضال;فضال;فدال,سنة ميلادي 1989، وطولي المدوّن ببيانات موسم ٢٠٢١–٢٠٢٢ حوالي 192 سم.,قدمي المفضلة اليسرى، ومن مراكزي قلب دفاع.,جنسيتي الكروية المغرب، وألعب بمركز قلب دفاع.,في بيانات موسم ٢٠٢١–٢٠٢٢ كنت مع Sporting CP. ورقم قميصي المدوّن 3. اسمي الكروي يبدأ بالحرف F.,"FIFA 22 player dataset (2021 snapshot), SoFIFA-based"
fifa22_214584,Franco Armani,F. Armani;Franco Armani;Armani;فرانكو أرماني;فرانكو ارماني;أرماني;ارماني,سنة ميلادي 1986، وطولي المدوّن ببيانات موسم ٢٠٢١–٢٠٢٢ حوالي 189 سم.,قدمي المفضلة اليمنى، ومن مراكزي حارس مرمى.,جنسيتي الكروية الأرجنتين، وألعب بمركز حارس مرمى.,في بيانات موسم ٢٠٢١–٢٠٢٢ كنت مع River Plate. ورقم قميصي المدوّن 1. اسمي الكروي يبدأ بالحرف A.,"FIFA 22 player dataset (2021 snapshot), SoFIFA-based"
fifa22_140233,Francisco Ochoa,G. Ochoa;Francisco Guillermo Ochoa Magaña;Francisco Ochoa;Ochoa;غييرمو أوتشوا;غييرمو اوتشوا;أوتشوا;اوتشوا,سنة ميلادي 1985، وطولي المدوّن ببيانات موسم ٢٠٢١–٢٠٢٢ حوالي 190 سم.,قدمي المفضلة اليمنى، ومن مراكزي حارس مرمى.,جنسيتي الكروية المكسيك، وألعب بمركز حارس مرمى.,في بيانات موسم ٢٠٢١–٢٠٢٢ كنت مع Club América. ورقم قميصي المدوّن 13. اسمي الكروي يبدأ بالحرف O.,"FIFA 22 player dataset (2021 snapshot), SoFIFA-based"
fifa22_226162,Emiliano Buendía,E. Buendía;Emiliano Buendía;Buendía;إيميليانو بوينديا;ايميليانو بوينديا;بوينديا,سنة ميلادي 1996، وطولي المدوّن ببيانات موسم ٢٠٢١–٢٠٢٢ حوالي 172 سم.,قدمي المفضلة اليمنى، ومن مراكزي وسط/جناح أيمن.,جنسيتي الكروية الأرجنتين، وألعب بمركز وسط/جناح أيمن.,في بيانات موسم ٢٠٢١–٢٠٢٢ كنت مع Aston Villa. ورقم قميصي المدوّن 10. اسمي الكروي يبدأ بالحرف B.,"FIFA 22 player dataset (2021 snapshot), SoFIFA-based"
fifa22_234612,Jonathan Ikoné,J. Ikoné;Nanitamo Jonathan Ikoné;Jonathan Ikoné;Ikoné;Nanitamo Ikoné;جوناثان إيكونيه;جوناثان ايكونيه;إيكونيه;ايكونيه,سنة ميلادي 1998، وطولي المدوّن ببيانات موسم ٢٠٢١–٢٠٢٢ حوالي 175 سم.,قدمي المفضلة اليسرى، ومن مراكزي وسط/جناح أيمن.,جنسيتي الكروية فرنسا، وألعب بمركز وسط/جناح أيمن.,في بيانات موسم ٢٠٢١–٢٠٢٢ كنت مع LOSC Lille. ورقم قميصي المدوّن 10. اسمي الكروي يبدأ بالحرف I.,"FIFA 22 player dataset (2021 snapshot), SoFIFA-based"
fifa22_236632,David Neres,David Neres;David Neres Campos;David David Neres;دافيد نيريس;ديفيد نيريس;نيريس,سنة ميلادي 1997، وطولي المدوّن ببيانات موسم ٢٠٢١–٢٠٢٢ حوالي 176 سم.,قدمي المفضلة اليسرى، ومن مراكزي جناح أيمن.,جنسيتي الكروية البرازيل، وألعب بمركز جناح أيمن.,في بيانات موسم ٢٠٢١–٢٠٢٢ كنت مع Ajax. ورقم قميصي المدوّن 7. اسمي الكروي يبدأ بالحرف D.,"FIFA 22 player dataset (2021 snapshot), SoFIFA-based"
fifa22_225663,Aleksandr Golovin,A. Golovin;Aleksandr Golovin;Golovin;ألكسندر غولوفين;الكسندر غولوفين;غولوفين;جولوفين,سنة ميلادي 1996، وطولي المدوّن ببيانات موسم ٢٠٢١–٢٠٢٢ حوالي 180 سم.,قدمي المفضلة اليمنى، ومن مراكزي وسط مركزي.,جنسيتي الكروية روسيا، وألعب بمركز وسط مركزي.,في بيانات موسم ٢٠٢١–٢٠٢٢ كنت مع AS Monaco. ورقم قميصي المدوّن 17. اسمي الكروي يبدأ بالحرف G.,"FIFA 22 player dataset (2021 snapshot), SoFIFA-based"
fifa22_234236,Patrik Schick,P. Schick;Patrik Schick;Schick;باتريك شيك;شيك,سنة ميلادي 1996، وطولي المدوّن ببيانات موسم ٢٠٢١–٢٠٢٢ حوالي 191 سم.,قدمي المفضلة اليسرى، ومن مراكزي رأس حربة.,جنسيتي الكروية التشيك، وألعب بمركز رأس حربة.,في بيانات موسم ٢٠٢١–٢٠٢٢ كنت مع Bayer 04 Leverkusen. ورقم قميصي المدوّن 14. اسمي الكروي يبدأ بالحرف S.,"FIFA 22 player dataset (2021 snapshot), SoFIFA-based"
fifa22_226851,Benjamin Pavard,B. Pavard;Benjamin Pavard;Pavard;بنجامين بافارد;بافارد;پاڤارد,سنة ميلادي 1996، وطولي المدوّن ببيانات موسم ٢٠٢١–٢٠٢٢ حوالي 186 سم.,قدمي المفضلة اليمنى، ومن مراكزي ظهير أيمن.,جنسيتي الكروية فرنسا، وألعب بمركز ظهير أيمن.,في بيانات موسم ٢٠٢١–٢٠٢٢ كنت مع FC Bayern München. ورقم قميصي المدوّن 5. اسمي الكروي يبدأ بالحرف P.,"FIFA 22 player dataset (2021 snapshot), SoFIFA-based"
fifa22_202477,Deulofeu,Deulofeu;Gerard Deulofeu Lázaro;Gerard Deulofeu;جيرارد ديولوفيو;ديولوفيو;ديلوفيو,سنة ميلادي 1994، وطولي المدوّن ببيانات موسم ٢٠٢١–٢٠٢٢ حوالي 177 سم.,قدمي المفضلة اليمنى، ومن مراكزي وسط/جناح أيسر.,جنسيتي الكروية إسبانيا، وألعب بمركز وسط/جناح أيسر.,في بيانات موسم ٢٠٢١–٢٠٢٢ كنت مع Udinese Calcio. ورقم قميصي المدوّن 10. اسمي الكروي يبدأ بالحرف D.,"FIFA 22 player dataset (2021 snapshot), SoFIFA-based"
fifa22_190813,Stephan El Shaarawy,S. El Shaarawy;Stephan El Shaarawy;El Shaarawy;ستيفان الشعراوي;الشعراوي;شعراوي,سنة ميلادي 1992، وطولي المدوّن ببيانات موسم ٢٠٢١–٢٠٢٢ حوالي 178 سم.,قدمي المفضلة اليمنى، ومن مراكزي جناح أيسر.,جنسيتي الكروية إيطاليا، وألعب بمركز جناح أيسر.,في بيانات موسم ٢٠٢١–٢٠٢٢ كنت مع Roma. ورقم قميصي المدوّن 92. اسمي الكروي يبدأ بالحرف E.,"FIFA 22 player dataset (2021 snapshot), SoFIFA-based"
fifa22_193348,Xherdan Shaqiri,X. Shaqiri;Xherdan Shaqiri;Shaqiri;شيردان شاكيري;شاكيري,سنة ميلادي 1991، وطولي المدوّن ببيانات موسم ٢٠٢١–٢٠٢٢ حوالي 169 سم.,قدمي المفضلة اليسرى، ومن مراكزي جناح أيمن.,جنسيتي الكروية سويسرا، وألعب بمركز جناح أيمن.,في بيانات موسم ٢٠٢١–٢٠٢٢ كنت مع Olympique Lyonnais. ورقم قميصي المدوّن 29. اسمي الكروي يبدأ بالحرف S.,"FIFA 22 player dataset (2021 snapshot), SoFIFA-based"
fifa22_198329,Rodrigo,Rodrigo;Rodrigo Moreno Machado;Rodrigo Rodrigo;رودريغو مورينو;رودريجو مورينو;رودريغو,سنة ميلادي 1991، وطولي المدوّن ببيانات موسم ٢٠٢١–٢٠٢٢ حوالي 182 سم.,قدمي المفضلة اليسرى، ومن مراكزي وسط هجومي.,جنسيتي الكروية إسبانيا، وألعب بمركز وسط هجومي.,في بيانات موسم ٢٠٢١–٢٠٢٢ كنت مع Leeds United. ورقم قميصي المدوّن 19. اسمي الكروي يبدأ بالحرف R.,"FIFA 22 player dataset (2021 snapshot), SoFIFA-based"
fifa22_199503,Granit Xhaka,G. Xhaka;Granit Xhaka;Xhaka;غرانيت تشاكا;جرانيت تشاكا;تشاكا;جاكا,سنة ميلادي 1992، وطولي المدوّن ببيانات موسم ٢٠٢١–٢٠٢٢ حوالي 185 سم.,قدمي المفضلة اليسرى، ومن مراكزي وسط دفاعي.,جنسيتي الكروية سويسرا، وألعب بمركز وسط دفاعي.,في بيانات موسم ٢٠٢١–٢٠٢٢ كنت مع Arsenal. ورقم قميصي المدوّن 34. اسمي الكروي يبدأ بالحرف X.,"FIFA 22 player dataset (2021 snapshot), SoFIFA-based"
fifa22_184484,Gylfi Sigurðsson,G. Sigurðsson;Gylfi Þór Sigurðsson;Gylfi Sigurðsson;Sigurðsson;غيلفي سيغوردسون;سيغوردسون;سيجوردسون,سنة ميلادي 1989، وطولي المدوّن ببيانات موسم ٢٠٢١–٢٠٢٢ حوالي 186 سم.,قدمي المفضلة اليمنى، ومن مراكزي وسط هجومي.,جنسيتي الكروية آيسلندا، وألعب بمركز وسط هجومي.,في بيانات موسم ٢٠٢١–٢٠٢٢ كنت مع Everton. ورقم قميصي المدوّن 10. اسمي الكروي يبدأ بالحرف S.,"FIFA 22 player dataset (2021 snapshot), SoFIFA-based"
fifa22_191740,Ander Herrera,Ander Herrera;Ander Herrera Agüera;Ander Ander Herrera;أندير هيريرا;اندير هيريرا,سنة ميلادي 1989، وطولي المدوّن ببيانات موسم ٢٠٢١–٢٠٢٢ حوالي 182 سم.,قدمي المفضلة اليمنى، ومن مراكزي وسط مركزي.,جنسيتي الكروية إسبانيا، وألعب بمركز وسط مركزي.,في بيانات موسم ٢٠٢١–٢٠٢٢ كنت مع Paris Saint-Germain. ورقم قميصي المدوّن 21. اسمي الكروي يبدأ بالحرف A.,"FIFA 22 player dataset (2021 snapshot), SoFIFA-based"
fifa22_191202,Nemanja Matić,N. Matić;Nemanja Matić;Matić;نيمانيا ماتيتش;ماتيتش;ماتيش,سنة ميلادي 1988، وطولي المدوّن ببيانات موسم ٢٠٢١–٢٠٢٢ حوالي 194 سم.,قدمي المفضلة اليسرى، ومن مراكزي وسط دفاعي.,جنسيتي الكروية صربيا، وألعب بمركز وسط دفاعي.,في بيانات موسم ٢٠٢١–٢٠٢٢ كنت مع Manchester United. ورقم قميصي المدوّن 31. اسمي الكروي يبدأ بالحرف M.,"FIFA 22 player dataset (2021 snapshot), SoFIFA-based"
fifa22_162240,Mousa Dembélé,M. Dembélé;Mousa Sidi Yaya Dembélé;Mousa Dembélé;Dembélé;موسى ديمبيلي;موسى دمبيلي,سنة ميلادي 1987، وطولي المدوّن ببيانات موسم ٢٠٢١–٢٠٢٢ حوالي 185 سم.,قدمي المفضلة اليسرى، ومن مراكزي وسط مركزي.,جنسيتي الكروية بلجيكا، وألعب بمركز وسط مركزي.,في بيانات موسم ٢٠٢١–٢٠٢٢ كنت مع Guangzhou City. ورقم قميصي المدوّن 8. اسمي الكروي يبدأ بالحرف D.,"FIFA 22 player dataset (2021 snapshot), SoFIFA-based"
fifa22_178509,Olivier Giroud,O. Giroud;Olivier Giroud;Giroud;أوليفييه جيرو;اوليفييه جيرو;جيرو,سنة ميلادي 1986، وطولي المدوّن ببيانات موسم ٢٠٢١–٢٠٢٢ حوالي 193 سم.,قدمي المفضلة اليسرى، ومن مراكزي رأس حربة.,جنسيتي الكروية فرنسا، وألعب بمركز رأس حربة.,في بيانات موسم ٢٠٢١–٢٠٢٢ كنت مع AC Milan. ورقم قميصي المدوّن 9. اسمي الكروي يبدأ بالحرف G.,"FIFA 22 player dataset (2021 snapshot), SoFIFA-based"
fifa22_173221,Antonio Candreva,A. Candreva;Antonio Candreva;Candreva;أنطونيو كاندريفا;انتونيو كاندريفا;كاندريفا,سنة ميلادي 1987، وطولي المدوّن ببيانات موسم ٢٠٢١–٢٠٢٢ حوالي 180 سم.,قدمي المفضلة اليمنى، ومن مراكزي وسط/جناح أيمن.,جنسيتي الكروية إيطاليا، وألعب بمركز وسط/جناح أيمن.,في بيانات موسم ٢٠٢١–٢٠٢٢ كنت مع U.C. Sampdoria. ورقم قميصي المدوّن 87. اسمي الكروي يبدأ بالحرف C.,"FIFA 22 player dataset (2021 snapshot), SoFIFA-based"
fifa22_159145,Bafétimbi Gomis,B. Gomis;Bafétimbi Fredius Gomis;Bafétimbi Gomis;Gomis;بافيتيمبي غوميس;بافيتيمبي جوميس;غوميس;جوميس,سنة ميلادي 1985، وطولي المدوّن ببيانات موسم ٢٠٢١–٢٠٢٢ حوالي 186 سم.,قدمي المفضلة اليمنى، ومن مراكزي رأس حربة.,جنسيتي الكروية فرنسا، وألعب بمركز رأس حربة.,في بيانات موسم ٢٠٢١–٢٠٢٢ كنت مع Al Hilal. ورقم قميصي المدوّن 18. اسمي الكروي يبدأ بالحرف G.,"FIFA 22 player dataset (2021 snapshot), SoFIFA-based"
fifa22_170890,Blaise Matuidi,B. Matuidi;Blaise Matuidi;Matuidi;بليز ماتويدي;ماتويدي,سنة ميلادي 1987، وطولي المدوّن ببيانات موسم ٢٠٢١–٢٠٢٢ حوالي 180 سم.,قدمي المفضلة اليسرى، ومن مراكزي وسط دفاعي.,جنسيتي الكروية فرنسا، وألعب بمركز وسط دفاعي.,في بيانات موسم ٢٠٢١–٢٠٢٢ كنت مع Inter Miami CF. ورقم قميصي المدوّن 8. اسمي الكروي يبدأ بالحرف M.,"FIFA 22 player dataset (2021 snapshot), SoFIFA-based"
fifa22_236610,Moise Kean,M. Kean;Moise Bioty Kean;Moise Kean;Kean;مويس كين,سنة ميلادي 2000، وطولي المدوّن ببيانات موسم ٢٠٢١–٢٠٢٢ حوالي 182 سم.,قدمي المفضلة اليمنى، ومن مراكزي رأس حربة.,جنسيتي الكروية إيطاليا، وألعب بمركز رأس حربة.,في بيانات موسم ٢٠٢١–٢٠٢٢ كنت مع Juventus. ورقم قميصي المدوّن 18. اسمي الكروي يبدأ بالحرف K.,"FIFA 22 player dataset (2021 snapshot), SoFIFA-based"
fifa22_255475,Antony,Antony;Antony Matheus dos Santos;Antony Antony;أنتوني;انتوني;أنتوني البرازيلي,سنة ميلادي 2000، وطولي المدوّن ببيانات موسم ٢٠٢١–٢٠٢٢ حوالي 174 سم.,قدمي المفضلة اليسرى، ومن مراكزي جناح أيمن.,جنسيتي الكروية البرازيل، وألعب بمركز جناح أيمن.,في بيانات موسم ٢٠٢١–٢٠٢٢ كنت مع Ajax. ورقم قميصي المدوّن 11. اسمي الكروي يبدأ بالحرف A.,"FIFA 22 player dataset (2021 snapshot), SoFIFA-based"
fifa22_240243,Matheus Cunha,Matheus Cunha;Matheus Santos Carneiro Da Cunha;Matheus Matheus Cunha;ماتيوس كونيا;كونيا,سنة ميلادي 1999، وطولي المدوّن ببيانات موسم ٢٠٢١–٢٠٢٢ حوالي 183 سم.,قدمي المفضلة اليمنى، ومن مراكزي وسط هجومي.,جنسيتي الكروية البرازيل، وألعب بمركز وسط هجومي.,في بيانات موسم ٢٠٢١–٢٠٢٢ كنت مع Atlético de Madrid. ورقم قميصي المدوّن 19. اسمي الكروي يبدأ بالحرف M.,"FIFA 22 player dataset (2021 snapshot), SoFIFA-based"
fifa22_244067,Maxence Lacroix,M. Lacroix;Maxence Lacroix;Lacroix;ماكسنس لاكروا;لاكروا,سنة ميلادي 2000، وطولي المدوّن ببيانات موسم ٢٠٢١–٢٠٢٢ حوالي 190 سم.,قدمي المفضلة اليمنى، ومن مراكزي قلب دفاع.,جنسيتي الكروية فرنسا، وألعب بمركز قلب دفاع.,في بيانات موسم ٢٠٢١–٢٠٢٢ كنت مع VfL Wolfsburg. ورقم قميصي المدوّن 4. اسمي الكروي يبدأ بالحرف L.,"FIFA 22 player dataset (2021 snapshot), SoFIFA-based"
fifa22_225116,Alex Meret,A. Meret;Alex Meret;Meret;أليكس ميريت;اليكس ميريت;ميريت,سنة ميلادي 1997، وطولي المدوّن ببيانات موسم ٢٠٢١–٢٠٢٢ حوالي 190 سم.,قدمي المفضلة اليسرى، ومن مراكزي حارس مرمى.,جنسيتي الكروية إيطاليا، وألعب بمركز حارس مرمى.,في بيانات موسم ٢٠٢١–٢٠٢٢ كنت مع Napoli. ورقم قميصي المدوّن 1. اسمي الكروي يبدأ بالحرف M.,"FIFA 22 player dataset (2021 snapshot), SoFIFA-based"
fifa22_241637,Aurélien Tchouaméni,A. Tchouaméni;Aurélien Tchouaméni;Tchouaméni;أوريلين تشواميني;اوريلين تشواميني;تشواميني;تشوميني,سنة ميلادي 2000، وطولي المدوّن ببيانات موسم ٢٠٢١–٢٠٢٢ حوالي 187 سم.,قدمي المفضلة اليمنى، ومن مراكزي وسط مركزي.,جنسيتي الكروية فرنسا، وألعب بمركز وسط مركزي.,في بيانات موسم ٢٠٢١–٢٠٢٢ كنت مع AS Monaco. ورقم قميصي المدوّن 8. اسمي الكروي يبدأ بالحرف T.,"FIFA 22 player dataset (2021 snapshot), SoFIFA-based"
fifa22_228093,Marcus Thuram,M. Thuram;Marcus Lilian Thuram-Ulien;Marcus Thuram;Thuram;ماركوس تورام;تورام,سنة ميلادي 1997، وطولي المدوّن ببيانات موسم ٢٠٢١–٢٠٢٢ حوالي 192 سم.,قدمي المفضلة اليمنى، ومن مراكزي وسط/جناح أيسر.,جنسيتي الكروية فرنسا، وألعب بمركز وسط/جناح أيسر.,في بيانات موسم ٢٠٢١–٢٠٢٢ كنت مع Borussia Mönchengladbach. ورقم قميصي المدوّن 10. اسمي الكروي يبدأ بالحرف T.,"FIFA 22 player dataset (2021 snapshot), SoFIFA-based"
fifa22_216388,Allan Saint-Maximin,A. Saint-Maximin;Allan Saint-Maximin;Saint-Maximin;آلان سان ماكسيمان;الان سان ماكسيمان;سان ماكسيمان;سانماكسيمان,سنة ميلادي 1997، وطولي المدوّن ببيانات موسم ٢٠٢١–٢٠٢٢ حوالي 173 سم.,قدمي المفضلة اليمنى، ومن مراكزي وسط/جناح أيسر.,جنسيتي الكروية فرنسا، وألعب بمركز وسط/جناح أيسر.,في بيانات موسم ٢٠٢١–٢٠٢٢ كنت مع Newcastle United. ورقم قميصي المدوّن 10. اسمي الكروي يبدأ بالحرف S.,"FIFA 22 player dataset (2021 snapshot), SoFIFA-based"
fifa22_228687,Kasper Dolberg,K. Dolberg;Kasper Dolberg Rasmussen;Kasper Dolberg;Dolberg;كاسبر دولبيرغ;دولبيرغ;دولبيرج,سنة ميلادي 1997، وطولي المدوّن ببيانات موسم ٢٠٢١–٢٠٢٢ حوالي 187 سم.,قدمي المفضلة اليمنى، ومن مراكزي رأس حربة.,جنسيتي الكروية الدنمارك، وألعب بمركز رأس حربة.,في بيانات موسم ٢٠٢١–٢٠٢٢ كنت مع OGC Nice. ورقم قميصي المدوّن 9. اسمي الكروي يبدأ بالحرف D.,"FIFA 22 player dataset (2021 snapshot), SoFIFA-based"
fifa22_251809,Sven Botman,S. Botman;Sven Botman;Botman;سفين بوتمان;بوتمان,سنة ميلادي 2000، وطولي المدوّن ببيانات موسم ٢٠٢١–٢٠٢٢ حوالي 193 سم.,قدمي المفضلة اليسرى، ومن مراكزي قلب دفاع.,جنسيتي الكروية هولندا، وألعب بمركز قلب دفاع.,في بيانات موسم ٢٠٢١–٢٠٢٢ كنت مع LOSC Lille. ورقم قميصي المدوّن 4. اسمي الكروي يبدأ بالحرف B.,"FIFA 22 player dataset (2021 snapshot), SoFIFA-based"
fifa22_232756,Fikayo Tomori,F. Tomori;Fikayo Tomori;Tomori;فيكايو توموري;توموري,سنة ميلادي 1997، وطولي المدوّن ببيانات موسم ٢٠٢١–٢٠٢٢ حوالي 185 سم.,قدمي المفضلة اليمنى، ومن مراكزي قلب دفاع.,جنسيتي الكروية إنكلترا، وألعب بمركز قلب دفاع.,في بيانات موسم ٢٠٢١–٢٠٢٢ كنت مع AC Milan. ورقم قميصي المدوّن 23. اسمي الكروي يبدأ بالحرف T.,"FIFA 22 player dataset (2021 snapshot), SoFIFA-based"
fifa22_236506,Marcos Senesi,M. Senesi;Marcos Nicolás Senesi Barón;Marcos Senesi;Senesi;ماركوس سينيسي;سينيسي,سنة ميلادي 1997، وطولي المدوّن ببيانات موسم ٢٠٢١–٢٠٢٢ حوالي 183 سم.,قدمي المفضلة اليسرى، ومن مراكزي قلب دفاع.,جنسيتي الكروية الأرجنتين، وألعب بمركز قلب دفاع.,في بيانات موسم ٢٠٢١–٢٠٢٢ كنت مع Feyenoord. ورقم قميصي المدوّن 4. اسمي الكروي يبدأ بالحرف S.,"FIFA 22 player dataset (2021 snapshot), SoFIFA-based"
fifa22_236572,Owen Wijndal,O. Wijndal;Owen Wijndal;Wijndal;أوين فيندال;اوين فيندال;فيندال;ويندال,سنة ميلادي 1999، وطولي المدوّن ببيانات موسم ٢٠٢١–٢٠٢٢ حوالي 176 سم.,قدمي المفضلة اليسرى، ومن مراكزي ظهير أيسر.,جنسيتي الكروية هولندا، وألعب بمركز ظهير أيسر.,في بيانات موسم ٢٠٢١–٢٠٢٢ كنت مع AZ Alkmaar. ورقم قميصي المدوّن 5. اسمي الكروي يبدأ بالحرف W.,"FIFA 22 player dataset (2021 snapshot), SoFIFA-based"
fifa22_239301,Lisandro Martínez,L. Martínez;Lisandro Martínez;Martínez;ليساندرو مارتينيز,سنة ميلادي 1998، وطولي المدوّن ببيانات موسم ٢٠٢١–٢٠٢٢ حوالي 178 سم.,قدمي المفضلة اليسرى، ومن مراكزي قلب دفاع.,جنسيتي الكروية الأرجنتين، وألعب بمركز قلب دفاع.,في بيانات موسم ٢٠٢١–٢٠٢٢ كنت مع Ajax. ورقم قميصي المدوّن 21. اسمي الكروي يبدأ بالحرف M.,"FIFA 22 player dataset (2021 snapshot), SoFIFA-based"
fifa22_240679,Teun Koopmeiners,T. Koopmeiners;Teun Koopmeiners;Koopmeiners;تيون كوبمينرز;كوبمينرز;كووبمينرز,سنة ميلادي 1998، وطولي المدوّن ببيانات موسم ٢٠٢١–٢٠٢٢ حوالي 183 سم.,قدمي المفضلة اليسرى، ومن مراكزي وسط دفاعي.,جنسيتي الكروية هولندا، وألعب بمركز وسط دفاعي.,في بيانات موسم ٢٠٢١–٢٠٢٢ كنت مع Atalanta. ورقم قميصي المدوّن 7. اسمي الكروي يبدأ بالحرف K.,"FIFA 22 player dataset (2021 snapshot), SoFIFA-based"
fifa22_247851,Bruno Guimarães,Bruno Guimarães;Bruno Guimarães Rodriguez Moura;Bruno Bruno Guimarães;برونو غيمارايش;غيمارايش;جيمارايش;غيماريس,سنة ميلادي 1997، وطولي المدوّن ببيانات موسم ٢٠٢١–٢٠٢٢ حوالي 182 سم.,قدمي المفضلة اليمنى، ومن مراكزي وسط دفاعي.,جنسيتي الكروية البرازيل، وألعب بمركز وسط دفاعي.,في بيانات موسم ٢٠٢١–٢٠٢٢ كنت مع Olympique Lyonnais. ورقم قميصي المدوّن 39. اسمي الكروي يبدأ بالحرف B.,"FIFA 22 player dataset (2021 snapshot), SoFIFA-based"
fifa22_232580,Gabriel,Gabriel;Gabriel dos Santos Magalhães;Gabriel Gabriel;غابرييل ماغالهايس;جابرييل ماغالهايس;ماغالهايس,سنة ميلادي 1997، وطولي المدوّن ببيانات موسم ٢٠٢١–٢٠٢٢ حوالي 190 سم.,قدمي المفضلة اليسرى، ومن مراكزي قلب دفاع.,جنسيتي الكروية البرازيل، وألعب بمركز قلب دفاع.,في بيانات موسم ٢٠٢١–٢٠٢٢ كنت مع Arsenal. ورقم قميصي المدوّن 6. اسمي الكروي يبدأ بالحرف G.,"FIFA 22 player dataset (2021 snapshot), SoFIFA-based"
fifa22_232730,Daichi Kamada,D. Kamada;鎌田 大地;Daichi Kamada;Kamada;鎌田 Kamada;دايتشي كامادا;كامادا,سنة ميلادي 1996، وطولي المدوّن ببيانات موسم ٢٠٢١–٢٠٢٢ حوالي 184 سم.,قدمي المفضلة اليمنى، ومن مراكزي وسط هجومي.,جنسيتي الكروية اليابان، وألعب بمركز وسط هجومي.,في بيانات موسم ٢٠٢١–٢٠٢٢ كنت مع Eintracht Frankfurt. ورقم قميصي المدوّن 15. اسمي الكروي يبدأ بالحرف K.,"FIFA 22 player dataset (2021 snapshot), SoFIFA-based"
fifa22_218339,Mahmoud Dahoud,M. Dahoud;Mahmoud Dahoud;Dahoud;محمود داوود;داوود;داهود,سنة ميلادي 1996، وطولي المدوّن ببيانات موسم ٢٠٢١–٢٠٢٢ حوالي 178 سم.,قدمي المفضلة اليمنى، ومن مراكزي وسط مركزي.,جنسيتي الكروية ألمانيا، وألعب بمركز وسط مركزي.,في بيانات موسم ٢٠٢١–٢٠٢٢ كنت مع Borussia Dortmund. ورقم قميصي المدوّن 8. اسمي الكروي يبدأ بالحرف D.,"FIFA 22 player dataset (2021 snapshot), SoFIFA-based"
fifa22_222028,Julian Weigl,J. Weigl;Julian Weigl;Weigl;جوليان فايغل;فايغل;فايجل;ويغل,سنة ميلادي 1995، وطولي المدوّن ببيانات موسم ٢٠٢١–٢٠٢٢ حوالي 186 سم.,قدمي المفضلة اليمنى، ومن مراكزي وسط مركزي.,جنسيتي الكروية ألمانيا، وألعب بمركز وسط مركزي.,في بيانات موسم ٢٠٢١–٢٠٢٢ كنت مع SL Benfica. ورقم قميصي المدوّن 28. اسمي الكروي يبدأ بالحرف W.,"FIFA 22 player dataset (2021 snapshot), SoFIFA-based"
fifa22_226456,Pablo Fornals,Pablo Fornals;Pablo Fornals Malla;Pablo Pablo Fornals;بابلو فورنالس;فورنالس,سنة ميلادي 1996، وطولي المدوّن ببيانات موسم ٢٠٢١–٢٠٢٢ حوالي 178 سم.,قدمي المفضلة اليمنى، ومن مراكزي وسط/جناح أيسر.,جنسيتي الكروية إسبانيا، وألعب بمركز وسط/جناح أيسر.,في بيانات موسم ٢٠٢١–٢٠٢٢ كنت مع West Ham United. ورقم قميصي المدوّن 8. اسمي الكروي يبدأ بالحرف P.,"FIFA 22 player dataset (2021 snapshot), SoFIFA-based"
fifa22_221491,Nico Elvedi,N. Elvedi;Nico Elvedi;Elvedi;نيكو إلفيدي;نيكو الفيدي;إلفيدي;الفيدي,سنة ميلادي 1996، وطولي المدوّن ببيانات موسم ٢٠٢١–٢٠٢٢ حوالي 189 سم.,قدمي المفضلة اليمنى، ومن مراكزي قلب دفاع.,جنسيتي الكروية سويسرا، وألعب بمركز قلب دفاع.,في بيانات موسم ٢٠٢١–٢٠٢٢ كنت مع Borussia Mönchengladbach. ورقم قميصي المدوّن 30. اسمي الكروي يبدأ بالحرف E.,"FIFA 22 player dataset (2021 snapshot), SoFIFA-based"
fifa22_224490,Zeki Çelik,Z. Çelik;Mehmet Zeki Çelik;Zeki Çelik;Çelik;Mehmet Çelik;زكي تشيليك;تشيليك;شيليك,سنة ميلادي 1997، وطولي المدوّن ببيانات موسم ٢٠٢١–٢٠٢٢ حوالي 180 سم.,قدمي المفضلة اليمنى، ومن مراكزي ظهير أيمن.,جنسيتي الكروية تركيا، وألعب بمركز ظهير أيمن.,في بيانات موسم ٢٠٢١–٢٠٢٢ كنت مع LOSC Lille. ورقم قميصي المدوّن 2. اسمي الكروي يبدأ بالحرف Ç.,"FIFA 22 player dataset (2021 snapshot), SoFIFA-based"
fifa22_210625,Kevin Mbabu,K. Mbabu;Melingo Kevin Mbabu;Kevin Mbabu;Mbabu;Melingo Mbabu;كيفن مبابو;مبابو,سنة ميلادي 1995، وطولي المدوّن ببيانات موسم ٢٠٢١–٢٠٢٢ حوالي 184 سم.,قدمي المفضلة اليمنى، ومن مراكزي ظهير أيمن.,جنسيتي الكروية سويسرا، وألعب بمركز ظهير أيمن.,في بيانات موسم ٢٠٢١–٢٠٢٢ كنت مع VfL Wolfsburg. ورقم قميصي المدوّن 19. اسمي الكروي يبدأ بالحرف M.,"FIFA 22 player dataset (2021 snapshot), SoFIFA-based"
fifa22_220253,Munir,Munir;Munir El Haddadi Mohamed;Munir Munir;منير الحدادي;الحدادي,سنة ميلادي 1995، وطولي المدوّن ببيانات موسم ٢٠٢١–٢٠٢٢ حوالي 175 سم.,قدمي المفضلة اليسرى، ومن مراكزي جناح أيسر.,جنسيتي الكروية المغرب، وألعب بمركز جناح أيسر.,في بيانات موسم ٢٠٢١–٢٠٢٢ كنت مع Sevilla FC. ورقم قميصي المدوّن 11. اسمي الكروي يبدأ بالحرف M.,"FIFA 22 player dataset (2021 snapshot), SoFIFA-based"
fifa22_224196,Ramy Bensebaini,R. Bensebaini;Ramy Bensebaini;Bensebaini;رامي بن سبعيني;بن سبعيني;بنسعبيني;بنسبعيني,سنة ميلادي 1995، وطولي المدوّن ببيانات موسم ٢٠٢١–٢٠٢٢ حوالي 186 سم.,قدمي المفضلة اليسرى، ومن مراكزي ظهير أيسر.,جنسيتي الكروية الجزائر، وألعب بمركز ظهير أيسر.,في بيانات موسم ٢٠٢١–٢٠٢٢ كنت مع Borussia Mönchengladbach. ورقم قميصي المدوّن 25. اسمي الكروي يبدأ بالحرف B.,"FIFA 22 player dataset (2021 snapshot), SoFIFA-based"
fifa22_237239,Enis Bardhi,E. Bardhi;Enis Bardhi;Bardhi;إينيس باردي;اينيس باردي;باردي,سنة ميلادي 1995، وطولي المدوّن ببيانات موسم ٢٠٢١–٢٠٢٢ حوالي 172 سم.,قدمي المفضلة اليمنى، ومن مراكزي وسط/جناح أيسر.,جنسيتي الكروية مقدونيا الشمالية، وألعب بمركز وسط/جناح أيسر.,في بيانات موسم ٢٠٢١–٢٠٢٢ كنت مع Levante Unión Deportiva. ورقم قميصي المدوّن 10. اسمي الكروي يبدأ بالحرف B.,"FIFA 22 player dataset (2021 snapshot), SoFIFA-based"
fifa22_219809,Tiemoué Bakayoko,T. Bakayoko;Tiemoué Bakayoko;Bakayoko;تيموي باكايوكو;باكايوكو,سنة ميلادي 1994، وطولي المدوّن ببيانات موسم ٢٠٢١–٢٠٢٢ حوالي 189 سم.,قدمي المفضلة اليمنى، ومن مراكزي وسط دفاعي.,جنسيتي الكروية فرنسا، وألعب بمركز وسط دفاعي.,في بيانات موسم ٢٠٢١–٢٠٢٢ كنت مع AC Milan. ورقم قميصي المدوّن 99. اسمي الكروي يبدأ بالحرف B.,"FIFA 22 player dataset (2021 snapshot), SoFIFA-based"
fifa22_220793,Davinson Sánchez,D. Sánchez;Davinson Sánchez Mina;Davinson Sánchez;Sánchez;دافينسون سانشيز,سنة ميلادي 1996، وطولي المدوّن ببيانات موسم ٢٠٢١–٢٠٢٢ حوالي 187 سم.,قدمي المفضلة اليمنى، ومن مراكزي قلب دفاع.,جنسيتي الكروية كولومبيا، وألعب بمركز قلب دفاع.,في بيانات موسم ٢٠٢١–٢٠٢٢ كنت مع Tottenham Hotspur. ورقم قميصي المدوّن 6. اسمي الكروي يبدأ بالحرف S.,"FIFA 22 player dataset (2021 snapshot), SoFIFA-based"
fifa22_204884,Benjamin Mendy,B. Mendy;Benjamin Mendy;Mendy;بنجامين ميندي;بنجامين مندي,سنة ميلادي 1994، وطولي المدوّن ببيانات موسم ٢٠٢١–٢٠٢٢ حوالي 185 سم.,قدمي المفضلة اليسرى، ومن مراكزي ظهير أيسر.,جنسيتي الكروية فرنسا، وألعب بمركز ظهير أيسر.,في بيانات موسم ٢٠٢١–٢٠٢٢ كنت مع Manchester City. ورقم قميصي المدوّن 22. اسمي الكروي يبدأ بالحرف M.,"FIFA 22 player dataset (2021 snapshot), SoFIFA-based"
fifa22_206585,Kepa,Kepa;Kepa Arrizabalaga Revuelta;Kepa Kepa;كيبا;كيبا أريزابالاغا;كيبا اريزابالاغا,سنة ميلادي 1994، وطولي المدوّن ببيانات موسم ٢٠٢١–٢٠٢٢ حوالي 186 سم.,قدمي المفضلة اليمنى، ومن مراكزي حارس مرمى.,جنسيتي الكروية إسبانيا، وألعب بمركز حارس مرمى.,في بيانات موسم ٢٠٢١–٢٠٢٢ كنت مع Chelsea. ورقم قميصي المدوّن 1. اسمي الكروي يبدأ بالحرف K.,"FIFA 22 player dataset (2021 snapshot), SoFIFA-based"
fifa22_220523,Yerry Mina,Y. Mina;Yerry Fernando Mina González;Yerry Mina;Mina;ييري مينا,سنة ميلادي 1994، وطولي المدوّن ببيانات موسم ٢٠٢١–٢٠٢٢ حوالي 195 سم.,قدمي المفضلة اليمنى، ومن مراكزي قلب دفاع.,جنسيتي الكروية كولومبيا، وألعب بمركز قلب دفاع.,في بيانات موسم ٢٠٢١–٢٠٢٢ كنت مع Everton. ورقم قميصي المدوّن 13. اسمي الكروي يبدأ بالحرف M.,"FIFA 22 player dataset (2021 snapshot), SoFIFA-based"
fifa22_198784,Alex Oxlade-Chamberlain,A. Oxlade-Chamberlain;Alex Oxlade-Chamberlain;Oxlade-Chamberlain;أليكس أوكسليد تشامبرلين;اوكسليد تشامبرلين;تشامبرلين,سنة ميلادي 1993، وطولي المدوّن ببيانات موسم ٢٠٢١–٢٠٢٢ حوالي 175 سم.,قدمي المفضلة اليمنى، ومن مراكزي وسط مركزي.,جنسيتي الكروية إنكلترا، وألعب بمركز وسط مركزي.,في بيانات موسم ٢٠٢١–٢٠٢٢ كنت مع Liverpool. ورقم قميصي المدوّن 15. اسمي الكروي يبدأ بالحرف O.,"FIFA 22 player dataset (2021 snapshot), SoFIFA-based"
fifa22_211748,Kerem Demirbay,K. Demirbay;Kerem Demirbay;Demirbay;كريم ديميرباي;ديميرباي,سنة ميلادي 1993، وطولي المدوّن ببيانات موسم ٢٠٢١–٢٠٢٢ حوالي 183 سم.,قدمي المفضلة اليسرى، ومن مراكزي وسط مركزي.,جنسيتي الكروية ألمانيا، وألعب بمركز وسط مركزي.,في بيانات موسم ٢٠٢١–٢٠٢٢ كنت مع Bayer 04 Leverkusen. ورقم قميصي المدوّن 10. اسمي الكروي يبدأ بالحرف D.,"FIFA 22 player dataset (2021 snapshot), SoFIFA-based"
fifa22_212404,Federico Bernardeschi,F. Bernardeschi;Federico Bernardeschi;Bernardeschi;فيديريكو بيرنارديسكي;بيرنارديسكي,سنة ميلادي 1994، وطولي المدوّن ببيانات موسم ٢٠٢١–٢٠٢٢ حوالي 185 سم.,قدمي المفضلة اليسرى، ومن مراكزي وسط هجومي.,جنسيتي الكروية إيطاليا، وألعب بمركز وسط هجومي.,في بيانات موسم ٢٠٢١–٢٠٢٢ كنت مع Juventus. ورقم قميصي المدوّن 20. اسمي الكروي يبدأ بالحرف B.,"FIFA 22 player dataset (2021 snapshot), SoFIFA-based"
fifa22_206467,Alassane Plea,A. Plea;Alassane Alexandre Pléa;Alassane Plea;Plea;ألاسان بليا;الاسان بليا;بليا,سنة ميلادي 1993، وطولي المدوّن ببيانات موسم ٢٠٢١–٢٠٢٢ حوالي 181 سم.,قدمي المفضلة اليمنى، ومن مراكزي رأس حربة.,جنسيتي الكروية فرنسا، وألعب بمركز رأس حربة.,في بيانات موسم ٢٠٢١–٢٠٢٢ كنت مع Borussia Mönchengladbach. ورقم قميصي المدوّن 14. اسمي الكروي يبدأ بالحرف P.,"FIFA 22 player dataset (2021 snapshot), SoFIFA-based"
fifa22_196978,Callum Wilson,C. Wilson;Callum Wilson;Wilson;كالوم ويلسون;ويلسون,سنة ميلادي 1992، وطولي المدوّن ببيانات موسم ٢٠٢١–٢٠٢٢ حوالي 180 سم.,قدمي المفضلة اليمنى، ومن مراكزي رأس حربة.,جنسيتي الكروية إنكلترا، وألعب بمركز رأس حربة.,في بيانات موسم ٢٠٢١–٢٠٢٢ كنت مع Newcastle United. ورقم قميصي المدوّن 9. اسمي الكروي يبدأ بالحرف W.,"FIFA 22 player dataset (2021 snapshot), SoFIFA-based"
fifa22_201455,Geoffrey Kondogbia,G. Kondogbia;Geoffrey Edwin Kondogbia;Geoffrey Kondogbia;Kondogbia;جيفري كوندوغبيا;كوندوغبيا;كوندوجبيا,سنة ميلادي 1993، وطولي المدوّن ببيانات موسم ٢٠٢١–٢٠٢٢ حوالي 188 سم.,قدمي المفضلة اليسرى، ومن مراكزي وسط مركزي.,جنسيتي الكروية جمهورية أفريقيا الوسطى، وألعب بمركز وسط مركزي.,في بيانات موسم ٢٠٢١–٢٠٢٢ كنت مع Atlético de Madrid. ورقم قميصي المدوّن 4. اسمي الكروي يبدأ بالحرف K.,"FIFA 22 player dataset (2021 snapshot), SoFIFA-based"
fifa22_202335,Eric Dier,E. Dier;Eric Dier;Dier;إيريك داير;ايريك داير;داير,سنة ميلادي 1994، وطولي المدوّن ببيانات موسم ٢٠٢١–٢٠٢٢ حوالي 190 سم.,قدمي المفضلة اليمنى، ومن مراكزي قلب دفاع.,جنسيتي الكروية إنكلترا، وألعب بمركز قلب دفاع.,في بيانات موسم ٢٠٢١–٢٠٢٢ كنت مع Tottenham Hotspur. ورقم قميصي المدوّن 15. اسمي الكروي يبدأ بالحرف D.,"FIFA 22 player dataset (2021 snapshot), SoFIFA-based"
fifa22_203483,Davy Klaassen,D. Klaassen;Davy Klaassen;Klaassen;دافي كلاسن;كلاسن;كلاسين,سنة ميلادي 1993، وطولي المدوّن ببيانات موسم ٢٠٢١–٢٠٢٢ حوالي 179 سم.,قدمي المفضلة اليمنى، ومن مراكزي وسط هجومي.,جنسيتي الكروية هولندا، وألعب بمركز وسط هجومي.,في بيانات موسم ٢٠٢١–٢٠٢٢ كنت مع Ajax. ورقم قميصي المدوّن 6. اسمي الكروي يبدأ بالحرف K.,"FIFA 22 player dataset (2021 snapshot), SoFIFA-based"
fifa22_207494,Jesse Lingard,J. Lingard;Jesse Lingard;Lingard;جيسي لينغارد;لينغارد;لينجارد,سنة ميلادي 1992، وطولي المدوّن ببيانات موسم ٢٠٢١–٢٠٢٢ حوالي 175 سم.,قدمي المفضلة اليمنى، ومن مراكزي وسط هجومي.,جنسيتي الكروية إنكلترا، وألعب بمركز وسط هجومي.,في بيانات موسم ٢٠٢١–٢٠٢٢ كنت مع Manchester United. ورقم قميصي المدوّن 14. اسمي الكروي يبدأ بالحرف L.,"FIFA 22 player dataset (2021 snapshot), SoFIFA-based"
fifa22_208135,Abdoulaye Doucouré,A. Doucouré;Abdoulaye Doucouré;Doucouré;عبد الله دوكوري;عبدالله دوكوري;دوكوري,سنة ميلادي 1993، وطولي المدوّن ببيانات موسم ٢٠٢١–٢٠٢٢ حوالي 184 سم.,قدمي المفضلة اليمنى، ومن مراكزي وسط مركزي.,جنسيتي الكروية فرنسا، وألعب بمركز وسط مركزي.,في بيانات موسم ٢٠٢١–٢٠٢٢ كنت مع Everton. ورقم قميصي المدوّن 16. اسمي الكروي يبدأ بالحرف D.,"FIFA 22 player dataset (2021 snapshot), SoFIFA-based"
fifa22_210324,Jonas Hofmann,J. Hofmann;Jonas Hofmann;Hofmann;يوناس هوفمان;هوفمان,سنة ميلادي 1992، وطولي المدوّن ببيانات موسم ٢٠٢١–٢٠٢٢ حوالي 176 سم.,قدمي المفضلة اليمنى، ومن مراكزي وسط مركزي.,جنسيتي الكروية ألمانيا، وألعب بمركز وسط مركزي.,في بيانات موسم ٢٠٢١–٢٠٢٢ كنت مع Borussia Mönchengladbach. ورقم قميصي المدوّن 23. اسمي الكروي يبدأ بالحرف H.,"FIFA 22 player dataset (2021 snapshot), SoFIFA-based"
fifa22_210513,Juan Quintero,J. Quintero;Juan Fernando Quintero Paniagua;Juan Quintero;Quintero;خوان كينتيرو;كينتيرو,سنة ميلادي 1993، وطولي المدوّن ببيانات موسم ٢٠٢١–٢٠٢٢ حوالي 169 سم.,قدمي المفضلة اليسرى، ومن مراكزي وسط هجومي.,جنسيتي الكروية كولومبيا، وألعب بمركز وسط هجومي.,في بيانات موسم ٢٠٢١–٢٠٢٢ كنت مع Shenzhen FC. ورقم قميصي المدوّن 10. اسمي الكروي يبدأ بالحرف Q.,"FIFA 22 player dataset (2021 snapshot), SoFIFA-based"
fifa22_212096,Vincenzo Grifo,V. Grifo;Vincenzo Grifo;Grifo;فينتشينزو غريفو;غريفو;جريفو,سنة ميلادي 1993، وطولي المدوّن ببيانات موسم ٢٠٢١–٢٠٢٢ حوالي 180 سم.,قدمي المفضلة اليمنى، ومن مراكزي وسط/جناح أيسر.,جنسيتي الكروية إيطاليا، وألعب بمركز وسط/جناح أيسر.,في بيانات موسم ٢٠٢١–٢٠٢٢ كنت مع Sport-Club Freiburg. ورقم قميصي المدوّن 32. اسمي الكروي يبدأ بالحرف G.,"FIFA 22 player dataset (2021 snapshot), SoFIFA-based"
fifa22_225508,Eric Bailly,E. Bailly;Eric Bertrand Bailly;Eric Bailly;Bailly;إيريك بايلي;ايريك بايلي;بايلي,سنة ميلادي 1994، وطولي المدوّن ببيانات موسم ٢٠٢١–٢٠٢٢ حوالي 186 سم.,قدمي المفضلة اليمنى، ومن مراكزي قلب دفاع.,جنسيتي الكروية ساحل العاج، وألعب بمركز قلب دفاع.,في بيانات موسم ٢٠٢١–٢٠٢٢ كنت مع Manchester United. ورقم قميصي المدوّن 3. اسمي الكروي يبدأ بالحرف B.,"FIFA 22 player dataset (2021 snapshot), SoFIFA-based"
fifa22_189805,Luuk de Jong,L. de Jong;Luuk de Jong;de Jong;لوك دي يونغ;لوك دي يونج,سنة ميلادي 1990، وطولي المدوّن ببيانات موسم ٢٠٢١–٢٠٢٢ حوالي 188 سم.,قدمي المفضلة اليمنى، ومن مراكزي رأس حربة.,جنسيتي الكروية هولندا، وألعب بمركز رأس حربة.,في بيانات موسم ٢٠٢١–٢٠٢٢ كنت مع FC Barcelona. ورقم قميصي المدوّن 17. اسمي الكروي يبدأ بالحرف d.,"FIFA 22 player dataset (2021 snapshot), SoFIFA-based"
fifa22_192064,Ricardo Goulart,Gao Late;高拉特;Ricardo Goulart;ريكاردو غولارت;غولارت;جولارت,سنة ميلادي 1991، وطولي المدوّن ببيانات موسم ٢٠٢١–٢٠٢٢ حوالي 185 سم.,قدمي المفضلة اليمنى، ومن مراكزي رأس حربة.,جنسيتي الكروية الصين، وألعب بمركز رأس حربة.,في بيانات موسم ٢٠٢١–٢٠٢٢ كنت مع Guangzhou FC. ورقم قميصي المدوّن 11. اسمي الكروي يبدأ بالحرف G.,"FIFA 22 player dataset (2021 snapshot), SoFIFA-based"
fifa22_200315,Cristian Tello,Cristian Tello;Cristian Tello Herrera;Cristian Cristian Tello;كريستيان تيو;تيو;تييو,سنة ميلادي 1991، وطولي المدوّن ببيانات موسم ٢٠٢١–٢٠٢٢ حوالي 178 سم.,قدمي المفضلة اليمنى، ومن مراكزي وسط/جناح أيسر.,جنسيتي الكروية إسبانيا، وألعب بمركز وسط/جناح أيسر.,في بيانات موسم ٢٠٢١–٢٠٢٢ كنت مع Real Betis Balompié. ورقم قميصي المدوّن 11. اسمي الكروي يبدأ بالحرف C.,"FIFA 22 player dataset (2021 snapshot), SoFIFA-based"
fifa22_203299,André Carrillo,A. Carrillo;André Martín Carrillo Díaz;André Carrillo;Carrillo;أندريه كاريو;اندريه كاريو;كاريو;كاريلو,سنة ميلادي 1991، وطولي المدوّن ببيانات موسم ٢٠٢١–٢٠٢٢ حوالي 182 سم.,قدمي المفضلة اليمنى، ومن مراكزي وسط/جناح أيمن.,جنسيتي الكروية بيرو، وألعب بمركز وسط/جناح أيمن.,في بيانات موسم ٢٠٢١–٢٠٢٢ كنت مع Al Hilal. ورقم قميصي المدوّن 19. اسمي الكروي يبدأ بالحرف C.,"FIFA 22 player dataset (2021 snapshot), SoFIFA-based"
fifa22_204538,Raúl Ruidíaz,R. Ruidíaz;Raúl Mario Ruidíaz Misitich;Raúl Ruidíaz;Ruidíaz;راؤول رويدياز;رويدياز,سنة ميلادي 1990، وطولي المدوّن ببيانات موسم ٢٠٢١–٢٠٢٢ حوالي 169 سم.,قدمي المفضلة اليمنى، ومن مراكزي رأس حربة.,جنسيتي الكروية بيرو، وألعب بمركز رأس حربة.,في بيانات موسم ٢٠٢١–٢٠٢٢ كنت مع Seattle Sounders FC. ورقم قميصي المدوّن 9. اسمي الكروي يبدأ بالحرف R.,"FIFA 22 player dataset (2021 snapshot), SoFIFA-based"
fifa22_206545,Manu Trigueros,Manu Trigueros;Manuel Trigueros Muñoz;Manuel Manu Trigueros;مانو تريغيروس;تريغيروس;تريجيروس,سنة ميلادي 1991، وطولي المدوّن ببيانات موسم ٢٠٢١–٢٠٢٢ حوالي 178 سم.,قدمي المفضلة اليمنى، ومن مراكزي وسط مركزي.,جنسيتي الكروية إسبانيا، وألعب بمركز وسط مركزي.,في بيانات موسم ٢٠٢١–٢٠٢٢ كنت مع Villarreal CF. ورقم قميصي المدوّن 14. اسمي الكروي يبدأ بالحرف M.,"FIFA 22 player dataset (2021 snapshot), SoFIFA-based"
fifa22_205923,Ben Davies,B. Davies;Benjamin Thomas Davies;Ben Davies;Davies;Benjamin Davies;بن ديفيز;بن ديفيس,سنة ميلادي 1993، وطولي المدوّن ببيانات موسم ٢٠٢١–٢٠٢٢ حوالي 182 سم.,قدمي المفضلة اليسرى، ومن مراكزي ظهير أيسر.,جنسيتي الكروية ويلز، وألعب بمركز ظهير أيسر.,في بيانات موسم ٢٠٢١–٢٠٢٢ كنت مع Tottenham Hotspur. ورقم قميصي المدوّن 33. اسمي الكروي يبدأ بالحرف D.,"FIFA 22 player dataset (2021 snapshot), SoFIFA-based"
fifa22_209846,Christian Günter,C. Günter;Christian Günter;Günter;كريستيان غونتر;غونتر;جونتر,سنة ميلادي 1993، وطولي المدوّن ببيانات موسم ٢٠٢١–٢٠٢٢ حوالي 184 سم.,قدمي المفضلة اليسرى، ومن مراكزي ظهير أيسر.,جنسيتي الكروية ألمانيا، وألعب بمركز ظهير أيسر.,في بيانات موسم ٢٠٢١–٢٠٢٢ كنت مع Sport-Club Freiburg. ورقم قميصي المدوّن 30. اسمي الكروي يبدأ بالحرف G.,"FIFA 22 player dataset (2021 snapshot), SoFIFA-based"
fifa22_216145,Armando Izzo,A. Izzo;Armando Izzo;Izzo;أرماندو إيتزو;ارماندو ايتزو;إيتزو;ايتزو,سنة ميلادي 1992، وطولي المدوّن ببيانات موسم ٢٠٢١–٢٠٢٢ حوالي 183 سم.,قدمي المفضلة اليمنى، ومن مراكزي قلب دفاع.,جنسيتي الكروية إيطاليا، وألعب بمركز قلب دفاع.,في بيانات موسم ٢٠٢١–٢٠٢٢ كنت مع Torino F.C.. ورقم قميصي المدوّن 5. اسمي الكروي يبدأ بالحرف I.,"FIFA 22 player dataset (2021 snapshot), SoFIFA-based"
fifa22_223597,Ruben Aguilar,R. Aguilar;Ruben Aguilar;Aguilar;روبن أغيلار;روبن اغيلار;أغيلار;اغيلار,سنة ميلادي 1993، وطولي المدوّن ببيانات موسم ٢٠٢١–٢٠٢٢ حوالي 172 سم.,قدمي المفضلة اليمنى، ومن مراكزي ظهير أيمن.,جنسيتي الكروية فرنسا، وألعب بمركز ظهير أيمن.,في بيانات موسم ٢٠٢١–٢٠٢٢ كنت مع AS Monaco. ورقم قميصي المدوّن 26. اسمي الكروي يبدأ بالحرف A.,"FIFA 22 player dataset (2021 snapshot), SoFIFA-based"
fifa22_224031,Adam Marušić,A. Marušić;Adam Marušić;Marušić;آدم ماروسيتش;ادم ماروسيتش;ماروسيتش,سنة ميلادي 1992، وطولي المدوّن ببيانات موسم ٢٠٢١–٢٠٢٢ حوالي 185 سم.,قدمي المفضلة اليمنى، ومن مراكزي ظهير أيمن هجومي.,جنسيتي الكروية الجبل الأسود، وألعب بمركز ظهير أيمن هجومي.,في بيانات موسم ٢٠٢١–٢٠٢٢ كنت مع Lazio. ورقم قميصي المدوّن 77. اسمي الكروي يبدأ بالحرف M.,"FIFA 22 player dataset (2021 snapshot), SoFIFA-based"
fifa22_204259,Santiago Arias,S. Arias;Santiago Arias Naranjo;Santiago Arias;Arias;سانتياغو أرياس;سانتياغو ارياس;أرياس;ارياس,سنة ميلادي 1992، وطولي المدوّن ببيانات موسم ٢٠٢١–٢٠٢٢ حوالي 178 سم.,قدمي المفضلة اليمنى، ومن مراكزي ظهير أيمن.,جنسيتي الكروية كولومبيا، وألعب بمركز ظهير أيمن.,في بيانات موسم ٢٠٢١–٢٠٢٢ كنت مع Granada CF. ورقم قميصي المدوّن 2. اسمي الكروي يبدأ بالحرف A.,"FIFA 22 player dataset (2021 snapshot), SoFIFA-based"
fifa22_216150,Davide Zappacosta,D. Zappacosta;Davide Zappacosta;Zappacosta;دافيدي زاباكوستا;زاباكوستا,سنة ميلادي 1992، وطولي المدوّن ببيانات موسم ٢٠٢١–٢٠٢٢ حوالي 182 سم.,قدمي المفضلة اليمنى، ومن مراكزي ظهير أيمن هجومي.,جنسيتي الكروية إيطاليا، وألعب بمركز ظهير أيمن هجومي.,في بيانات موسم ٢٠٢١–٢٠٢٢ كنت مع Atalanta. ورقم قميصي المدوّن 77. اسمي الكروي يبدأ بالحرف Z.,"FIFA 22 player dataset (2021 snapshot), SoFIFA-based"
fifa22_219789,Hamari Traoré,H. Traoré;Hamari Traoré;Traoré;هماري تراوري,سنة ميلادي 1992، وطولي المدوّن ببيانات موسم ٢٠٢١–٢٠٢٢ حوالي 175 سم.,قدمي المفضلة اليمنى، ومن مراكزي ظهير أيمن.,جنسيتي الكروية مالي، وألعب بمركز ظهير أيمن.,في بيانات موسم ٢٠٢١–٢٠٢٢ كنت مع Stade Rennais FC. ورقم قميصي المدوّن 27. اسمي الكروي يبدأ بالحرف T.,"FIFA 22 player dataset (2021 snapshot), SoFIFA-based"
fifa22_190717,Michail Antonio,M. Antonio;Michail Antonio;Antonio;ميخائيل أنطونيو;ميخائيل انطونيو;ميشيل أنطونيو;انطونيو,سنة ميلادي 1990، وطولي المدوّن ببيانات موسم ٢٠٢١–٢٠٢٢ حوالي 178 سم.,قدمي المفضلة اليمنى، ومن مراكزي رأس حربة.,جنسيتي الكروية جامايكا، وألعب بمركز رأس حربة.,في بيانات موسم ٢٠٢١–٢٠٢٢ كنت مع West Ham United. ورقم قميصي المدوّن 9. اسمي الكروي يبدأ بالحرف A.,"FIFA 22 player dataset (2021 snapshot), SoFIFA-based"
fifa22_192598,Elkeson,Ai Kesen;艾克森;Elkeson;إلكيسون;الكيسون;إلكسون,سنة ميلادي 1989، وطولي المدوّن ببيانات موسم ٢٠٢١–٢٠٢٢ حوالي 180 سم.,قدمي المفضلة اليمنى، ومن مراكزي رأس حربة.,جنسيتي الكروية الصين، وألعب بمركز رأس حربة.,في بيانات موسم ٢٠٢١–٢٠٢٢ كنت مع Guangzhou FC. ورقم قميصي المدوّن 9. اسمي الكروي يبدأ بالحرف A.,"FIFA 22 player dataset (2021 snapshot), SoFIFA-based"
fifa22_192638,Marcos Alonso,Marcos Alonso;Marcos Alonso Mendoza;Marcos Marcos Alonso;ماركوس ألونسو;ماركوس الونسو,سنة ميلادي 1990، وطولي المدوّن ببيانات موسم ٢٠٢١–٢٠٢٢ حوالي 188 سم.,قدمي المفضلة اليسرى، ومن مراكزي ظهير أيسر هجومي.,جنسيتي الكروية إسبانيا، وألعب بمركز ظهير أيسر هجومي.,في بيانات موسم ٢٠٢١–٢٠٢٢ كنت مع Chelsea. ورقم قميصي المدوّن 3. اسمي الكروي يبدأ بالحرف M.,"FIFA 22 player dataset (2021 snapshot), SoFIFA-based"
fifa22_192789,Mario Gaspar,Mario Gaspar;Mario Gaspar Pérez Martínez;Mario Mario Gaspar;ماريو غاسبار;غاسبار;جاسبار,سنة ميلادي 1990، وطولي المدوّن ببيانات موسم ٢٠٢١–٢٠٢٢ حوالي 180 سم.,قدمي المفضلة اليمنى، ومن مراكزي ظهير أيمن.,جنسيتي الكروية إسبانيا، وألعب بمركز ظهير أيمن.,في بيانات موسم ٢٠٢١–٢٠٢٢ كنت مع Villarreal CF. ورقم قميصي المدوّن 2. اسمي الكروي يبدأ بالحرف M.,"FIFA 22 player dataset (2021 snapshot), SoFIFA-based"
fifa22_193198,Nemanja Gudelj,N. Gudelj;Nemanja Gudelj;Gudelj;نيمانيا غوديلي;غوديلي;جوديلي,سنة ميلادي 1991، وطولي المدوّن ببيانات موسم ٢٠٢١–٢٠٢٢ حوالي 187 سم.,قدمي المفضلة اليمنى، ومن مراكزي وسط دفاعي.,جنسيتي الكروية صربيا، وألعب بمركز وسط دفاعي.,في بيانات موسم ٢٠٢١–٢٠٢٢ كنت مع Sevilla FC. ورقم قميصي المدوّن 6. اسمي الكروي يبدأ بالحرف G.,"FIFA 22 player dataset (2021 snapshot), SoFIFA-based"
fifa22_202857,Karim Bellarabi,K. Bellarabi;Karim Bellarabi;Bellarabi;كريم بلعربي;بلعربي,سنة ميلادي 1990، وطولي المدوّن ببيانات موسم ٢٠٢١–٢٠٢٢ حوالي 184 سم.,قدمي المفضلة اليمنى، ومن مراكزي جناح أيمن.,جنسيتي الكروية ألمانيا، وألعب بمركز جناح أيمن.,في بيانات موسم ٢٠٢١–٢٠٢٢ كنت مع Bayer 04 Leverkusen. ورقم قميصي المدوّن 38. اسمي الكروي يبدأ بالحرف B.,"FIFA 22 player dataset (2021 snapshot), SoFIFA-based"
fifa22_204024,Christoph Kramer,C. Kramer;Christoph Kramer;Kramer;كريستوف كرامر;كرامر,سنة ميلادي 1991، وطولي المدوّن ببيانات موسم ٢٠٢١–٢٠٢٢ حوالي 191 سم.,قدمي المفضلة اليمنى، ومن مراكزي وسط دفاعي.,جنسيتي الكروية ألمانيا، وألعب بمركز وسط دفاعي.,في بيانات موسم ٢٠٢١–٢٠٢٢ كنت مع Borussia Mönchengladbach. ورقم قميصي المدوّن 6. اسمي الكروي يبدأ بالحرف K.,"FIFA 22 player dataset (2021 snapshot), SoFIFA-based"
fifa22_199354,Lucas Pérez,Lucas Pérez;Lucas Pérez Martínez;Lucas Lucas Pérez;لوكاس بيريز,سنة ميلادي 1988، وطولي المدوّن ببيانات موسم ٢٠٢١–٢٠٢٢ حوالي 180 سم.,قدمي المفضلة اليسرى، ومن مراكزي رأس حربة.,جنسيتي الكروية إسبانيا، وألعب بمركز رأس حربة.,في بيانات موسم ٢٠٢١–٢٠٢٢ كنت مع Elche CF. ورقم قميصي المدوّن 12. اسمي الكروي يبدأ بالحرف L.,"FIFA 22 player dataset (2021 snapshot), SoFIFA-based"
fifa22_200726,Benjamin Lecomte,B. Lecomte;Benjamin Lecomte;Lecomte;بنجامين ليكومت;ليكومت;ليكونت,سنة ميلادي 1991، وطولي المدوّن ببيانات موسم ٢٠٢١–٢٠٢٢ حوالي 187 سم.,قدمي المفضلة اليسرى، ومن مراكزي حارس مرمى.,جنسيتي الكروية فرنسا، وألعب بمركز حارس مرمى.,في بيانات موسم ٢٠٢١–٢٠٢٢ كنت مع Atlético de Madrid. ورقم قميصي المدوّن 1. اسمي الكروي يبدأ بالحرف L.,"FIFA 22 player dataset (2021 snapshot), SoFIFA-based"
fifa22_187052,Yann M'Vila,Y. M'Vila;Yann Gérard M'Vila;Yann M'Vila;M'Vila;يان مفيلا;مفيلا;امفيلا,سنة ميلادي 1990، وطولي المدوّن ببيانات موسم ٢٠٢١–٢٠٢٢ حوالي 182 سم.,قدمي المفضلة اليمنى، ومن مراكزي وسط دفاعي.,جنسيتي الكروية فرنسا، وألعب بمركز وسط دفاعي.,في بيانات موسم ٢٠٢١–٢٠٢٢ كنت مع Olympiacos CFP. ورقم قميصي المدوّن 6. اسمي الكروي يبدأ بالحرف M.,"FIFA 22 player dataset (2021 snapshot), SoFIFA-based"
fifa22_189615,Aaron Cresswell,A. Cresswell;Aaron Cresswell;Cresswell;آرون كريسويل;ارون كريسويل;كريسويل,سنة ميلادي 1989، وطولي المدوّن ببيانات موسم ٢٠٢١–٢٠٢٢ حوالي 175 سم.,قدمي المفضلة اليسرى، ومن مراكزي ظهير أيسر.,جنسيتي الكروية إنكلترا، وألعب بمركز ظهير أيسر.,في بيانات موسم ٢٠٢١–٢٠٢٢ كنت مع West Ham United. ورقم قميصي المدوّن 3. اسمي الكروي يبدأ بالحرف C.,"FIFA 22 player dataset (2021 snapshot), SoFIFA-based"
fifa22_190584,Illarramendi,Illarramendi;Asier Illarramendi Andonegi;Asier Illarramendi;أسيير إيارامندي;اسيير ايارامندي;إيارامندي;ايارامندي,سنة ميلادي 1990، وطولي المدوّن ببيانات موسم ٢٠٢١–٢٠٢٢ حوالي 179 سم.,قدمي المفضلة اليمنى، ومن مراكزي وسط دفاعي.,جنسيتي الكروية إسبانيا، وألعب بمركز وسط دفاعي.,في بيانات موسم ٢٠٢١–٢٠٢٢ كنت مع Real Sociedad. ورقم قميصي المدوّن 4. اسمي الكروي يبدأ بالحرف I.,"FIFA 22 player dataset (2021 snapshot), SoFIFA-based"
fifa22_202935,Álvaro,Álvaro;Álvaro González Soberón;Álvaro Álvaro;ألفارو غونزاليس;الفارو غونزاليس;الفارو,سنة ميلادي 1990، وطولي المدوّن ببيانات موسم ٢٠٢١–٢٠٢٢ حوالي 182 سم.,قدمي المفضلة اليمنى، ومن مراكزي قلب دفاع.,جنسيتي الكروية إسبانيا، وألعب بمركز قلب دفاع.,في بيانات موسم ٢٠٢١–٢٠٢٢ كنت مع Olympique de Marseille. ورقم قميصي المدوّن 3. اسمي الكروي يبدأ بالحرف Á.,"FIFA 22 player dataset (2021 snapshot), SoFIFA-based"
fifa22_198946,Danilo D'Ambrosio,D. D'Ambrosio;Danilo D'Ambrosio;D'Ambrosio;دانيلو دامبروزيو;دامبروزيو,سنة ميلادي 1988، وطولي المدوّن ببيانات موسم ٢٠٢١–٢٠٢٢ حوالي 180 سم.,قدمي المفضلة اليمنى، ومن مراكزي قلب دفاع.,جنسيتي الكروية إيطاليا، وألعب بمركز قلب دفاع.,في بيانات موسم ٢٠٢١–٢٠٢٢ كنت مع Inter. ورقم قميصي المدوّن 33. اسمي الكروي يبدأ بالحرف D.,"FIFA 22 player dataset (2021 snapshot), SoFIFA-based"
fifa22_188042,Matías Suárez,M. Suárez;Matías Ezequiel Suárez;Matías Suárez;Suárez;ماتياس سواريز,سنة ميلادي 1988، وطولي المدوّن ببيانات موسم ٢٠٢١–٢٠٢٢ حوالي 183 سم.,قدمي المفضلة اليمنى، ومن مراكزي رأس حربة.,جنسيتي الكروية الأرجنتين، وألعب بمركز رأس حربة.,في بيانات موسم ٢٠٢١–٢٠٢٢ كنت مع River Plate. ورقم قميصي المدوّن 7. اسمي الكروي يبدأ بالحرف S.,"FIFA 22 player dataset (2021 snapshot), SoFIFA-based"
fifa22_176550,David Ospina,D. Ospina;David Ospina Ramírez;David Ospina;Ospina;دافيد أوسبينا;دافيد اوسبينا;أوسبينا;اوسبينا,سنة ميلادي 1988، وطولي المدوّن ببيانات موسم ٢٠٢١–٢٠٢٢ حوالي 183 سم.,قدمي المفضلة اليمنى، ومن مراكزي حارس مرمى.,جنسيتي الكروية كولومبيا، وألعب بمركز حارس مرمى.,في بيانات موسم ٢٠٢١–٢٠٢٢ كنت مع Napoli. ورقم قميصي المدوّن 25. اسمي الكروي يبدأ بالحرف O.,"FIFA 22 player dataset (2021 snapshot), SoFIFA-based"
fifa22_189560,Iborra,Iborra;Vicente Iborra de la Fuente;Vicente Iborra;فيسنتي إيبورا;فيسنتي ايبورا;إيبورا;ايبورا,سنة ميلادي 1988، وطولي المدوّن ببيانات موسم ٢٠٢١–٢٠٢٢ حوالي 190 سم.,قدمي المفضلة اليمنى، ومن مراكزي وسط دفاعي.,جنسيتي الكروية إسبانيا، وألعب بمركز وسط دفاعي.,في بيانات موسم ٢٠٢١–٢٠٢٢ كنت مع Villarreal CF. ورقم قميصي المدوّن 10. اسمي الكروي يبدأ بالحرف I.,"FIFA 22 player dataset (2021 snapshot), SoFIFA-based"
fifa22_194209,Youssef El Arabi,Y. El Arabi;Youssef El Arabi;El Arabi;يوسف العربي;العربي,سنة ميلادي 1987، وطولي المدوّن ببيانات موسم ٢٠٢١–٢٠٢٢ حوالي 182 سم.,قدمي المفضلة اليمنى، ومن مراكزي رأس حربة.,جنسيتي الكروية المغرب، وألعب بمركز رأس حربة.,في بيانات موسم ٢٠٢١–٢٠٢٢ كنت مع Olympiacos CFP. ورقم قميصي المدوّن 11. اسمي الكروي يبدأ بالحرف E.,"FIFA 22 player dataset (2021 snapshot), SoFIFA-based"
fifa22_138412,James Milner,J. Milner;James Philip Milner;James Milner;Milner;جيمس ميلنر;ميلنر,سنة ميلادي 1986، وطولي المدوّن ببيانات موسم ٢٠٢١–٢٠٢٢ حوالي 175 سم.,قدمي المفضلة اليمنى، ومن مراكزي وسط مركزي.,جنسيتي الكروية إنكلترا، وألعب بمركز وسط مركزي.,في بيانات موسم ٢٠٢١–٢٠٢٢ كنت مع Liverpool. ورقم قميصي المدوّن 7. اسمي الكروي يبدأ بالحرف M.,"FIFA 22 player dataset (2021 snapshot), SoFIFA-based"
fifa22_158121,Benoît Costil,B. Costil;Benoît Costil;Costil;بينوا كوستيل;كوستيل,سنة ميلادي 1987، وطولي المدوّن ببيانات موسم ٢٠٢١–٢٠٢٢ حوالي 187 سم.,قدمي المفضلة اليمنى، ومن مراكزي حارس مرمى.,جنسيتي الكروية فرنسا، وألعب بمركز حارس مرمى.,في بيانات موسم ٢٠٢١–٢٠٢٢ كنت مع FC Girondins de Bordeaux. ورقم قميصي المدوّن 1. اسمي الكروي يبدأ بالحرف C.,"FIFA 22 player dataset (2021 snapshot), SoFIFA-based"
fifa22_194333,Rafał Gikiewicz,R. Gikiewicz;Rafał Gikiewicz;Gikiewicz;رافال جيكيفيتش;جيكيفيتش;جيكيفتش,سنة ميلادي 1987، وطولي المدوّن ببيانات موسم ٢٠٢١–٢٠٢٢ حوالي 190 سم.,قدمي المفضلة اليمنى، ومن مراكزي حارس مرمى.,جنسيتي الكروية بولندا، وألعب بمركز حارس مرمى.,في بيانات موسم ٢٠٢١–٢٠٢٢ كنت مع FC Augsburg. ورقم قميصي المدوّن 1. اسمي الكروي يبدأ بالحرف G.,"FIFA 22 player dataset (2021 snapshot), SoFIFA-based"
fifa22_242516,Cody Gakpo,C. Gakpo;Cody Mathès Gakpo;Cody Gakpo;Gakpo;كودي غاكبو;غاكبو;جاكبو;كاكبو,سنة ميلادي 1999، وطولي المدوّن ببيانات موسم ٢٠٢١–٢٠٢٢ حوالي 189 سم.,قدمي المفضلة اليمنى، ومن مراكزي وسط/جناح أيسر.,جنسيتي الكروية هولندا، وألعب بمركز وسط/جناح أيسر.,في بيانات موسم ٢٠٢١–٢٠٢٢ كنت مع PSV. ورقم قميصي المدوّن 11. اسمي الكروي يبدأ بالحرف G.,"FIFA 22 player dataset (2021 snapshot), SoFIFA-based"
fifa22_232432,Luka Jović,L. Jović;Luka Jović;Jović;لوكا يوفيتش;يوفيتش;يوڤيتش,سنة ميلادي 1997، وطولي المدوّن ببيانات موسم ٢٠٢١–٢٠٢٢ حوالي 182 سم.,قدمي المفضلة اليمنى، ومن مراكزي رأس حربة.,جنسيتي الكروية صربيا، وألعب بمركز رأس حربة.,في بيانات موسم ٢٠٢١–٢٠٢٢ كنت مع Real Madrid CF. ورقم قميصي المدوّن 16. اسمي الكروي يبدأ بالحرف J.,"FIFA 22 player dataset (2021 snapshot), SoFIFA-based"
fifa22_237942,Pervis Estupiñán,P. Estupiñán;Pervis Josué Estupiñán Tenorio;Pervis Estupiñán;Estupiñán;بيرفيس إستوبينيان;بيرفيس استوبينيان;إستوبينيان;استوبينيان,سنة ميلادي 1998، وطولي المدوّن ببيانات موسم ٢٠٢١–٢٠٢٢ حوالي 175 سم.,قدمي المفضلة اليسرى، ومن مراكزي ظهير أيسر.,جنسيتي الكروية الإكوادور، وألعب بمركز ظهير أيسر.,في بيانات موسم ٢٠٢١–٢٠٢٢ كنت مع Villarreal CF. ورقم قميصي المدوّن 12. اسمي الكروي يبدأ بالحرف E.,"FIFA 22 player dataset (2021 snapshot), SoFIFA-based"
fifa22_247204,Emerson,Emerson;Emerson Aparecido Leite de Souza Junior;Emerson Emerson;إيمرسون بالميري;ايمرسون بالميري;إيمرسون;ايمرسون,سنة ميلادي 1999، وطولي المدوّن ببيانات موسم ٢٠٢١–٢٠٢٢ حوالي 181 سم.,قدمي المفضلة اليمنى، ومن مراكزي ظهير أيمن.,جنسيتي الكروية البرازيل، وألعب بمركز ظهير أيمن.,في بيانات موسم ٢٠٢١–٢٠٢٢ كنت مع Tottenham Hotspur. ورقم قميصي المدوّن 12. اسمي الكروي يبدأ بالحرف E.,"FIFA 22 player dataset (2021 snapshot), SoFIFA-based"
fifa22_236480,Yves Bissouma,Y. Bissouma;Yves Bissouma;Bissouma;إيف بيسوما;ايف بيسوما;بيسوما,سنة ميلادي 1996، وطولي المدوّن ببيانات موسم ٢٠٢١–٢٠٢٢ حوالي 182 سم.,قدمي المفضلة اليمنى، ومن مراكزي وسط دفاعي.,جنسيتي الكروية مالي، وألعب بمركز وسط دفاعي.,في بيانات موسم ٢٠٢١–٢٠٢٢ كنت مع Brighton & Hove Albion. ورقم قميصي المدوّن 8. اسمي الكروي يبدأ بالحرف B.,"FIFA 22 player dataset (2021 snapshot), SoFIFA-based"
fifa22_233738,Zubeldia,Zubeldia;Igor Zubeldía Elorza;Igor Zubeldia;إيغور زوبيلديا;ايغور زوبيلديا;زوبيلديا,سنة ميلادي 1997، وطولي المدوّن ببيانات موسم ٢٠٢١–٢٠٢٢ حوالي 181 سم.,قدمي المفضلة اليمنى، ومن مراكزي قلب دفاع.,جنسيتي الكروية إسبانيا، وألعب بمركز قلب دفاع.,في بيانات موسم ٢٠٢١–٢٠٢٢ كنت مع Real Sociedad. ورقم قميصي المدوّن 5. اسمي الكروي يبدأ بالحرف Z.,"FIFA 22 player dataset (2021 snapshot), SoFIFA-based"
fifa22_232665,Mauro Arambarri,M. Arambarri;Mauro Wilney Arambarri Rosa;Mauro Arambarri;Arambarri;ماورو أرامباري;ماورو ارامباري;أرامباري;ارامباري,سنة ميلادي 1995، وطولي المدوّن ببيانات موسم ٢٠٢١–٢٠٢٢ حوالي 175 سم.,قدمي المفضلة اليمنى، ومن مراكزي وسط دفاعي.,جنسيتي الكروية الأوروغواي، وألعب بمركز وسط دفاعي.,في بيانات موسم ٢٠٢١–٢٠٢٢ كنت مع Getafe CF. ورقم قميصي المدوّن 18. اسمي الكروي يبدأ بالحرف A.,"FIFA 22 player dataset (2021 snapshot), SoFIFA-based"
fifa22_210315,De Tomás,De Tomás;Raúl De Tomás Gómez;Raúl De Tomás;راؤول دي توماس;دي توماس;ديتوماس,سنة ميلادي 1994، وطولي المدوّن ببيانات موسم ٢٠٢١–٢٠٢٢ حوالي 180 سم.,قدمي المفضلة اليمنى، ومن مراكزي رأس حربة.,جنسيتي الكروية إسبانيا، وألعب بمركز رأس حربة.,في بيانات موسم ٢٠٢١–٢٠٢٢ كنت مع RCD Espanyol de Barcelona. ورقم قميصي المدوّن 11. اسمي الكروي يبدأ بالحرف D.,"FIFA 22 player dataset (2021 snapshot), SoFIFA-based"
fifa22_235688,Lucas Veríssimo,Lucas Veríssimo;Lucas Veríssimo da Silva;Lucas Lucas Veríssimo;لوكاس فيريسيمو;فيريسيمو,سنة ميلادي 1995، وطولي المدوّن ببيانات موسم ٢٠٢١–٢٠٢٢ حوالي 188 سم.,قدمي المفضلة اليمنى، ومن مراكزي قلب دفاع.,جنسيتي الكروية البرازيل، وألعب بمركز قلب دفاع.,في بيانات موسم ٢٠٢١–٢٠٢٢ كنت مع SL Benfica. ورقم قميصي المدوّن 4. اسمي الكروي يبدأ بالحرف L.,"FIFA 22 player dataset (2021 snapshot), SoFIFA-based"
fifa22_239433,Nemanja Maksimović,N. Maksimović;Nemanja Maksimović;Maksimović;نيمانيا ماكسيموفيتش;ماكسيموفيتش,سنة ميلادي 1995، وطولي المدوّن ببيانات موسم ٢٠٢١–٢٠٢٢ حوالي 189 سم.,قدمي المفضلة اليمنى، ومن مراكزي وسط دفاعي.,جنسيتي الكروية صربيا، وألعب بمركز وسط دفاعي.,في بيانات موسم ٢٠٢١–٢٠٢٢ كنت مع Getafe CF. ورقم قميصي المدوّن 20. اسمي الكروي يبدأ بالحرف M.,"FIFA 22 player dataset (2021 snapshot), SoFIFA-based"
fifa22_220673,Renato Tapia,R. Tapia;Renato Fabrizio Tapia Cortijo;Renato Tapia;Tapia;ريناتو تابيا;تابيا,سنة ميلادي 1995، وطولي المدوّن ببيانات موسم ٢٠٢١–٢٠٢٢ حوالي 185 سم.,قدمي المفضلة اليمنى، ومن مراكزي وسط دفاعي.,جنسيتي الكروية بيرو، وألعب بمركز وسط دفاعي.,في بيانات موسم ٢٠٢١–٢٠٢٢ كنت مع RC Celta de Vigo. ورقم قميصي المدوّن 14. اسمي الكروي يبدأ بالحرف T.,"FIFA 22 player dataset (2021 snapshot), SoFIFA-based"
fifa22_222501,Timothy Castagne,T. Castagne;Timothy Castagne;Castagne;تيموثي كاستاني;كاستاني,سنة ميلادي 1995، وطولي المدوّن ببيانات موسم ٢٠٢١–٢٠٢٢ حوالي 180 سم.,قدمي المفضلة اليمنى، ومن مراكزي ظهير أيمن.,جنسيتي الكروية بلجيكا، وألعب بمركز ظهير أيمن.,في بيانات موسم ٢٠٢١–٢٠٢٢ كنت مع Leicester City. ورقم قميصي المدوّن 27. اسمي الكروي يبدأ بالحرف C.,"FIFA 22 player dataset (2021 snapshot), SoFIFA-based"
fifa22_234035,Odriozola,Odriozola;Álvaro Odriozola Arzalluz;Álvaro Odriozola;ألفارو أودريوزولا;الفارو اودريوزولا;أودريوزولا;اودريوزولا,سنة ميلادي 1995، وطولي المدوّن ببيانات موسم ٢٠٢١–٢٠٢٢ حوالي 176 سم.,قدمي المفضلة اليمنى، ومن مراكزي ظهير أيمن.,جنسيتي الكروية إسبانيا، وألعب بمركز ظهير أيمن.,في بيانات موسم ٢٠٢١–٢٠٢٢ كنت مع Fiorentina. ورقم قميصي المدوّن 29. اسمي الكروي يبدأ بالحرف O.,"FIFA 22 player dataset (2021 snapshot), SoFIFA-based"
fifa22_235073,Gregor Kobel,G. Kobel;Gregor Kobel;Kobel;غريغور كوبيل;جريجور كوبيل;كوبيل;كوبل,سنة ميلادي 1997، وطولي المدوّن ببيانات موسم ٢٠٢١–٢٠٢٢ حوالي 195 سم.,قدمي المفضلة اليمنى، ومن مراكزي حارس مرمى.,جنسيتي الكروية سويسرا، وألعب بمركز حارس مرمى.,في بيانات موسم ٢٠٢١–٢٠٢٢ كنت مع Borussia Dortmund. ورقم قميصي المدوّن 1. اسمي الكروي يبدأ بالحرف K.,"FIFA 22 player dataset (2021 snapshot), SoFIFA-based"
fifa22_213516,Ricardo Horta,Ricardo Horta;Ricardo Jorge da Luz Horta;Ricardo Ricardo Horta;ريكاردو هورتا;هورتا,سنة ميلادي 1994، وطولي المدوّن ببيانات موسم ٢٠٢١–٢٠٢٢ حوالي 173 سم.,قدمي المفضلة اليمنى، ومن مراكزي مهاجم مساند.,جنسيتي الكروية البرتغال، وألعب بمركز مهاجم مساند.,في بيانات موسم ٢٠٢١–٢٠٢٢ كنت مع SC Braga. ورقم قميصي المدوّن 21. اسمي الكروي يبدأ بالحرف R.,"FIFA 22 player dataset (2021 snapshot), SoFIFA-based"
fifa22_210897,Chancel Mbemba,C. Mbemba;Chancel Mbemba Mangulu;Chancel Mbemba;Mbemba;شانسيل مبيمبا;مبيمبا;مبمبا,سنة ميلادي 1994، وطولي المدوّن ببيانات موسم ٢٠٢١–٢٠٢٢ حوالي 182 سم.,قدمي المفضلة اليمنى، ومن مراكزي قلب دفاع.,جنسيتي الكروية Congo DR، وألعب بمركز قلب دفاع.,في بيانات موسم ٢٠٢١–٢٠٢٢ كنت مع FC Porto. ورقم قميصي المدوّن 19. اسمي الكروي يبدأ بالحرف M.,"FIFA 22 player dataset (2021 snapshot), SoFIFA-based"
fifa22_212382,Paul Onuachu,P. Onuachu;Paul Ebere Onuachu;Paul Onuachu;Onuachu;بول أونواتشو;بول اونواتشو;أونواتشو;اونواتشو,سنة ميلادي 1994، وطولي المدوّن ببيانات موسم ٢٠٢١–٢٠٢٢ حوالي 201 سم.,قدمي المفضلة اليمنى، ومن مراكزي رأس حربة.,جنسيتي الكروية نيجيريا، وألعب بمركز رأس حربة.,في بيانات موسم ٢٠٢١–٢٠٢٢ كنت مع KRC Genk. ورقم قميصي المدوّن 18. اسمي الكروي يبدأ بالحرف O.,"FIFA 22 player dataset (2021 snapshot), SoFIFA-based"
fifa22_228520,Luis Ávila,E. Ávila;Luis Ezequiel Ávila;Luis Ávila;Ávila;تشيمي أفيلا;تشيمي افيلا;تشي مي افيلا,سنة ميلادي 1994، وطولي المدوّن ببيانات موسم ٢٠٢١–٢٠٢٢ حوالي 172 سم.,قدمي المفضلة اليسرى، ومن مراكزي رأس حربة.,جنسيتي الكروية الأرجنتين، وألعب بمركز رأس حربة.,في بيانات موسم ٢٠٢١–٢٠٢٢ كنت مع CA Osasuna. ورقم قميصي المدوّن 9. اسمي الكروي يبدأ بالحرف Á.,"FIFA 22 player dataset (2021 snapshot), SoFIFA-based"
fifa22_202648,Sergi Darder,Sergi Darder;Sergi Darder Moll;Sergi Sergi Darder;سيرجي داردير;داردير,سنة ميلادي 1993، وطولي المدوّن ببيانات موسم ٢٠٢١–٢٠٢٢ حوالي 180 سم.,قدمي المفضلة اليمنى، ومن مراكزي وسط مركزي.,جنسيتي الكروية إسبانيا، وألعب بمركز وسط مركزي.,في بيانات موسم ٢٠٢١–٢٠٢٢ كنت مع RCD Espanyol de Barcelona. ورقم قميصي المدوّن 10. اسمي الكروي يبدأ بالحرف S.,"FIFA 22 player dataset (2021 snapshot), SoFIFA-based"
fifa22_226300,Uğurcan Çakır,U. Çakır;Uğurcan Çakır;Çakır;أوغورجان تشاكير;اوغورجان تشاكير;تشاكير;شاكير,سنة ميلادي 1996، وطولي المدوّن ببيانات موسم ٢٠٢١–٢٠٢٢ حوالي 191 سم.,قدمي المفضلة اليمنى، ومن مراكزي حارس مرمى.,جنسيتي الكروية تركيا، وألعب بمركز حارس مرمى.,في بيانات موسم ٢٠٢١–٢٠٢٢ كنت مع Trabzonspor. ورقم قميصي المدوّن 1. اسمي الكروي يبدأ بالحرف Ç.,"FIFA 22 player dataset (2021 snapshot), SoFIFA-based"
fifa22_211022,Rubén García,Rubén García;Rubén García Santos;Rubén Rubén García;روبن غارسيا,سنة ميلادي 1993، وطولي المدوّن ببيانات موسم ٢٠٢١–٢٠٢٢ حوالي 171 سم.,قدمي المفضلة اليسرى، ومن مراكزي وسط/جناح أيسر.,جنسيتي الكروية إسبانيا، وألعب بمركز وسط/جناح أيسر.,في بيانات موسم ٢٠٢١–٢٠٢٢ كنت مع CA Osasuna. ورقم قميصي المدوّن 14. اسمي الكروي يبدأ بالحرف R.,"FIFA 22 player dataset (2021 snapshot), SoFIFA-based"
fifa22_226221,Aritz Elustondo,Aritz Elustondo;Aritz Elustondo Irribaria;Aritz Aritz Elustondo;أريتز إلوستوندو;اريتز الوستوندو;إلوستوندو;الوستوندو,سنة ميلادي 1994، وطولي المدوّن ببيانات موسم ٢٠٢١–٢٠٢٢ حوالي 180 سم.,قدمي المفضلة اليمنى، ومن مراكزي قلب دفاع.,جنسيتي الكروية إسبانيا، وألعب بمركز قلب دفاع.,في بيانات موسم ٢٠٢١–٢٠٢٢ كنت مع Real Sociedad. ورقم قميصي المدوّن 6. اسمي الكروي يبدأ بالحرف A.,"FIFA 22 player dataset (2021 snapshot), SoFIFA-based"
fifa22_241788,Mehdi Taremi,M. Taremi;Mehdi Taremi;Taremi;مهدي طارمي;طارمي;تارمي,سنة ميلادي 1992، وطولي المدوّن ببيانات موسم ٢٠٢١–٢٠٢٢ حوالي 187 سم.,قدمي المفضلة اليمنى، ومن مراكزي رأس حربة.,جنسيتي الكروية إيران، وألعب بمركز رأس حربة.,في بيانات موسم ٢٠٢١–٢٠٢٢ كنت مع FC Porto. ورقم قميصي المدوّن 9. اسمي الكروي يبدأ بالحرف T.,"FIFA 22 player dataset (2021 snapshot), SoFIFA-based"
fifa22_192123,Christopher Wood,C. Wood;Christopher Grant Wood;Christopher Wood;Wood;كريس وود,سنة ميلادي 1991، وطولي المدوّن ببيانات موسم ٢٠٢١–٢٠٢٢ حوالي 191 سم.,قدمي المفضلة اليمنى، ومن مراكزي رأس حربة.,جنسيتي الكروية نيوزيلندا، وألعب بمركز رأس حربة.,في بيانات موسم ٢٠٢١–٢٠٢٢ كنت مع Burnley. ورقم قميصي المدوّن 9. اسمي الكروي يبدأ بالحرف W.,"FIFA 22 player dataset (2021 snapshot), SoFIFA-based"
fifa22_202048,Conor Coady,C. Coady;Conor Coady;Coady;كونور كوادي;كوادي;كودي,سنة ميلادي 1993، وطولي المدوّن ببيانات موسم ٢٠٢١–٢٠٢٢ حوالي 186 سم.,قدمي المفضلة اليمنى، ومن مراكزي قلب دفاع.,جنسيتي الكروية إنكلترا، وألعب بمركز قلب دفاع.,في بيانات موسم ٢٠٢١–٢٠٢٢ كنت مع Wolverhampton Wanderers. ورقم قميصي المدوّن 16. اسمي الكروي يبدأ بالحرف C.,"FIFA 22 player dataset (2021 snapshot), SoFIFA-based"
fifa22_208165,Berat Djimsiti,B. Djimsiti;Berat Djimsiti;Djimsiti;بيرات ديمسيتي;ديمسيتي;جيمسيتي,سنة ميلادي 1993، وطولي المدوّن ببيانات موسم ٢٠٢١–٢٠٢٢ حوالي 190 سم.,قدمي المفضلة اليمنى، ومن مراكزي قلب دفاع.,جنسيتي الكروية ألبانيا، وألعب بمركز قلب دفاع.,في بيانات موسم ٢٠٢١–٢٠٢٢ كنت مع Atalanta. ورقم قميصي المدوّن 19. اسمي الكروي يبدأ بالحرف D.,"FIFA 22 player dataset (2021 snapshot), SoFIFA-based"
fifa22_214047,Andrés Uribe,M. Uribe;Andrés Mateus Uribe Villa;Andrés Uribe;Uribe;ماتيوس أوريبي;ماتيوس اوريبي;أوريبي;اوريبي,سنة ميلادي 1991، وطولي المدوّن ببيانات موسم ٢٠٢١–٢٠٢٢ حوالي 182 سم.,قدمي المفضلة اليمنى، ومن مراكزي وسط مركزي.,جنسيتي الكروية كولومبيا، وألعب بمركز وسط مركزي.,في بيانات موسم ٢٠٢١–٢٠٢٢ كنت مع FC Porto. ورقم قميصي المدوّن 8. اسمي الكروي يبدأ بالحرف U.,"FIFA 22 player dataset (2021 snapshot), SoFIFA-based"
fifa22_211241,Rubén Peña,Rubén Peña;Rubén Peña Jiménez;Rubén Rubén Peña;روبن بينيا,سنة ميلادي 1991، وطولي المدوّن ببيانات موسم ٢٠٢١–٢٠٢٢ حوالي 170 سم.,قدمي المفضلة اليمنى، ومن مراكزي ظهير أيمن.,جنسيتي الكروية إسبانيا، وألعب بمركز ظهير أيمن.,في بيانات موسم ٢٠٢١–٢٠٢٢ كنت مع Villarreal CF. ورقم قميصي المدوّن 20. اسمي الكروي يبدأ بالحرف R.,"FIFA 22 player dataset (2021 snapshot), SoFIFA-based"
fifa22_208104,Matheus,Matheus;Matheus Lima Magalhães;Matheus Matheus;ماتيوس حارس براغا;ماتيوس,سنة ميلادي 1992، وطولي المدوّن ببيانات موسم ٢٠٢١–٢٠٢٢ حوالي 190 سم.,قدمي المفضلة اليمنى، ومن مراكزي حارس مرمى.,جنسيتي الكروية البرازيل، وألعب بمركز حارس مرمى.,في بيانات موسم ٢٠٢١–٢٠٢٢ كنت مع SC Braga. ورقم قميصي المدوّن 1. اسمي الكروي يبدأ بالحرف M.,"FIFA 22 player dataset (2021 snapshot), SoFIFA-based"
fifa22_212442,José Sá,José Sá;José Pedro Malheiro de Sá;José José Sá;جوزيه سا;خوسيه سا,سنة ميلادي 1993، وطولي المدوّن ببيانات موسم ٢٠٢١–٢٠٢٢ حوالي 192 سم.,قدمي المفضلة اليمنى، ومن مراكزي حارس مرمى.,جنسيتي الكروية البرتغال، وألعب بمركز حارس مرمى.,في بيانات موسم ٢٠٢١–٢٠٢٢ كنت مع Wolverhampton Wanderers. ورقم قميصي المدوّن 1. اسمي الكروي يبدأ بالحرف J.,"FIFA 22 player dataset (2021 snapshot), SoFIFA-based"
fifa22_202750,Willy-Arnaud Boly,W. Boly;Willy-Arnaud Zobo Boly;Willy-Arnaud Boly;Boly;ويلي بولي;بولي,سنة ميلادي 1991، وطولي المدوّن ببيانات موسم ٢٠٢١–٢٠٢٢ حوالي 195 سم.,قدمي المفضلة اليمنى، ومن مراكزي قلب دفاع.,جنسيتي الكروية ساحل العاج، وألعب بمركز قلب دفاع.,في بيانات موسم ٢٠٢١–٢٠٢٢ كنت مع Wolverhampton Wanderers. ورقم قميصي المدوّن 15. اسمي الكروي يبدأ بالحرف B.,"FIFA 22 player dataset (2021 snapshot), SoFIFA-based"
fifa22_223578,Mata,Mata;Jaime Mata Arnaiz;Jaime Mata;خوان ماتا;ماتا,سنة ميلادي 1988، وطولي المدوّن ببيانات موسم ٢٠٢١–٢٠٢٢ حوالي 185 سم.,قدمي المفضلة اليمنى، ومن مراكزي رأس حربة.,جنسيتي الكروية إسبانيا، وألعب بمركز رأس حربة.,في بيانات موسم ٢٠٢١–٢٠٢٢ كنت مع Getafe CF. ورقم قميصي المدوّن 7. اسمي الكروي يبدأ بالحرف M.,"FIFA 22 player dataset (2021 snapshot), SoFIFA-based"
fifa22_204234,Edgar Badia,Edgar Badia;Edgar Badia Guardiola;Edgar Edgar Badia;إدغار باديا;ادغار باديا;باديا,سنة ميلادي 1992، وطولي المدوّن ببيانات موسم ٢٠٢١–٢٠٢٢ حوالي 180 سم.,قدمي المفضلة اليمنى، ومن مراكزي حارس مرمى.,جنسيتي الكروية إسبانيا، وألعب بمركز حارس مرمى.,في بيانات موسم ٢٠٢١–٢٠٢٢ كنت مع Elche CF. ورقم قميصي المدوّن 13. اسمي الكروي يبدأ بالحرف E.,"FIFA 22 player dataset (2021 snapshot), SoFIFA-based"
fifa22_206413,Taras Stepanenko,T. Stepanenko;Taras Stepanenko;Stepanenko;تاراس ستيبانينكو;ستيبانينكو,سنة ميلادي 1989، وطولي المدوّن ببيانات موسم ٢٠٢١–٢٠٢٢ حوالي 181 سم.,قدمي المفضلة اليسرى، ومن مراكزي وسط دفاعي.,جنسيتي الكروية أوكرانيا، وألعب بمركز وسط دفاعي.,في بيانات موسم ٢٠٢١–٢٠٢٢ كنت مع Shakhtar Donetsk. ورقم قميصي المدوّن 6. اسمي الكروي يبدأ بالحرف S.,"FIFA 22 player dataset (2021 snapshot), SoFIFA-based"
fifa22_189682,Ben Mee,B. Mee;Ben Mee;بن مي,سنة ميلادي 1989، وطولي المدوّن ببيانات موسم ٢٠٢١–٢٠٢٢ حوالي 180 سم.,قدمي المفضلة اليسرى، ومن مراكزي قلب دفاع.,جنسيتي الكروية إنكلترا، وألعب بمركز قلب دفاع.,في بيانات موسم ٢٠٢١–٢٠٢٢ كنت مع Burnley. ورقم قميصي المدوّن 6. اسمي الكروي يبدأ بالحرف M.,"FIFA 22 player dataset (2021 snapshot), SoFIFA-based"
fifa22_188041,Rafael Carioca,Rafael Carioca;Rafael de Souza Pereira;Rafael Rafael Carioca;رافاييل كاريوكا;رافائيل كاريوكا;كاريوكا,سنة ميلادي 1989، وطولي المدوّن ببيانات موسم ٢٠٢١–٢٠٢٢ حوالي 181 سم.,قدمي المفضلة اليمنى، ومن مراكزي وسط دفاعي.,جنسيتي الكروية البرازيل، وألعب بمركز وسط دفاعي.,في بيانات موسم ٢٠٢١–٢٠٢٢ كنت مع Tigres U.A.N.L.. ورقم قميصي المدوّن 5. اسمي الكروي يبدأ بالحرف R.,"FIFA 22 player dataset (2021 snapshot), SoFIFA-based"
fifa22_190745,Marco Silvestri,M. Silvestri;Marco Silvestri;Silvestri;ماركو سيلفيستري;سيلفيستري;سيلفيسترى,سنة ميلادي 1991، وطولي المدوّن ببيانات موسم ٢٠٢١–٢٠٢٢ حوالي 191 سم.,قدمي المفضلة اليمنى، ومن مراكزي حارس مرمى.,جنسيتي الكروية إيطاليا، وألعب بمركز حارس مرمى.,في بيانات موسم ٢٠٢١–٢٠٢٢ كنت مع Udinese Calcio. ورقم قميصي المدوّن 1. اسمي الكروي يبدأ بالحرف S.,"FIFA 22 player dataset (2021 snapshot), SoFIFA-based"
fifa22_186682,Montoro,Montoro;Ángel Montoro Sánchez;Ángel Montoro;أنخيل مونتورو;انخيل مونتورو;مونتورو,سنة ميلادي 1988، وطولي المدوّن ببيانات موسم ٢٠٢١–٢٠٢٢ حوالي 181 سم.,قدمي المفضلة اليمنى، ومن مراكزي وسط دفاعي.,جنسيتي الكروية إسبانيا، وألعب بمركز وسط دفاعي.,في بيانات موسم ٢٠٢١–٢٠٢٢ كنت مع Granada CF. ورقم قميصي المدوّن 19. اسمي الكروي يبدأ بالحرف M.,"FIFA 22 player dataset (2021 snapshot), SoFIFA-based"
fifa22_192906,Luis Rodríguez,L. Rodríguez;Luis Miguel Rodríguez;Luis Rodríguez;Rodríguez;لويس رودريغيز;لويس رودريجيز,سنة ميلادي 1985، وطولي المدوّن ببيانات موسم ٢٠٢١–٢٠٢٢ حوالي 168 سم.,قدمي المفضلة اليمنى، ومن مراكزي رأس حربة.,جنسيتي الكروية الأرجنتين، وألعب بمركز رأس حربة.,في بيانات موسم ٢٠٢١–٢٠٢٢ كنت مع Gimnasia y Esgrima La Plata. ورقم قميصي المدوّن 8. اسمي الكروي يبدأ بالحرف R.,"FIFA 22 player dataset (2021 snapshot), SoFIFA-based"
fifa22_198230,Germán,Germán;Germán Sánchez Barahona;Germán Germán;خيرمان سانشيز;جيرمان سانشيز;خيرمان,سنة ميلادي 1986، وطولي المدوّن ببيانات موسم ٢٠٢١–٢٠٢٢ حوالي 187 سم.,قدمي المفضلة اليمنى، ومن مراكزي قلب دفاع.,جنسيتي الكروية إسبانيا، وألعب بمركز قلب دفاع.,في بيانات موسم ٢٠٢١–٢٠٢٢ كنت مع Granada CF. ورقم قميصي المدوّن 6. اسمي الكروي يبدأ بالحرف G.,"FIFA 22 player dataset (2021 snapshot), SoFIFA-based"
